t,node,Va,Vb,Vc,Ia,Ib,Ic
0,1,-503.103625,-6579.721982,7082.825607,-503.103625,-6579.721982,7082.825607
0.0001,1,-112.806322,-6104.829172,6225.151081,-112.806322,-6104.829172,6225.151081
0.0002,1,-28.478647,-6618.514573,6687.65651,-28.478647,-6618.514573,6687.65651
0.0003,1,205.232513,-7150.909524,7067.843687,205.232513,-7150.909524,7067.843687
0.0004,1,608.635167,-7140.535854,6769.341524,608.635167,-7140.535854,6769.341524
0.0005,1,860.667802,-6852.354228,6288.81991,860.667802,-6852.354228,6288.81991
0.0006,1,1004.14309,-7085.441266,6343.959165,1004.14309,-7085.441266,6343.959165
0.0007,1,1281.092642,-7545.527802,6496.264727,1281.092642,-7545.527802,6496.264727
0.0008,1,1585.254193,-7432.073538,6106.544222,1585.254193,-7432.073538,6106.544222
0.0009,1,1829.651703,-7191.915366,5662.925133,1829.651703,-7191.915366,5662.925133
0.001,1,2018.174782,-7512.250939,5824.307918,2018.174782,-7512.250939,5824.307918
0.0011,1,2273.26297,-7798.695304,5852.376609,2273.26297,-7798.695304,5852.376609
0.0012,1,2594.738816,-7565.668763,5286.941079,2594.738816,-7565.668763,5286.941079
0.0013,1,2777.433481,-7486.401767,5059.843203,2777.433481,-7486.401767,5059.843203
0.0014,1,2968.449338,-7774.41113,5191.711086,2968.449338,-7774.41113,5191.711086
0.0015,1,3270.232236,-7885.854417,4991.184339,3270.232236,-7885.854417,4991.184339
0.0016,1,3514.628602,-7678.044345,4529.623793,3514.628602,-7678.044345,4529.623793
0.0017,1,3695.310354,-7610.365483,4329.6744,3695.310354,-7610.365483,4329.6744
0.0018,1,3910.099713,-7896.172805,4426.347441,3910.099713,-7896.172805,4426.347441
0.0019,1,4162.491708,-7889.57817,4126.182279,4162.491708,-7889.57817,4126.182279
0.002,1,4403.947279,-7613.418524,3634.45373,4403.947279,-7613.418524,3634.45373
0.0021,1,4569.851581,-7688.681827,3595.192049,4569.851581,-7688.681827,3595.192049
0.0022,1,4747.466788,-7847.04227,3558.851948,4747.466788,-7847.04227,3558.851948
0.0023,1,5031.508576,-7729.326489,3141.027927,5031.508576,-7729.326489,3141.027927
0.0024,1,5209.595211,-7527.009492,2795.404581,5209.595211,-7527.009492,2795.404581
0.0025,1,5343.20409,-7573.101878,2741.363361,5343.20409,-7573.101878,2741.363361
0.0026,1,5567.753674,-7677.623221,2589.830245,5567.753674,-7677.623221,2589.830245
0.0027,1,5770.634281,-7480.335812,2196.323537,5770.634281,-7480.335812,2196.323537
0.0028,1,5943.092124,-7284.789951,1863.885102,5943.092124,-7284.789951,1863.885102
0.0029,1,6064.134832,-7377.782821,1833.054838,6064.134832,-7377.782821,1833.054838
0.003,1,6248.140474,-7354.091598,1626.591835,6248.140474,-7354.091598,1626.591835
0.0031,1,6465.362243,-7098.529122,1144.32692,6465.362243,-7098.529122,1144.32692
0.0032,1,6558.202406,-6996.884477,980.938278,6558.202406,-6996.884477,980.938278
0.0033,1,6678.410415,-7001.720629,873.300444,6678.410415,-7001.720629,873.300444
0.0034,1,6874.741328,-6909.745654,560.968335,6874.741328,-6909.745654,560.968335
0.0035,1,7005.253406,-6668.908819,204.870126,7005.253406,-6668.908819,204.870126
0.0036,1,7090.473794,-6578.593156,0.668161,7090.473794,-6578.593156,0.668161
0.0037,1,7156.178597,-6565.319188,-163.540261,7156.178597,-6565.319188,-163.540261
0.0038,1,7270.212665,-6422.805201,-545.440958,7270.212665,-6422.805201,-545.440958
0.0039,1,7380.973406,-6206.406982,-941.506976,7380.973406,-6206.406982,-941.506976
0.004,1,7409.046251,-6130.063726,-1037.519991,7409.046251,-6130.063726,-1037.519991
0.0041,1,7497.723007,-6030.332001,-1187.155536,7497.723007,-6030.332001,-1187.155536
0.0042,1,7671.214837,-5764.746776,-1595.447358,7671.214837,-5764.746776,-1595.447358
0.0043,1,7715.773346,-5569.173312,-1860.070284,7715.773346,-5569.173312,-1860.070284
0.0044,1,7696.208654,-5495.299502,-1985.898841,7696.208654,-5495.299502,-1985.898841
0.0045,1,7767.793293,-5353.223285,-2234.20687,7767.793293,-5353.223285,-2234.20687
0.0046,1,7878.706323,-5082.386883,-2583.930467,7878.706323,-5082.386883,-2583.930467
0.0047,1,7900.61771,-4871.293768,-2825.490722,7900.61771,-4871.293768,-2825.490722
0.0048,1,7856.099067,-4788.808722,-2930.918131,7856.099067,-4788.808722,-2930.918131
0.0049,1,7914.544409,-4583.160102,-3190.336634,7914.544409,-4583.160102,-3190.336634
0.005,1,8001.789463,-4283.608536,-3550.599136,8001.789463,-4283.608536,-3550.599136
0.0051,1,7946.917775,-4119.181527,-3716.626078,7946.917775,-4119.181527,-3716.626078
0.0052,1,7885.692775,-3995.929883,-3832.820224,7885.692775,-3995.929883,-3832.820224
0.0053,1,7953.889756,-3731.171828,-4137.823195,7953.889756,-3731.171828,-4137.823195
0.0054,1,7968.967132,-3449.71287,-4421.878917,7968.967132,-3449.71287,-4421.878917
0.0055,1,7868.754358,-3292.643658,-4555.673111,7868.754358,-3292.643658,-4555.673111
0.0056,1,7822.895728,-3119.486231,-4705.537577,7822.895728,-3119.486231,-4705.537577
0.0057,1,7839.432386,-2835.812845,-4970.264462,7839.432386,-2835.812845,-4970.264462
0.0058,1,7815.448289,-2561.138123,-5253.068484,7815.448289,-2561.138123,-5253.068484
0.0059,1,7681.360215,-2408.090765,-5326.184496,7681.360215,-2408.090765,-5326.184496
0.006,1,7610.290741,-2201.945509,-5468.367279,7610.290741,-2201.945509,-5468.367279
0.0061,1,7628.904576,-1880.493749,-5786.309405,7628.904576,-1880.493749,-5786.309405
0.0062,1,7517.729487,-1654.174015,-5943.406365,7517.729487,-1654.174015,-5943.406365
0.0063,1,7371.033262,-1476.464103,-6020.994097,7371.033262,-1476.464103,-6020.994097
0.0064,1,7309.910387,-1228.477434,-6194.912024,7309.910387,-1228.477434,-6194.912024
0.0065,1,7253.291491,-932.908295,-6441.265477,7253.291491,-932.908295,-6441.265477
0.0066,1,7126.566962,-696.010618,-6581.21633,7126.566962,-696.010618,-6581.21633
0.0067,1,6951.357164,-523.623208,-6620.46889,6951.357164,-523.623208,-6620.46889
0.0068,1,6864.62164,-249.671749,-6798.045698,6864.62164,-249.671749,-6798.045698
0.0069,1,6778.321519,52.028829,-6972.922914,6778.321519,52.028829,-6972.922914
0.007,1,6692.557398,266.896565,-7005.43935,6692.557398,266.896565,-7005.43935
0.0071,1,6555.32515,593.269561,-7062.920704,6555.32515,593.269561,-7062.920704
0.0072,1,6401.858376,941.798251,-7221.348831,6401.858376,941.798251,-7221.348831
0.0073,1,6284.784028,1077.051717,-7328.3385,6284.784028,1077.051717,-7328.3385
0.0074,1,6111.749209,1234.450629,-7391.988434,6111.749209,1234.450629,-7391.988434
0.0075,1,5874.014754,1585.273019,-7511.660325,5874.014754,1585.273019,-7511.660325
0.0076,1,5732.309979,1840.519615,-7615.703599,5732.309979,1840.519615,-7615.703599
0.0077,1,5621.410907,2011.505046,-7650.210643,5621.410907,2011.505046,-7650.210643
0.0078,1,5433.651602,2264.342949,-7657.457617,5433.651602,2264.342949,-7657.457617
0.0079,1,5212.822489,2572.167565,-7735.880243,5212.822489,2572.167565,-7735.880243
0.008,1,5027.515789,2804.315948,-7835.287085,5027.515789,2804.315948,-7835.287085
0.0081,1,4872.755064,2941.360717,-7836.196012,4872.755064,2941.360717,-7836.196012
0.0082,1,4645.682122,3180.586819,-7836.725168,4645.682122,3180.586819,-7836.725168
0.0083,1,4396.312288,3496.596303,-7910.728854,4396.312288,3496.596303,-7910.728854
0.0084,1,4236.462272,3688.34293,-7932.475299,4236.462272,3688.34293,-7932.475299
0.0085,1,4068.586886,3833.533924,-7879.066198,4068.586886,3833.533924,-7879.066198
0.0086,1,3793.26162,4106.612332,-7883.705939,3793.26162,4106.612332,-7883.705939
0.0087,1,3551.86813,4359.341219,-7920.945322,3551.86813,4359.341219,-7920.945322
0.0088,1,3382.414448,4511.627713,-7899.599979,3382.414448,4511.627713,-7899.599979
0.0089,1,3154.829597,4681.917811,-7837.715262,3154.829597,4681.917811,-7837.715262
0.009,1,2887.695068,4906.807422,-7804.97604,2887.695068,4906.807422,-7804.97604
0.0091,1,2645.302315,5170.803351,-7816.404677,2645.302315,5170.803351,-7816.404677
0.0092,1,2465.409284,5284.767657,-7738.895262,2465.409284,5284.767657,-7738.895262
0.0093,1,2226.654357,5421.723655,-7645.855652,2226.654357,5421.723655,-7645.855652
0.0094,1,1919.802854,5696.912652,-7621.107039,1919.802854,5696.912652,-7621.107039
0.0095,1,1711.113765,5855.77447,-7568.14926,1711.113765,5855.77447,-7568.14926
0.0096,1,1505.536165,5960.457695,-7466.612648,1505.536165,5960.457695,-7466.612648
0.0097,1,1229.43165,6124.683097,-7357.832433,1229.43165,6124.683097,-7357.832433
0.0098,1,958.577415,6332.028678,-7290.292997,958.577415,6332.028678,-7290.292997
0.0099,1,732.974429,6486.321624,-7215.198681,732.974429,6486.321624,-7215.198681
0.01,1,518.622194,6552.129657,-7069.726153,518.622194,6552.129657,-7069.726153
0.0101,1,238.85965,6699.304,-6940.328608,238.85965,6699.304,-6940.328608
0.0102,1,-43.621192,6907.450561,-6865.393827,-43.621192,6907.450561,-6865.393827
0.0103,1,-245.185109,6981.58294,-6734.989012,-245.185109,6981.58294,-6734.989012
0.0104,1,-475.933093,7036.751473,-6562.092311,-475.933093,7036.751473,-6562.092311
0.0105,1,-774.937135,7205.430614,-6432.313941,-774.937135,7205.430614,-6432.313941
0.0106,1,-1018.354783,7329.60497,-6307.90606,-1018.354783,7329.60497,-6307.90606
0.0107,1,-1228.446339,7385.0257,-6155.689695,-1228.446339,7385.0257,-6155.689695
0.0108,1,-1476.650554,7433.566976,-5960.345253,-1476.650554,7433.566976,-5960.345253
0.0109,1,-1750.594069,7554.53996,-5803.248958,-1750.594069,7554.53996,-5803.248958
0.011,1,-1996.550133,7670.236047,-5671.631292,-1996.550133,7670.236047,-5671.631292
0.0111,1,-2192.016714,7658.121735,-5468.867438,-2192.016714,7658.121735,-5468.867438
0.0112,1,-2439.672613,7699.074398,-5259.803209,-2439.672613,7699.074398,-5259.803209
0.0113,1,-2719.372457,7823.188345,-5100.589099,-2719.372457,7823.188345,-5100.589099
0.0114,1,-2924.254165,7848.386377,-4925.511037,-2924.254165,7848.386377,-4925.511037
0.0115,1,-3124.554528,7824.346674,-4701.834896,-3124.554528,7824.346674,-4701.834896
0.0116,1,-3380.183055,7868.934601,-4486.404248,-3380.183055,7868.934601,-4486.404248
0.0117,1,-3621.654128,7924.319387,-4302.76129,-3621.654128,7924.319387,-4302.76129
0.0118,1,-3819.179633,7927.578095,-4110.65642,-3819.179633,7927.578095,-4110.65642
0.0119,1,-4013.477963,7876.639053,-3861.570871,-4013.477963,7876.639053,-3861.570871
0.012,1,-4248.547497,7880.381588,-3630.882791,-4248.547497,7880.381588,-3630.882791
0.0121,1,-4486.235289,7939.966135,-3455.621779,-4486.235289,7939.966135,-3455.621779
0.0122,1,-4642.52123,7857.355071,-3214.241692,-4642.52123,7857.355071,-3214.241692
0.0123,1,-4834.07281,7795.424674,-2960.547207,-4834.07281,7795.424674,-2960.547207
0.0124,1,-5073.949389,7812.610047,-2739.685782,-5073.949389,7812.610047,-2739.685782
0.0125,1,-5248.460142,7772.518016,-2523.95452,-5248.460142,7772.518016,-2523.95452
0.0126,1,-5409.708766,7696.182033,-2286.028171,-5409.708766,7696.182033,-2286.028171
0.0127,1,-5588.270886,7601.762241,-2013.566778,-5588.270886,7601.762241,-2013.566778
0.0128,1,-5790.343532,7579.314863,-1789.366488,-5790.343532,7579.314863,-1789.366488
0.0129,1,-5955.810972,7530.060739,-1573.801611,-5955.810972,7530.060739,-1573.801611
0.013,1,-6077.835065,7381.905476,-1304.34953,-6077.835065,7381.905476,-1304.34953
0.0131,1,-6251.009866,7290.565175,-1039.60776,-6251.009866,7290.565175,-1039.60776
0.0132,1,-6432.227292,7254.568749,-821.862545,-6432.227292,7254.568749,-821.862545
0.0133,1,-6547.187911,7127.313686,-580.98823,-6547.187911,7127.313686,-580.98823
0.0134,1,-6662.746366,6974.778755,-311.232803,-6662.746366,6974.778755,-311.232803
0.0135,1,-6821.266777,6877.043568,-55.814612,-6821.266777,6877.043568,-55.814612
0.0136,1,-6953.334336,6778.634554,173.973215,-6953.334336,6778.634554,173.973215
0.0137,1,-7050.049897,6642.372548,408.334967,-7050.049897,6642.372548,408.334967
0.0138,1,-7143.769302,6453.970938,689.916396,-7143.769302,6453.970938,689.916396
0.0139,1,-7268.94982,6331.517423,936.871664,-7268.94982,6331.517423,936.871664
0.014,1,-7383.367231,6234.006757,1149.456998,-7383.367231,6234.006757,1149.456998
0.0141,1,-7428.138945,6018.371681,1410.488378,-7428.138945,6018.371681,1410.488378
0.0142,1,-7512.461973,5839.573427,1672.164742,-7512.461973,5839.573427,1672.164742
0.0143,1,-7618.787312,5714.425805,1904.230859,-7618.787312,5714.425805,1904.230859
0.0144,1,-7669.344942,5541.601722,2128.588757,-7669.344942,5541.601722,2128.588757
0.0145,1,-7709.398903,5336.365511,2372.531253,-7709.398903,5336.365511,2372.531253
0.0146,1,-7763.423585,5130.962422,2632.032854,-7763.423585,5130.962422,2632.032854
0.0147,1,-7828.706283,4978.923594,2850.666039,-7828.706283,4978.923594,2850.666039
0.0148,1,-7857.675882,4799.195926,3058.185142,-7857.675882,4799.195926,3058.185142
0.0149,1,-7855.403364,4543.640752,3311.210101,-7855.403364,4543.640752,3311.210101
0.015,1,-7890.169579,4343.585033,3547.381492,-7890.169579,4343.585033,3547.381492
0.0151,1,-7930.471705,4190.472968,3739.754679,-7930.471705,4190.472968,3739.754679
0.0152,1,-7901.11589,3941.516186,3959.287913,-7901.11589,3941.516186,3959.287913
0.0153,1,-7889.368051,3703.834011,4185.901167,-7889.368051,3703.834011,4185.901167
0.0154,1,-7900.458083,3499.495533,4401.005506,-7900.458083,3499.495533,4401.005506
0.0155,1,-7882.778197,3293.906888,4588.61641,-7882.778197,3293.906888,4588.61641
0.0156,1,-7843.45548,3065.992022,4777.556641,-7843.45548,3065.992022,4777.556641
0.0157,1,-7790.798567,2784.237913,5006.859381,-7790.798567,2784.237913,5006.859381
0.0158,1,-7776.0417,2589.743829,5185.902772,-7776.0417,2589.743829,5185.902772
0.0159,1,-7731.767691,2381.599157,5350.329668,-7731.767691,2381.599157,5350.329668
0.016,1,-7639.607194,2097.220808,5542.667018,-7639.607194,2097.220808,5542.667018
0.0161,1,-7582.353013,1849.692898,5732.203756,-7582.353013,1849.692898,5732.203756
0.0162,1,-7533.345592,1644.058828,5889.593189,-7533.345592,1644.058828,5889.593189
0.0163,1,-7438.960156,1398.591412,6040.509889,-7438.960156,1398.591412,6040.509889
0.0164,1,-7335.841851,1129.644243,6205.773337,-7335.841851,1129.644243,6205.773337
0.0165,1,-7247.821482,875.17876,6373.052221,-7247.821482,875.17876,6373.052221
0.0166,1,-7161.552055,656.435698,6505.065911,-7161.552055,656.435698,6505.065911
0.0167,1,-7045.647866,422.017581,6623.427031,-7045.647866,422.017581,6623.427031
0.0168,1,-6904.502589,121.529992,6783.20798,-6904.502589,121.529992,6783.20798
0.0169,1,-6798.917779,-110.881104,6909.771874,-6798.917779,-110.881104,6909.771874
0.017,1,-6689.702823,-316.954661,7006.672078,-6689.702823,-316.954661,7006.672078
0.0171,1,-6520.828214,-602.479155,7123.115826,-6520.828214,-602.479155,7123.115826
0.0172,1,-6378.972652,-856.704132,7236.113979,-6378.972652,-856.704132,7236.113979
0.0173,1,-6246.015216,-1093.847733,7339.571372,-6246.015216,-1093.847733,7339.571372
0.0174,1,-6090.876831,-1320.089051,7410.852359,-6090.876831,-1320.089051,7410.852359
0.0175,1,-5918.838423,-1571.430014,7490.799939,-5918.838423,-1571.430014,7490.799939
0.0176,1,-5738.350611,-1853.208012,7591.075035,-5738.350611,-1853.208012,7591.075035
0.0177,1,-5591.680249,-2055.742095,7647.585002,-5591.680249,-2055.742095,7647.585002
0.0178,1,-5412.325049,-2278.29092,7690.794106,-5412.325049,-2278.29092,7690.794106
0.0179,1,-5202.159426,-2554.602912,7756.634687,-5202.159426,-2554.602912,7756.634687
0.018,1,-5022.636458,-2789.622027,7812.183024,-5022.636458,-2789.622027,7812.183024
0.0181,1,-4848.849809,-2987.1302,7836.229353,-4848.849809,-2987.1302,7836.229353
0.0182,1,-4633.129583,-3227.738889,7860.763005,-4633.129583,-3227.738889,7860.763005
0.0183,1,-4422.349848,-3463.541186,7885.821743,-4422.349848,-3463.541186,7885.821743
0.0184,1,-4219.934666,-3696.666909,7916.775779,-4219.934666,-3696.666909,7916.775779
0.0185,1,-4020.823522,-3885.24175,7906.031671,-4020.823522,-3885.24175,7906.031671
0.0186,1,-3799.00116,-4093.201783,7892.174029,-3799.00116,-4093.201783,7892.174029
0.0187,1,-3556.494096,-4351.956208,7908.424408,-3556.494096,-4351.956208,7908.424408
0.0188,1,-3356.191236,-4528.660141,7885.145666,-3356.191236,-4528.660141,7885.145666
0.0189,1,-3138.630272,-4709.184646,7847.402284,-3138.630272,-4709.184646,7847.402284
0.019,1,-2883.90689,-4932.442866,7816.692862,-2883.90689,-4932.442866,7816.692862
0.0191,1,-2655.635258,-5130.403363,7786.046389,-2655.635258,-5130.403363,7786.046389
0.0192,1,-2432.389905,-5307.24634,7739.361227,-2432.389905,-5307.24634,7739.361227
0.0193,1,-2195.387231,-5472.686606,7668.47724,-2195.387231,-5472.686606,7668.47724
0.0194,1,-1944.445509,-5661.326371,7605.524891,-1944.445509,-5661.326371,7605.524891
0.0195,1,-1696.369565,-5857.383111,7553.856732,-1696.369565,-5857.383111,7553.856732
0.0196,1,-1473.721052,-5991.296674,7465.03865,-1473.721052,-5991.296674,7465.03865
0.0197,1,-1226.799307,-6137.190811,7364.00598,-1226.799307,-6137.190811,7364.00598
0.0198,1,-958.327744,-6329.302768,7287.663948,-958.327744,-6329.302768,7287.663948
0.0199,1,-723.362768,-6466.883663,7190.160082,-723.362768,-6466.883663,7190.160082
0.02,1,-491.428404,-6582.088808,7073.727881,-491.428404,-6582.088808,7073.727881
0.0201,1,73.168486,-6924.524498,6851.221323,73.168486,-6924.524498,6851.221323
0.0202,1,116.489298,-6907.263315,6790.756435,116.489298,-6907.263315,6790.756435
0.0203,1,80.543213,-6863.798601,6783.500961,80.543213,-6863.798601,6783.500961
0.0204,1,405.135523,-7011.584897,6606.221081,405.135523,-7011.584897,6606.221081
0.0205,1,977.164568,-7316.745202,6339.660845,977.164568,-7316.745202,6339.660845
0.0206,1,1104.162926,-7366.334239,6262.360783,1104.162926,-7366.334239,6262.360783
0.0207,1,1021.86414,-7234.006569,6211.892097,1021.86414,-7234.006569,6211.892097
0.0208,1,1448.828448,-7423.350454,5974.72324,1448.828448,-7423.350454,5974.72324
0.0209,1,2004.486204,-7716.603065,5712.107339,2004.486204,-7716.603065,5712.107339
0.021,1,1993.063412,-7626.06518,5632.952282,1993.063412,-7626.06518,5632.952282
0.0211,1,1930.346236,-7486.872352,5556.627609,1930.346236,-7486.872352,5556.627609
0.0212,1,2588.236451,-7811.370441,5223.056979,2588.236451,-7811.370441,5223.056979
0.0213,1,2884.952015,-7892.681524,5007.899345,2884.952015,-7892.681524,5007.899345
0.0214,1,2814.342774,-7762.8126,4948.286852,2814.342774,-7762.8126,4948.286852
0.0215,1,3020.21915,-7757.308604,4737.260618,3020.21915,-7757.308604,4737.260618
0.0216,1,3439.180764,-7895.204737,4456.046322,3439.180764,-7895.204737,4456.046322
0.0217,1,3843.685397,-8056.568123,4212.735248,3843.685397,-8056.568123,4212.735248
0.0218,1,3644.846976,-7787.932882,4143.308572,3644.846976,-7787.932882,4143.308572
0.0219,1,3861.996892,-7775.678431,3913.606425,3861.996892,-7775.678431,3913.606425
0.022,1,4521.772015,-8061.062527,3539.241915,4521.772015,-8061.062527,3539.241915
0.0221,1,4479.86034,-7897.622088,3417.922827,4479.86034,-7897.622088,3417.922827
0.0222,1,4509.130775,-7763.486373,3254.289042,4509.130775,-7763.486373,3254.289042
0.0223,1,4785.238072,-7767.082284,2981.817721,4785.238072,-7767.082284,2981.817721
0.0224,1,5263.31424,-7908.429334,2645.281183,5263.31424,-7908.429334,2645.281183
0.0225,1,5261.450905,-7772.764397,2511.151864,5261.450905,-7772.764397,2511.151864
0.0226,1,5227.761935,-7561.635997,2334.059424,5227.761935,-7561.635997,2334.059424
0.0227,1,5601.727816,-7600.984913,1999.130681,5601.727816,-7600.984913,1999.130681
0.0228,1,5990.602494,-7705.445533,1714.965344,5990.602494,-7705.445533,1714.965344
0.0229,1,5905.140148,-7464.948302,1559.819734,5905.140148,-7464.948302,1559.819734
0.023,1,5851.187713,-7234.382427,1383.066675,5851.187713,-7234.382427,1383.066675
0.0231,1,6433.872405,-7403.613053,970.041435,6433.872405,-7403.613053,970.041435
0.0232,1,6504.64794,-7272.214834,767.281732,6504.64794,-7272.214834,767.281732
0.0233,1,6446.572335,-7061.216415,614.839419,6446.572335,-7061.216415,614.839419
0.0234,1,6578.143338,-6907.001726,328.902603,6578.143338,-6907.001726,328.902603
0.0235,1,6877.629889,-6895.756983,17.962223,6877.629889,-6895.756983,17.962223
0.0236,1,7139.606046,-6893.562706,-245.804999,7139.606046,-6893.562706,-245.804999
0.0237,1,6814.555423,-6474.833361,-339.856962,6814.555423,-6474.833361,-339.856962
0.0238,1,7110.047459,-6419.375324,-690.599084,7110.047459,-6419.375324,-690.599084
0.0239,1,7435.321088,-6433.893635,-1001.385305,7435.321088,-6433.893635,-1001.385305
0.024,1,7394.175595,-6217.6566,-1176.578983,7394.175595,-6217.6566,-1176.578983
0.0241,1,7250.429557,-5906.41803,-1343.870402,7250.429557,-5906.41803,-1343.870402
0.0242,1,7534.025375,-5838.291961,-1695.860128,7534.025375,-5838.291961,-1695.860128
0.0243,1,7748.995347,-5774.945186,-1973.9174,7748.995347,-5774.945186,-1973.9174
0.0244,1,7632.841079,-5526.69838,-2106.149633,7632.841079,-5526.69838,-2106.149633
0.0245,1,7587.622321,-5241.661266,-2346.014337,7587.622321,-5241.661266,-2346.014337
0.0246,1,7731.903735,-5093.544275,-2638.238216,7731.903735,-5093.544275,-2638.238216
0.0247,1,8060.03434,-5121.176381,-2938.875268,8060.03434,-5121.176381,-2938.875268
0.0248,1,7693.807812,-4690.655856,-3003.218578,7693.807812,-4690.655856,-3003.218578
0.0249,1,7732.224275,-4454.937641,-3277.096497,7732.224275,-4454.937641,-3277.096497
0.025,1,8038.231226,-4422.742587,-3615.632982,8038.231226,-4422.742587,-3615.632982
0.0251,1,7933.878726,-4179.211915,-3754.582781,7933.878726,-4179.211915,-3754.582781
0.0252,1,7856.525045,-3927.772273,-3928.671687,7856.525045,-3927.772273,-3928.671687
0.0253,1,7739.805592,-3589.832133,-4150.121274,7739.805592,-3589.832133,-4150.121274
0.0254,1,8046.171863,-3564.361082,-4481.569084,8046.171863,-3564.361082,-4481.569084
0.0255,1,7923.188207,-3340.206226,-4583.198818,7923.188207,-3340.206226,-4583.198818
0.0256,1,7691.453498,-2961.145436,-4730.087352,7691.453498,-2961.145436,-4730.087352
0.0257,1,7736.435787,-2733.734703,-5002.801109,7736.435787,-2733.734703,-5002.801109
0.0258,1,7925.129092,-2672.082341,-5253.032642,7925.129092,-2672.082341,-5253.032642
0.0259,1,7719.152085,-2380.666459,-5338.346731,7719.152085,-2380.666459,-5338.346731
0.026,1,7447.201205,-1985.863064,-5461.489034,7447.201205,-1985.863064,-5461.489034
0.0261,1,7673.245684,-1876.043041,-5797.062223,7673.245684,-1876.043041,-5797.062223
0.0262,1,7547.41945,-1646.939947,-5900.471033,7547.41945,-1646.939947,-5900.471033
0.0263,1,7471.120301,-1445.10518,-6026.08896,7471.120301,-1445.10518,-6026.08896
0.0264,1,7156.732303,-1009.094436,-6147.498305,7156.732303,-1009.094436,-6147.498305
0.0265,1,7278.23954,-865.656278,-6412.629564,7278.23954,-865.656278,-6412.629564
0.0266,1,7323.180028,-771.336535,-6551.863234,7323.180028,-771.336535,-6551.863234
0.0267,1,6870.770273,-330.393936,-6540.222535,6870.770273,-330.393936,-6540.222535
0.0268,1,6853.762624,-78.803062,-6775.133833,6853.762624,-78.803062,-6775.133833
0.0269,1,6862.152801,88.36034,-6950.294962,6862.152801,88.36034,-6950.294962
0.027,1,6741.174183,275.488224,-7016.799109,6741.174183,275.488224,-7016.799109
0.0271,1,6413.005652,637.170304,-7050.095369,6413.005652,637.170304,-7050.095369
0.0272,1,6314.911149,923.069348,-7237.900897,6314.911149,923.069348,-7237.900897
0.0273,1,6322.471525,1058.873608,-7381.4983,6322.471525,1058.873608,-7381.4983
0.0274,1,6140.636865,1254.009921,-7394.411783,6140.636865,1254.009921,-7394.411783
0.0275,1,5779.593897,1652.309088,-7432.052416,5779.593897,1652.309088,-7432.052416
0.0276,1,5683.994553,1903.941127,-7587.869086,5683.994553,1903.941127,-7587.869086
0.0277,1,5759.358499,1952.295995,-7711.555728,5759.358499,1952.295995,-7711.555728
0.0278,1,5324.075149,2304.507209,-7628.718722,5324.075149,2304.507209,-7628.718722
0.0279,1,5116.624386,2598.057198,-7714.512452,5116.624386,2598.057198,-7714.512452
0.028,1,5045.258071,2797.687479,-7843.014527,5045.258071,2797.687479,-7843.014527
0.0281,1,4897.994763,2949.970236,-7847.940033,4897.994763,2949.970236,-7847.940033
0.0282,1,4638.527039,3185.124032,-7823.575469,4638.527039,3185.124032,-7823.575469
0.0283,1,4266.222218,3569.045601,-7835.33515,4266.222218,3569.045601,-7835.33515
0.0284,1,4283.421014,3674.360195,-7957.687765,4283.421014,3674.360195,-7957.687765
0.0285,1,4124.291734,3793.403863,-7917.705829,4124.291734,3793.403863,-7917.705829
0.0286,1,3662.259088,4160.002961,-7822.279861,3662.259088,4160.002961,-7822.279861
0.0287,1,3519.146234,4377.297893,-7896.338285,3519.146234,4377.297893,-7896.338285
0.0288,1,3416.482077,4502.601013,-7919.151895,3416.482077,4502.601013,-7919.151895
0.0289,1,3186.916977,4655.406151,-7842.285755,3186.916977,4655.406151,-7842.285755
0.029,1,2765.134218,4976.959721,-7741.979566,2765.134218,4976.959721,-7741.979566
0.0291,1,2649.89681,5155.83204,-7805.913205,2649.89681,5155.83204,-7805.913205
0.0292,1,2465.836095,5282.755466,-7748.326936,2465.836095,5282.755466,-7748.326936
0.0293,1,2268.396671,5394.40407,-7662.983874,2268.396671,5394.40407,-7662.983874
0.0294,1,1789.233154,5748.293672,-7537.420835,1789.233154,5748.293672,-7537.420835
0.0295,1,1688.90199,5874.69925,-7563.532307,1688.90199,5874.69925,-7563.532307
0.0296,1,1628.988368,5883.889311,-7513.024265,1628.988368,5883.889311,-7513.024265
0.0297,1,1098.607822,6189.251803,-7287.616296,1098.607822,6189.251803,-7287.616296
0.0298,1,953.315232,6323.185175,-7276.700095,953.315232,6323.185175,-7276.700095
0.0299,1,695.222367,6496.973317,-7192.025951,695.222367,6496.973317,-7192.025951
0.03,1,589.666516,6509.254286,-7098.950302,589.666516,6509.254286,-7098.950302
0.0301,1,177.756205,6720.774238,-6898.564657,177.756205,6720.774238,-6898.564657
0.0302,1,-128.163985,6937.387333,-6809.096184,-128.163985,6937.387333,-6809.096184
0.0303,1,-191.295702,6949.565416,-6758.347431,-191.295702,6949.565416,-6758.347431
0.0304,1,-449.636338,7014.872025,-6565.191069,-449.636338,7014.872025,-6565.191069
0.0305,1,-850.103814,7225.349035,-6375.167957,-850.103814,7225.349035,-6375.167957
0.0306,1,-1084.833835,7359.395199,-6274.651197,-1084.833835,7359.395199,-6274.651197
0.0307,1,-1128.168576,7317.150135,-6188.86961,-1128.168576,7317.150135,-6188.86961
0.0308,1,-1524.190523,7452.187687,-5927.999731,-1524.190523,7452.187687,-5927.999731
0.0309,1,-1796.172193,7561.834827,-5765.718624,-1796.172193,7561.834827,-5765.718624
0.031,1,-2018.019072,7665.837964,-5647.649115,-2018.019072,7665.837964,-5647.649115
0.0311,1,-2164.709464,7640.979793,-5476.430761,-2164.709464,7640.979793,-5476.430761
0.0312,1,-2394.932993,7658.258727,-5263.161246,-2394.932993,7658.258727,-5263.161246
0.0313,1,-2871.885901,7884.179012,-5012.335944,-2871.885901,7884.179012,-5012.335944
0.0314,1,-2858.743779,7806.728756,-4948.015474,-2858.743779,7806.728756,-4948.015474
0.0315,1,-3083.079182,7791.501549,-4708.257461,-3083.079182,7791.501549,-4708.257461
0.0316,1,-3444.218523,7883.459753,-4439.415621,-3444.218523,7883.459753,-4439.415621
0.0317,1,-3648.108596,7924.251201,-4275.95631,-3648.108596,7924.251201,-4275.95631
0.0318,1,-3817.270052,7916.262026,-4099.055563,-3817.270052,7916.262026,-4099.055563
0.0319,1,-3947.453726,7827.26717,-3879.819785,-3947.453726,7827.26717,-3879.819785
0.032,1,-4327.110327,7907.896307,-3580.66358,-4327.110327,7907.896307,-3580.66358
0.0321,1,-4502.589156,7926.176458,-3423.691668,-4502.589156,7926.176458,-3423.691668
0.0322,1,-4628.310878,7847.904636,-3219.494436,-4628.310878,7847.904636,-3219.494436
0.0323,1,-4763.151696,7739.655535,-2976.491258,-4763.151696,7739.655535,-2976.491258
0.0324,1,-5183.844656,7848.474896,-2664.674325,-5183.844656,7848.474896,-2664.674325
0.0325,1,-5248.11487,7767.835277,-2519.609845,-5248.11487,7767.835277,-2519.609845
0.0326,1,-5323.685227,7630.381101,-2306.746379,-5323.685227,7630.381101,-2306.746379
0.0327,1,-5652.746898,7627.486954,-1974.720653,-5652.746898,7627.486954,-1974.720653
0.0328,1,-5771.786802,7547.153249,-1775.262098,-5771.786802,7547.153249,-1775.262098
0.0329,1,-6019.239073,7551.821164,-1532.718364,-6019.239073,7551.821164,-1532.718364
0.033,1,-5977.20057,7320.73747,-1343.347127,-5977.20057,7320.73747,-1343.347127
0.0331,1,-6275.658994,7284.349323,-1008.791292,-6275.658994,7284.349323,-1008.791292
0.0332,1,-6507.40894,7275.210271,-767.770654,-6507.40894,7275.210271,-767.770654
0.0333,1,-6488.052733,7091.121479,-602.939938,-6488.052733,7091.121479,-602.939938
0.0334,1,-6629.854662,6942.220017,-312.545511,-6629.854662,6942.220017,-312.545511
0.0335,1,-6853.489324,6875.441467,-21.716555,-6853.489324,6875.441467,-21.716555
0.0336,1,-6989.632779,6786.57793,202.912518,-6989.632779,6786.57793,202.912518
0.0337,1,-6995.001565,6601.157309,393.918105,-6995.001565,6601.157309,393.918105
0.0338,1,-7125.625076,6433.658408,692.041745,-7125.625076,6433.658408,692.041745
0.0339,1,-7295.544023,6328.89464,966.532974,-7295.544023,6328.89464,966.532974
0.034,1,-7402.480928,6226.895357,1175.759986,-7402.480928,6226.895357,1175.759986
0.0341,1,-7398.935644,6003.276058,1395.558502,-7398.935644,6003.276058,1395.558502
0.0342,1,-7431.006768,5776.928545,1654.143587,-7431.006768,5776.928545,1654.143587
0.0343,1,-7750.088617,5767.551302,1982.583139,-7750.088617,5767.551302,1982.583139
0.0344,1,-7587.228616,5493.746345,2093.43227,-7587.228616,5493.746345,2093.43227
0.0345,1,-7693.030322,5314.829199,2378.276263,-7693.030322,5314.829199,2378.276263
0.0346,1,-7763.922782,5121.702374,2642.241083,-7763.922782,5121.702374,2642.241083
0.0347,1,-7833.119302,4963.546243,2869.513641,-7833.119302,4963.546243,2869.513641
0.0348,1,-7890.048924,4811.444692,3078.752258,-7890.048924,4811.444692,3078.752258
0.0349,1,-7741.775245,4477.238948,3264.428227,-7741.775245,4477.238948,3264.428227
0.035,1,-7952.952765,4362.488005,3590.546927,-7952.952765,4362.488005,3590.546927
0.0351,1,-7925.60682,4171.721733,3753.939695,-7925.60682,4171.721733,3753.939695
0.0352,1,-7894.892872,3943.359879,3951.417756,-7894.892872,3943.359879,3951.417756
0.0353,1,-7801.887257,3643.250747,4158.84583,-7801.887257,3643.250747,4158.84583
0.0354,1,-7973.766474,3524.677711,4448.921134,-7973.766474,3524.677711,4448.921134
0.0355,1,-7865.33171,3282.832671,4582.639381,-7865.33171,3282.832671,4582.639381
0.0356,1,-7794.442271,3029.850372,4764.587242,-7794.442271,3029.850372,4764.587242
0.0357,1,-7795.391619,2787.490249,5007.847721,-7795.391619,2787.490249,5007.847721
0.0358,1,-7743.218533,2553.071699,5190.292044,-7743.218533,2553.071699,5190.292044
0.0359,1,-7806.32931,2419.819458,5386.40846,-7806.32931,2419.819458,5386.40846
0.036,1,-7524.153692,2038.53987,5485.688723,-7524.153692,2038.53987,5485.688723
0.0361,1,-7590.224784,1840.663579,5749.613149,-7590.224784,1840.663579,5749.613149
0.0362,1,-7583.093493,1662.499419,5920.504585,-7583.093493,1662.499419,5920.504585
0.0363,1,-7379.709617,1369.171277,6010.689242,-7379.709617,1369.171277,6010.689242
0.0364,1,-7326.317061,1122.265833,6203.973745,-7326.317061,1122.265833,6203.973745
0.0365,1,-7213.983751,848.485717,6365.531762,-7213.983751,848.485717,6365.531762
0.0366,1,-7211.217795,679.304394,6532.005578,-7211.217795,679.304394,6532.005578
0.0367,1,-6996.63977,394.73295,6601.792476,-6996.63977,394.73295,6601.792476
0.0368,1,-6877.426149,112.055106,6765.527128,-6877.426149,112.055106,6765.527128
0.0369,1,-6785.853849,-129.478984,6915.264276,-6785.853849,-129.478984,6915.264276
0.037,1,-6733.004894,-297.494294,7030.520433,-6733.004894,-297.494294,7030.520433
0.0371,1,-6469.464719,-617.809708,7087.371898,-6469.464719,-617.809708,7087.371898
0.0372,1,-6321.077371,-896.613912,7217.587308,-6321.077371,-896.613912,7217.587308
0.0373,1,-6321.357896,-1056.348808,7377.83175,-6321.357896,-1056.348808,7377.83175
0.0374,1,-6028.45689,-1349.737063,7378.176932,-6028.45689,-1349.737063,7378.176932
0.0375,1,-5928.299464,-1566.320101,7494.575493,-5928.299464,-1566.320101,7494.575493
0.0376,1,-5688.410904,-1874.383859,7562.95958,-5688.410904,-1874.383859,7562.95958
0.0377,1,-5608.846754,-2056.823153,7665.507922,-5608.846754,-2056.823153,7665.507922
0.0378,1,-5442.022416,-2255.300521,7697.491995,-5442.022416,-2255.300521,7697.491995
0.0379,1,-5105.478487,-2598.049963,7703.476944,-5105.478487,-2598.049963,7703.476944
0.038,1,-5052.332839,-2779.548337,7831.871843,-5052.332839,-2779.548337,7831.871843
0.0381,1,-4856.931824,-2983.499468,7840.553439,-4856.931824,-2983.499468,7840.553439
0.0382,1,-4613.407829,-3227.660894,7840.957137,-4613.407829,-3227.660894,7840.957137
0.0383,1,-4380.283033,-3485.132374,7865.534893,-4380.283033,-3485.132374,7865.534893
0.0384,1,-4227.167363,-3692.328193,7919.479903,-4227.167363,-3692.328193,7919.479903
0.0385,1,-4036.488953,-3874.333635,7910.803101,-4036.488953,-3874.333635,7910.803101
0.0386,1,-3763.461672,-4107.803472,7871.364386,-3763.461672,-4107.803472,7871.364386
0.0387,1,-3544.197464,-4346.535798,7890.678401,-3544.197464,-4346.535798,7890.678401
0.0388,1,-3324.456717,-4554.398927,7878.891338,-3324.456717,-4554.398927,7878.891338
0.0389,1,-3212.023241,-4662.063453,7874.167959,-3212.023241,-4662.063453,7874.167959
0.039,1,-2788.385815,-4971.030075,7759.304505,-2788.385815,-4971.030075,7759.304505
0.0391,1,-2660.679371,-5130.229234,7791.078223,-2660.679371,-5130.229234,7791.078223
0.0392,1,-2465.773254,-5284.156699,7749.834654,-2465.773254,-5284.156699,7749.834654
0.0393,1,-2147.374749,-5493.187992,7640.611659,-2147.374749,-5493.187992,7640.611659
0.0394,1,-1970.973983,-5637.942075,7608.999908,-1970.973983,-5637.942075,7608.999908
0.0395,1,-1621.056711,-5892.739649,7513.680119,-1621.056711,-5892.739649,7513.680119
0.0396,1,-1543.130511,-5954.318687,7497.616644,-1543.130511,-5954.318687,7497.616644
0.0397,1,-1191.869831,-6146.701531,7338.487574,-1191.869831,-6146.701531,7338.487574
0.0398,1,-930.76122,-6331.545923,7262.338464,-930.76122,-6331.545923,7262.338464
0.0399,1,-717.127879,-6471.625312,7188.855342,-717.127879,-6471.625312,7188.855342
0.04,1,-521.231012,-6562.071946,7083.172051,-521.231012,-6562.071946,7083.172051
0.0401,1,-200.781887,-6728.390118,6929.349103,-200.781887,-6728.390118,6929.349103
0.0402,1,67.484953,-6883.559696,6815.983875,67.484953,-6883.559696,6815.983875
0.0403,1,225.151756,-6962.408149,6737.2981,225.151756,-6962.408149,6737.2981
0.0404,1,545.069262,-7094.660438,6549.67251,545.069262,-7094.660438,6549.67251
0.0405,1,732.10932,-7161.202401,6428.99771,732.10932,-7161.202401,6428.99771
0.0406,1,1087.494271,-7344.186251,6256.821502,1087.494271,-7344.186251,6256.821502
0.0407,1,1227.554543,-7379.372094,6151.775218,1227.554543,-7379.372094,6151.775218
0.0408,1,1448.850096,-7423.102064,5974.2606,1448.850096,-7423.102064,5974.2606
0.0409,1,1846.183041,-7597.142345,5751.042861,1846.183041,-7597.142345,5751.042861
0.041,1,1936.781276,-7600.620422,5663.780432,1936.781276,-7600.620422,5663.780432
0.0411,1,2246.827751,-7692.150125,5445.378636,2246.827751,-7692.150125,5445.378636
0.0412,1,2435.094308,-7707.122862,5272.084875,2435.094308,-7707.122862,5272.084875
0.0413,1,2736.097584,-7794.465249,5058.268033,2736.097584,-7794.465249,5058.268033
0.0414,1,2946.709782,-7844.518241,4897.994445,2946.709782,-7844.518241,4897.994445
0.0415,1,3116.754434,-7827.495249,4710.596675,3116.754434,-7827.495249,4710.596675
0.0416,1,3402.623948,-7868.551912,4466.047949,3402.623948,-7868.551912,4466.047949
0.0417,1,3625.226122,-7904.74233,4279.528539,3625.226122,-7904.74233,4279.528539
0.0418,1,3859.887709,-7930.393087,4070.436494,3859.887709,-7930.393087,4070.436494
0.0419,1,3950.056706,-7842.043989,3892.148811,3950.056706,-7842.043989,3892.148811
0.042,1,4349.43254,-7935.998928,3586.443427,4349.43254,-7935.998928,3586.443427
0.0421,1,4421.712412,-7860.912022,3439.304854,4421.712412,-7860.912022,3439.304854
0.0422,1,4685.080181,-7877.023088,3191.955699,4685.080181,-7877.023088,3191.955699
0.0423,1,4843.024707,-7807.044439,2963.972537,4843.024707,-7807.044439,2963.972537
0.0424,1,5043.639133,-7768.178127,2724.653901,5043.639133,-7768.178127,2724.653901
0.0425,1,5317.096617,-7791.726819,2474.573771,5317.096617,-7791.726819,2474.573771
0.0426,1,5357.728108,-7656.453442,2298.755916,5357.728108,-7656.453442,2298.755916
0.0427,1,5613.393479,-7615.417489,2002.105005,5613.393479,-7615.417489,2002.105005
0.0428,1,5810.746047,-7574.32082,1763.478343,5810.746047,-7574.32082,1763.478343
0.0429,1,5937.234801,-7485.876632,1548.780496,5937.234801,-7485.876632,1548.780496
0.043,1,6090.808302,-7392.038084,1301.173626,6090.808302,-7392.038084,1301.173626
0.0431,1,6250.739438,-7291.635276,1040.910959,6250.739438,-7291.635276,1040.910959
0.0432,1,6441.676164,-7222.897703,781.319872,6441.676164,-7222.897703,781.319872
0.0433,1,6536.849385,-7109.836279,572.884261,6536.849385,-7109.836279,572.884261
0.0434,1,6685.150681,-6987.944502,302.919659,6685.150681,-6987.944502,302.919659
0.0435,1,6783.352123,-6841.968105,58.591654,6783.352123,-6841.968105,58.591654
0.0436,1,7001.242288,-6785.511019,-215.759812,7001.242288,-6785.511019,-215.759812
0.0437,1,7026.715775,-6609.337517,-417.234757,7026.715775,-6609.337517,-417.234757
0.0438,1,7115.565531,-6441.127259,-674.579129,7115.565531,-6441.127259,-674.579129
0.0439,1,7337.749246,-6363.930833,-973.664424,7337.749246,-6363.930833,-973.664424
0.044,1,7299.781063,-6149.171737,-1150.654249,7299.781063,-6149.171737,-1150.654249
0.0441,1,7497.739975,-6056.930704,-1440.819184,7497.739975,-6056.930704,-1440.819184
0.0442,1,7460.520135,-5813.863166,-1646.535018,7460.520135,-5813.863166,-1646.535018
0.0443,1,7632.967032,-5696.265203,-1936.817329,7632.967032,-5696.265203,-1936.817329
0.0444,1,7683.444128,-5535.317087,-2147.997694,7683.444128,-5535.317087,-2147.997694
0.0445,1,7673.778181,-5307.88257,-2365.925675,7673.778181,-5307.88257,-2365.925675
0.0446,1,7780.095946,-5140.467682,-2639.632716,7780.095946,-5140.467682,-2639.632716
0.0447,1,7817.510132,-4957.261586,-2860.160065,7817.510132,-4957.261586,-2860.160065
0.0448,1,7866.859335,-4777.125491,-3089.787052,7866.859335,-4777.125491,-3089.787052
0.0449,1,7814.304335,-4527.163227,-3287.095044,7814.304335,-4527.163227,-3287.095044
0.045,1,7935.370818,-4368.4302,-3566.88124,7935.370818,-4368.4302,-3566.88124
0.0451,1,7875.722542,-4128.163279,-3747.642229,7875.722542,-4128.163279,-3747.642229
0.0452,1,7929.451931,-3953.61131,-3975.698103,7929.451931,-3953.61131,-3975.698103
0.0453,1,7877.338408,-3697.392243,-4180.023256,7877.338408,-3697.392243,-4180.023256
0.0454,1,7856.249121,-3463.582745,-4392.623356,7856.249121,-3463.582745,-4392.623356
0.0455,1,7951.808252,-3320.754503,-4630.974234,7951.808252,-3320.754503,-4630.974234
0.0456,1,7753.196702,-2996.973735,-4756.331099,7753.196702,-2996.973735,-4756.331099
0.0457,1,7838.827685,-2822.041395,-5016.623421,7838.827685,-2822.041395,-5016.623421
0.0458,1,7750.535463,-2566.895387,-5183.72807,7750.535463,-2566.895387,-5183.72807
0.0459,1,7715.005528,-2344.830114,-5370.129819,7715.005528,-2344.830114,-5370.129819
0.046,1,7653.640883,-2110.21823,-5543.342428,7653.640883,-2110.21823,-5543.342428
0.0461,1,7546.740565,-1831.888551,-5714.958702,7546.740565,-1831.888551,-5714.958702
0.0462,1,7547.083568,-1634.350207,-5912.576335,7547.083568,-1634.350207,-5912.576335
0.0463,1,7417.031227,-1377.008392,-6040.103534,7417.031227,-1377.008392,-6040.103534
0.0464,1,7340.875511,-1129.509372,-6211.321995,7340.875511,-1129.509372,-6211.321995
0.0465,1,7206.7584,-853.736071,-6352.954708,7206.7584,-853.736071,-6352.954708
0.0466,1,7199.363795,-669.795062,-6529.644132,7199.363795,-669.795062,-6529.644132
0.0467,1,6997.16601,-372.662767,-6624.393984,6997.16601,-372.662767,-6624.393984
0.0468,1,6900.317176,-131.521476,-6768.821637,6900.317176,-131.521476,-6768.821637
0.0469,1,6821.015528,97.909636,-6918.928721,6821.015528,97.909636,-6918.928721
0.047,1,6618.475924,381.114472,-6999.496158,6618.475924,381.114472,-6999.496158
0.0471,1,6584.903076,561.878734,-7146.853442,6584.903076,561.878734,-7146.853442
0.0472,1,6300.659705,901.93361,-7202.519836,6300.659705,901.93361,-7202.519836
0.0473,1,6271.015576,1081.611752,-7352.591822,6271.015576,1081.611752,-7352.591822
0.0474,1,6086.020375,1331.334422,-7417.433611,6086.020375,1331.334422,-7417.433611
0.0475,1,5874.615719,1607.475772,-7481.921308,5874.615719,1607.475772,-7481.921308
0.0476,1,5760.630951,1826.096137,-7586.865407,5760.630951,1826.096137,-7586.865407
0.0477,1,5557.998729,2079.938457,-7637.810226,5557.998729,2079.938457,-7637.810226
0.0478,1,5417.14286,2294.223911,-7711.373622,5417.14286,2294.223911,-7711.373622
0.0479,1,5171.918822,2560.753369,-7732.714415,5171.918822,2560.753369,-7732.714415
0.048,1,5034.874274,2778.604675,-7813.344113,5034.874274,2778.604675,-7813.344113
0.0481,1,4806.002563,3021.909203,-7828.015744,4806.002563,3021.909203,-7828.015744
0.0482,1,4657.329148,3214.374996,-7871.605443,4657.329148,3214.374996,-7871.605443
0.0483,1,4385.534609,3484.923009,-7870.450884,4385.534609,3484.923009,-7870.450884
0.0484,1,4200.198292,3698.963636,-7899.194768,4200.198292,3698.963636,-7899.194768
0.0485,1,4055.98459,3868.547734,-7924.433813,4055.98459,3868.547734,-7924.433813
0.0486,1,3721.936459,4150.747287,-7872.727371,3721.936459,4150.747287,-7872.727371
0.0487,1,3599.7957,4307.134086,-7906.905724,3599.7957,4307.134086,-7906.905724
0.0488,1,3318.03254,4550.445879,-7868.396656,3318.03254,4550.445879,-7868.396656
0.0489,1,3121.262848,4729.498962,-7850.856444,3121.262848,4729.498962,-7850.856444
0.049,1,2908.286123,4909.865881,-7818.013833,2908.286123,4909.865881,-7818.013833
0.0491,1,2591.781495,5162.034441,-7753.875708,2591.781495,5162.034441,-7753.875708
0.0492,1,2469.191821,5281.429036,-7750.598169,2469.191821,5281.429036,-7750.598169
0.0493,1,2157.299363,5497.063801,-7654.272893,2157.299363,5497.063801,-7654.272893
0.0494,1,1945.700811,5661.490816,-7607.29175,1945.700811,5661.490816,-7607.29175
0.0495,1,1672.277106,5853.698143,-7525.840388,1672.277106,5853.698143,-7525.840388
0.0496,1,1485.16917,5983.823526,-7469.040947,1485.16917,5983.823526,-7469.040947
0.0497,1,1196.765421,6164.191699,-7360.948218,1196.765421,6164.191699,-7360.948218
0.0498,1,952.932859,6314.174502,-7267.009085,952.932859,6314.174502,-7267.009085
0.0499,1,732.999942,6454.805277,-7187.901468,732.999942,6454.805277,-7187.901468
0.05,1,434.284896,6617.530783,-7051.697735,434.284896,6617.530783,-7051.697735
0.0501,1,288.948648,6686.895985,-6975.867418,288.948648,6686.895985,-6975.867418
0.0502,1,-112.894213,6908.528744,-6795.651297,-112.894213,6908.528744,-6795.651297
0.0503,1,-223.066621,6952.611856,-6729.429736,-223.066621,6952.611856,-6729.429736
0.0504,1,-526.763955,7088.989555,-6562.325494,-526.763955,7088.989555,-6562.325494
0.0505,1,-795.681547,7210.854703,-6415.064418,-795.681547,7210.854703,-6415.064418
0.0506,1,-989.522635,7278.99482,-6289.479354,-989.522635,7278.99482,-6289.479354
0.0507,1,-1302.630379,7415.196408,-6112.595455,-1302.630379,7415.196408,-6112.595455
0.0508,1,-1459.950154,7442.862498,-5982.795274,-1459.950154,7442.862498,-5982.795274
0.0509,1,-1786.503799,7565.226626,-5778.810086,-1786.503799,7565.226626,-5778.810086
0.051,1,-1982.617628,7618.738925,-5636.035908,-1982.617628,7618.738925,-5636.035908
0.0511,1,-2239.085219,7687.612419,-5448.509163,-2239.085219,7687.612419,-5448.509163
0.0512,1,-2443.941929,7717.281159,-5273.385109,-2443.941929,7717.281159,-5273.385109
0.0513,1,-2726.33504,7796.734469,-5070.282641,-2726.33504,7796.734469,-5070.282641
0.0514,1,-2946.867335,7831.139178,-4884.340105,-2946.867335,7831.139178,-4884.340105
0.0515,1,-3118.901104,7828.684501,-4709.730748,-3118.901104,7828.684501,-4709.730748
0.0516,1,-3444.710078,7906.915458,-4462.151019,-3444.710078,7906.915458,-4462.151019
0.0517,1,-3559.75382,7860.450086,-4300.77055,-3559.75382,7860.450086,-4300.77055
0.0518,1,-3885.413603,7938.342973,-4052.80068,-3885.413603,7938.342973,-4052.80068
0.0519,1,-4010.178633,7880.348661,-3870.231082,-4010.178633,7880.348661,-3870.231082
0.052,1,-4250.561723,7885.857093,-3635.265164,-4250.561723,7885.857093,-3635.265164
0.0521,1,-4513.685374,7910.128604,-3396.359425,-4513.685374,7910.128604,-3396.359425
0.0522,1,-4616.034438,7829.721936,-3213.789512,-4616.034438,7829.721936,-3213.789512
0.0523,1,-4897.700962,7841.793703,-2943.943449,-4897.700962,7841.793703,-2943.943449
0.0524,1,-5035.99245,7773.916884,-2737.998932,-5035.99245,7773.916884,-2737.998932
0.0525,1,-5274.594505,7756.512876,-2481.877118,-5274.594505,7756.512876,-2481.877118
0.0526,1,-5408.618835,7679.731929,-2271.044626,-5408.618835,7679.731929,-2271.044626
0.0527,1,-5615.273012,7628.317695,-2013.122295,-5615.273012,7628.317695,-2013.122295
0.0528,1,-5775.623662,7551.17786,-1775.438211,-5775.623662,7551.17786,-1775.438211
0.0529,1,-5955.734091,7491.807707,-1536.111906,-5955.734091,7491.807707,-1536.111906
0.053,1,-6112.773371,7400.988811,-1288.203204,-6112.773371,7400.988811,-1288.203204
0.0531,1,-6221.769423,7280.687905,-1058.838731,-6221.769423,7280.687905,-1058.838731
0.0532,1,-6467.920739,7241.758865,-773.902464,-6467.920739,7241.758865,-773.902464
0.0533,1,-6512.610655,7082.382593,-569.694005,-6512.610655,7082.382593,-569.694005
0.0534,1,-6694.573077,6995.346984,-300.756183,-6694.573077,6995.346984,-300.756183
0.0535,1,-6832.646826,6879.034369,-46.437728,-6832.646826,6879.034369,-46.437728
0.0536,1,-6903.735031,6723.110145,180.761243,-6903.735031,6723.110145,180.761243
0.0537,1,-7112.472768,6651.3166,461.049727,-7112.472768,6651.3166,461.049727
0.0538,1,-7096.194017,6434.412957,661.883976,-7096.194017,6434.412957,661.883976
0.0539,1,-7308.869845,6349.6072,959.269111,-7308.869845,6349.6072,959.269111
0.054,1,-7344.196856,6171.818013,1172.333056,-7344.196856,6171.818013,1172.333056
0.0541,1,-7450.40408,6021.641076,1428.895246,-7450.40408,6021.641076,1428.895246
0.0542,1,-7512.159929,5846.474233,1665.586041,-7512.159929,5846.474233,1665.586041
0.0543,1,-7605.602934,5688.687654,1917.010801,-7605.602934,5688.687654,1917.010801
0.0544,1,-7673.134751,5516.007626,2157.135551,-7673.134751,5516.007626,2157.135551
0.0545,1,-7691.223227,5316.64955,2374.538324,-7691.223227,5316.64955,2374.538324
0.0546,1,-7802.80829,5160.462735,2642.450728,-7802.80829,5160.462735,2642.450728
0.0547,1,-7764.427038,4923.042681,2841.32726,-7764.427038,4923.042681,2841.32726
0.0548,1,-7901.838769,4793.606982,3108.276153,-7901.838769,4793.606982,3108.276153
0.0549,1,-7824.890293,4528.594065,3296.353882,-7824.890293,4528.594065,3296.353882
0.055,1,-7895.005708,4351.351076,3543.582266,-7895.005708,4351.351076,3543.582266
0.0551,1,-7932.037683,4160.403346,3771.758172,-7932.037683,4160.403346,3771.758172
0.0552,1,-7860.665141,3903.598245,3957.009119,-7860.665141,3903.598245,3957.009119
0.0553,1,-7933.560617,3731.476682,4202.117597,-7933.560617,3731.476682,4202.117597
0.0554,1,-7858.03266,3471.70296,4386.399397,-7858.03266,3471.70296,4386.399397
0.0555,1,-7881.52119,3271.76852,4609.676263,-7881.52119,3271.76852,4609.676263
0.0556,1,-7844.785343,3046.670126,4798.2302,-7844.785343,3046.670126,4798.2302
0.0557,1,-7773.330913,2786.998735,4986.294692,-7773.330913,2786.998735,4986.294692
0.0558,1,-7787.038751,2588.134618,5198.913079,-7787.038751,2588.134618,5198.913079
0.0559,1,-7684.785358,2326.31808,5358.556506,-7684.785358,2326.31808,5358.556506
0.056,1,-7679.531764,2116.972892,5562.476354,-7679.531764,2116.972892,5562.476354
0.0561,1,-7525.912255,1825.209955,5700.806317,-7525.912255,1825.209955,5700.806317
0.0562,1,-7576.308369,1654.922258,5921.374549,-7576.308369,1654.922258,5921.374549
0.0563,1,-7366.861504,1337.066741,6029.769376,-7366.861504,1337.066741,6029.769376
0.0564,1,-7379.473539,1154.114287,6225.483397,-7379.473539,1154.114287,6225.483397
0.0565,1,-7221.017187,865.798965,6355.105711,-7221.017187,865.798965,6355.105711
0.0566,1,-7128.911687,625.371031,6503.668888,-7128.911687,625.371031,6503.668888
0.0567,1,-7076.337748,417.620074,6658.683782,-7076.337748,417.620074,6658.683782
0.0568,1,-6846.246866,96.616166,6749.63213,-6846.246866,96.616166,6749.63213
0.0569,1,-6841.320651,-80.375566,6921.783739,-6841.320651,-80.375566,6921.783739
0.057,1,-6628.561441,-376.312436,7004.808761,-6628.561441,-376.312436,7004.808761
0.0571,1,-6537.138627,-596.74716,7133.960728,-6537.138627,-596.74716,7133.960728
0.0572,1,-6364.320184,-860.952075,7225.28781,-6364.320184,-860.952075,7225.28781
0.0573,1,-6231.737878,-1100.02202,7331.727184,-6231.737878,-1100.02202,7331.727184
0.0574,1,-6075.960898,-1344.362027,7420.420189,-6075.960898,-1344.362027,7420.420189
0.0575,1,-5903.572721,-1589.355788,7492.881469,-5903.572721,-1589.355788,7492.881469
0.0576,1,-5747.54834,-1831.882634,7579.463493,-5747.54834,-1831.882634,7579.463493
0.0577,1,-5549.267769,-2085.266727,7634.607811,-5549.267769,-2085.266727,7634.607811
0.0578,1,-5423.330103,-2289.159264,7712.394656,-5423.330103,-2289.159264,7712.394656
0.0579,1,-5175.752675,-2565.910968,7741.81789,-5175.752675,-2565.910968,7741.81789
0.058,1,-5015.624912,-2781.161187,7796.691521,-5015.624912,-2781.161187,7796.691521
0.0581,1,-4851.810765,-2996.150956,7848.033391,-4851.810765,-2996.150956,7848.033391
0.0582,1,-4573.335912,-3268.625492,7841.999113,-4573.335912,-3268.625492,7841.999113
0.0583,1,-4475.669472,-3429.596798,7905.208932,-4475.669472,-3429.596798,7905.208932
0.0584,1,-4151.520169,-3723.889634,7875.52243,-4151.520169,-3723.889634,7875.52243
0.0585,1,-4041.694451,-3880.236112,7921.879611,-4041.694451,-3880.236112,7921.879611
0.0586,1,-3769.592015,-4121.801018,7891.425577,-3769.592015,-4121.801018,7891.425577
0.0587,1,-3548.714629,-4338.911698,7887.690426,-3548.714629,-4338.911698,7887.690426
0.0588,1,-3357.772178,-4522.549216,7880.256788,-3357.772178,-4522.549216,7880.256788
0.0589,1,-3097.343161,-4743.788607,7841.230981,-3097.343161,-4743.788607,7841.230981
0.059,1,-2901.738811,-4919.357567,7821.075139,-2901.738811,-4919.357567,7821.075139
0.0591,1,-2619.737764,-5139.793422,7759.526657,-2619.737764,-5139.793422,7759.526657
0.0592,1,-2449.842084,-5290.811264,7740.751658,-2449.842084,-5290.811264,7740.751658
0.0593,1,-2144.253485,-5509.938303,7654.103413,-2144.253485,-5509.938303,7654.103413
0.0594,1,-1967.770252,-5645.409492,7613.290188,-1967.770252,-5645.409492,7613.290188
0.0595,1,-1675.108446,-5851.571922,7526.656396,-1675.108446,-5851.571922,7526.656396
0.0596,1,-1446.794544,-6005.253142,7452.045695,-1446.794544,-6005.253142,7452.045695
0.0597,1,-1248.982526,-6132.783921,7381.85339,-1248.982526,-6132.783921,7381.85339
0.0598,1,-901.675992,-6349.325197,7250.938987,-901.675992,-6349.325197,7250.938987
0.0599,1,-769.159812,-6425.184567,7194.413303,-769.159812,-6425.184567,7194.413303
0.06,1,-432.836884,-6620.850303,7053.715076,-432.836884,-6620.850303,7053.715076
0.0601,1,-235.078297,-6720.764175,6955.786636,-235.078297,-6720.764175,6955.786636
0.0602,1,23.605885,-6854.096849,6830.625455,23.605885,-6854.096849,6830.625455
0.0603,1,302.416714,-6990.606902,6688.091708,302.416714,-6990.606902,6688.091708
0.0604,1,488.57818,-7065.213983,6576.729635,488.57818,-7065.213983,6576.729635
0.0605,1,801.877993,-7208.664066,6406.796331,801.877993,-7208.664066,6406.796331
0.0606,1,993.002552,-7282.119531,6289.07714,993.002552,-7282.119531,6289.07714
0.0607,1,1294.302075,-7400.833186,6106.647373,1294.302075,-7400.833186,6106.647373
0.0608,1,1467.023623,-7443.079192,5975.977078,1467.023623,-7443.079192,5975.977078
0.0609,1,1785.727337,-7566.812883,5781.162949,1785.727337,-7566.812883,5781.162949
0.061,1,1974.423652,-7606.372066,5631.963115,1974.423652,-7606.372066,5631.963115
0.0611,1,2224.05077,-7674.249052,5450.17411,2224.05077,-7674.249052,5450.17411
0.0612,1,2494.396615,-7745.523798,5251.203398,2494.396615,-7745.523798,5251.203398
0.0613,1,2651.4262,-7749.433748,5097.991644,2651.4262,-7749.433748,5097.991644
0.0614,1,2995.471044,-7857.789529,4862.318624,2995.471044,-7857.789529,4862.318624
0.0615,1,3109.015287,-7816.365872,4707.445708,3109.015287,-7816.365872,4707.445708
0.0616,1,3410.419898,-7885.057321,4474.541077,3410.419898,-7885.057321,4474.541077
0.0617,1,3614.772965,-7894.637786,4279.997241,3614.772965,-7894.637786,4279.997241
0.0618,1,3809.323793,-7886.052716,4076.674801,3809.323793,-7886.052716,4076.674801
0.0619,1,4068.416195,-7912.280418,3843.8879,4068.416195,-7912.280418,3843.8879
0.062,1,4224.871219,-7871.512216,3646.721074,4224.871219,-7871.512216,3646.721074
0.0621,1,4491.774095,-7895.277689,3403.419409,4491.774095,-7895.277689,3403.419409
0.0622,1,4638.619397,-7838.537217,3200.038812,4638.619397,-7838.537217,3200.038812
0.0623,1,4883.936847,-7833.970776,2949.988098,4883.936847,-7833.970776,2949.988098
0.0624,1,5029.848605,-7767.218636,2737.394311,5029.848605,-7767.218636,2737.394311
0.0625,1,5264.473403,-7754.845323,2490.436255,5264.473403,-7754.845323,2490.436255
0.0626,1,5424.756674,-7681.150284,2256.343702,5424.756674,-7681.150284,2256.343702
0.0627,1,5574.423093,-7605.902499,2031.549241,5574.423093,-7605.902499,2031.549241
0.0628,1,5825.437365,-7583.676119,1758.254086,5825.437365,-7583.676119,1758.254086
0.0629,1,5886.285389,-7446.866809,1560.544539,5886.285389,-7446.866809,1560.544539
0.063,1,6151.934595,-7423.935998,1272.117177,6151.934595,-7423.935998,1272.117177
0.0631,1,6222.496512,-7281.938516,1059.356434,6222.496512,-7281.938516,1059.356434
0.0632,1,6412.729199,-7210.916939,798.276948,6412.729199,-7210.916939,798.276948
0.0633,1,6567.665554,-7115.097684,547.439702,6567.665554,-7115.097684,547.439702
0.0634,1,6647.717645,-6966.234567,318.483565,6647.717645,-6966.234567,318.483565
0.0635,1,6843.31274,-6887.158849,43.955984,6843.31274,-6887.158849,43.955984
0.0636,1,6908.779494,-6731.499255,-177.35474,6908.779494,-6731.499255,-177.35474
0.0637,1,7073.772842,-6625.111068,-448.586549,7073.772842,-6625.111068,-448.586549
0.0638,1,7131.570657,-6456.89542,-674.657074,7131.570657,-6456.89542,-674.657074
0.0639,1,7280.971833,-6339.129551,-941.87535,7280.971833,-6339.129551,-941.87535
0.064,1,7339.299344,-6168.209874,-1170.996021,7339.299344,-6168.209874,-1170.996021
0.0641,1,7444.812221,-6021.742489,-1423.111201,7444.812221,-6021.742489,-1423.111201
0.0642,1,7530.615178,-5858.32681,-1672.257947,7530.615178,-5858.32681,-1672.257947
0.0643,1,7559.13373,-5665.223309,-1893.844164,7559.13373,-5665.223309,-1893.844164
0.0644,1,7706.499738,-5541.776605,-2164.798657,7706.499738,-5541.776605,-2164.798657
0.0645,1,7668.196037,-5300.302733,-2367.769114,7668.196037,-5300.302733,-2367.769114
0.0646,1,7787.444666,-5157.78024,-2629.723754,7787.444666,-5157.78024,-2629.723754
0.0647,1,7808.07135,-4954.522699,-2853.509605,7808.07135,-4954.522699,-2853.509605
0.0648,1,7816.608613,-4744.409393,-3072.138694,7816.608613,-4744.409393,-3072.138694
0.0649,1,7904.833622,-4579.68134,-3325.219205,7904.833622,-4579.68134,-3325.219205
0.065,1,7839.805682,-4323.971532,-3515.723727,7839.805682,-4323.971532,-3515.723727
0.0651,1,7935.606302,-4166.905691,-3768.743507,7935.606302,-4166.905691,-3768.743507
0.0652,1,7874.593956,-3917.253902,-3957.313729,7874.593956,-3917.253902,-3957.313729
0.0653,1,7908.718101,-3718.56042,-4190.095703,7908.718101,-3718.56042,-4190.095703
0.0654,1,7871.122708,-3485.594722,-4385.579752,7871.122708,-3485.594722,-4385.579752
0.0655,1,7869.443378,-3273.341425,-4596.023872,7869.443378,-3273.341425,-4596.023872
0.0656,1,7841.62328,-3044.293386,-4797.328123,7841.62328,-3044.293386,-4797.328123
0.0657,1,7770.900307,-2793.177109,-4977.745166,7770.900307,-2793.177109,-4977.745166
0.0658,1,7800.744281,-2603.231866,-5197.407904,7800.744281,-2603.231866,-5197.407904
0.0659,1,7648.102856,-2308.191188,-5339.993576,7648.102856,-2308.191188,-5339.993576
0.066,1,7705.36827,-2139.552379,-5565.721683,7705.36827,-2139.552379,-5565.721683
0.0661,1,7531.169752,-1831.504397,-5699.669274,7531.169752,-1831.504397,-5699.669274
0.0662,1,7527.182457,-1634.182888,-5893.019473,7527.182457,-1634.182888,-5893.019473
0.0663,1,7437.603928,-1386.310354,-6051.194357,7437.603928,-1386.310354,-6051.194357
0.0664,1,7301.830919,-1109.626841,-6192.273667,7301.830919,-1109.626841,-6192.273667
0.0665,1,7283.044483,-911.709723,-6371.259006,7283.044483,-911.709723,-6371.259006
0.0666,1,7098.924593,-615.16458,-6483.744465,7098.924593,-615.16458,-6483.744465
0.0667,1,7063.748465,-413.885425,-6649.89645,7063.748465,-413.885425,-6649.89645
0.0668,1,6885.022766,-126.666698,-6758.254982,6885.022766,-126.666698,-6758.254982
0.0669,1,6806.628161,94.029295,-6900.715515,6806.628161,94.029295,-6900.715515
0.067,1,6646.354795,359.712853,-7006.013831,6646.354795,359.712853,-7006.013831
0.0671,1,6530.090991,592.799527,-7122.849141,6530.090991,592.799527,-7122.849141
0.0672,1,6380.00296,849.124636,-7229.183526,6380.00296,849.124636,-7229.183526
0.0673,1,6208.635052,1104.495781,-7313.015278,6208.635052,1104.495781,-7313.015278
0.0674,1,6110.919217,1315.388647,-7426.372206,6110.919217,1315.388647,-7426.372206
0.0675,1,5870.289186,1607.770045,-7478.002717,5870.289186,1607.770045,-7478.002717
0.0676,1,5774.661656,1806.172604,-7580.799419,5774.661656,1806.172604,-7580.799419
0.0677,1,5559.901381,2072.991823,-7632.93174,5559.901381,2072.991823,-7632.93174
0.0678,1,5380.126027,2309.591647,-7689.633866,5380.126027,2309.591647,-7689.633866
0.0679,1,5243.965434,2518.372232,-7762.3577,5243.965434,2518.372232,-7762.3577
0.068,1,4969.922698,2804.771058,-7774.687462,4969.922698,2804.771058,-7774.687462
0.0681,1,4871.638895,2975.93188,-7847.488966,4871.638895,2975.93188,-7847.488966
0.0682,1,4595.61543,3249.656635,-7845.346009,4595.61543,3249.656635,-7845.346009
0.0683,1,4438.550881,3449.498247,-7887.946036,4438.550881,3449.498247,-7887.946036
0.0684,1,4209.453756,3681.688985,-7891.166427,4209.453756,3681.688985,-7891.166427
0.0685,1,4001.553428,3897.556386,-7899.110799,4001.553428,3897.556386,-7899.110799
0.0686,1,3799.813391,4102.28575,-7902.005523,3799.813391,4102.28575,-7902.005523
0.0687,1,3544.722881,4334.218729,-7879.026889,3544.722881,4334.218729,-7879.026889
0.0688,1,3379.104936,4506.159165,-7885.151498,3379.104936,4506.159165,-7885.151498
0.0689,1,3072.748243,4753.608397,-7826.390813,3072.748243,4753.608397,-7826.390813
0.069,1,2944.052162,4888.728737,-7832.765024,2944.052162,4888.728737,-7832.765024
0.0691,1,2604.8631,5148.631018,-7753.428901,2604.8631,5148.631018,-7753.428901
0.0692,1,2453.61143,5280.70592,-7734.360678,2453.61143,5280.70592,-7734.360678
0.0693,1,2181.665299,5484.494608,-7666.100018,2181.665299,5484.494608,-7666.100018
0.0694,1,1923.130486,5671.771832,-7594.880256,1923.130486,5671.771832,-7594.880256
0.0695,1,1739.51734,5807.359404,-7546.911224,1739.51734,5807.359404,-7546.911224
0.0696,1,1420.787887,6018.330741,-7439.017236,1420.787887,6018.330741,-7439.017236
0.0697,1,1249.306105,6130.641853,-7380.009021,1249.306105,6130.641853,-7380.009021
0.0698,1,951.824276,6316.24619,-7268.010175,951.824276,6316.24619,-7268.010175
0.0699,1,725.792452,6450.888875,-7176.648056,725.792452,6450.888875,-7176.648056
0.07,1,482.804353,6586.699789,-7069.553672,482.804353,6586.699789,-7069.553672
0.0701,1,219.033764,6729.135803,-6948.055894,219.033764,6729.135803,-6948.055894
0.0702,1,-6.398313,6845.190337,-6838.85972,-6.398313,6845.190337,-6838.85972
0.0703,1,-290.97968,6984.963836,-6693.921237,-290.97968,6984.963836,-6693.921237
0.0704,1,-483.273078,7065.622006,-6582.319239,-483.273078,7065.622006,-6582.319239
0.0705,1,-798.511734,7212.43053,-6413.958209,-798.511734,7212.43053,-6413.958209
0.0706,1,-979.460956,7271.83076,-6292.276064,-979.460956,7271.83076,-6292.276064
0.0707,1,-1271.567519,7394.296245,-6122.7676,-1271.567519,7394.296245,-6122.7676
0.0708,1,-1506.516976,7469.202432,-5962.655117,-1506.516976,7469.202432,-5962.655117
0.0709,1,-1707.13836,7523.866185,-5816.669267,-1707.13836,7523.866185,-5816.669267
0.071,1,-2039.978536,7649.185719,-5609.264937,-2039.978536,7649.185719,-5609.264937
0.0711,1,-2161.809542,7639.744523,-5477.836852,-2161.809542,7639.744523,-5477.836852
0.0712,1,-2510.064009,7761.443897,-5251.410551,-2510.064009,7761.443897,-5251.410551
0.0713,1,-2660.576784,7758.919275,-5098.327495,-2660.576784,7758.919275,-5098.327495
0.0714,1,-2942.702137,7828.236528,-4885.460595,-2942.702137,7828.236528,-4885.460595
0.0715,1,-3154.574842,7850.232943,-4695.725097,-3154.574842,7850.232943,-4695.725097
0.0716,1,-3369.140742,7866.088276,-4496.848246,-3369.140742,7866.088276,-4496.848246
0.0717,1,-3622.955069,7901.992781,-4279.064006,-3622.955069,7901.992781,-4279.064006
0.0718,1,-3797.865108,7885.413674,-4087.537516,-3797.865108,7885.413674,-4087.537516
0.0719,1,-4071.268428,7918.591418,-3847.252322,-4071.268428,7918.591418,-3847.252322
0.072,1,-4206.387409,7866.37763,-3660.042765,-4206.387409,7866.37763,-3660.042765
0.0721,1,-4500.455497,7905.654607,-3405.125357,-4500.455497,7905.654607,-3405.125357
0.0722,1,-4626.655098,7834.672261,-3208.011829,-4626.655098,7834.672261,-3208.011829
0.0723,1,-4867.878563,7831.789519,-2963.929623,-4867.878563,7831.789519,-2963.929623
0.0724,1,-5062.897275,7793.567493,-2730.579817,-5062.897275,7793.567493,-2730.579817
0.0725,1,-5205.978182,7721.062179,-2515.14112,-5205.978182,7721.062179,-2515.14112
0.0726,1,-5466.017949,7715.532445,-2249.451909,-5466.017949,7715.532445,-2249.451909
0.0727,1,-5557.484226,7598.835253,-2041.322588,-5557.484226,7598.835253,-2041.322588
0.0728,1,-5798.101954,7574.838006,-1776.783589,-5798.101954,7574.838006,-1776.783589
0.0729,1,-5932.682669,7478.286335,-1545.484339,-5932.682669,7478.286335,-1545.484339
0.073,1,-6089.525949,7392.995171,-1303.55256,-6089.525949,7392.995171,-1303.55256
0.0731,1,-6271.561268,7317.238562,-1045.590069,-6271.561268,7317.238562,-1045.590069
0.0732,1,-6379.472624,7197.565645,-818.091749,-6379.472624,7197.565645,-818.091749
0.0733,1,-6572.249188,7120.336766,-548.10078,-6572.249188,7120.336766,-548.10078
0.0734,1,-6649.223985,6975.621964,-326.322506,-6649.223985,6975.621964,-326.322506
0.0735,1,-6842.384513,6892.241496,-49.888893,-6842.384513,6892.241496,-49.888893
0.0736,1,-6899.446056,6729.192843,170.287857,-6899.446056,6729.192843,170.287857
0.0737,1,-7074.022576,6633.137793,440.930584,-7074.022576,6633.137793,440.930584
0.0738,1,-7146.454375,6469.478002,676.935676,-7146.454375,6469.478002,676.935676
0.0739,1,-7242.927225,6323.656286,919.351131,-7242.927225,6323.656286,919.351131
0.074,1,-7389.999467,6203.169492,1186.816763,-7389.999467,6203.169492,1186.816763
0.0741,1,-7390.574001,5993.126384,1397.444513,-7390.574001,5993.126384,1397.444513
0.0742,1,-7566.350927,5887.614627,1678.831441,-7566.350927,5887.614627,1678.831441
0.0743,1,-7556.98388,5668.571517,1888.318319,-7556.98388,5668.571517,1888.318319
0.0744,1,-7673.028315,5524.856353,2148.304471,-7673.028315,5524.856353,2148.304471
0.0745,1,-7717.79114,5337.715808,2380.011971,-7717.79114,5337.715808,2380.011971
0.0746,1,-7746.220151,5136.717264,2609.549948,-7746.220151,5136.717264,2609.549948
0.0747,1,-7828.494569,4972.501833,2856.034284,-7828.494569,4972.501833,2856.034284
0.0748,1,-7818.997473,4750.028558,3068.933814,-7818.997473,4750.028558,3068.933814
0.0749,1,-7888.539578,4574.643198,3313.966172,-7888.539578,4574.643198,3313.966172
0.075,1,-7863.52311,4343.677156,3519.843567,-7863.52311,4343.677156,3519.843567
0.0751,1,-7917.930799,4161.400431,3756.526205,-7917.930799,4161.400431,3756.526205
0.0752,1,-7888.696904,3927.271826,3961.500297,-7888.696904,3927.271826,3961.500297
0.0753,1,-7893.146034,3717.281776,4175.817764,-7893.146034,3717.281776,4175.817764
0.0754,1,-7906.624887,3509.560632,4397.123285,-7906.624887,3509.560632,4397.123285
0.0755,1,-7820.189395,3247.301933,4572.913064,-7820.189395,3247.301933,4572.913064
0.0756,1,-7896.028982,3082.614421,4813.373019,-7896.028982,3082.614421,4813.373019
0.0757,1,-7738.415793,2775.876722,4962.653233,-7738.415793,2775.876722,4962.653233
0.0758,1,-7806.650507,2612.769483,5193.799059,-7806.650507,2612.769483,5193.799059
0.0759,1,-7679.96115,2329.629538,5350.421824,-7679.96115,2329.629538,5350.421824
0.076,1,-7652.642219,2110.856599,5541.781322,-7652.642219,2110.856599,5541.781322
0.0761,1,-7595.287532,1875.705626,5719.573708,-7595.287532,1875.705626,5719.573708
0.0762,1,-7484.464388,1610.799761,5873.738309,-7484.464388,1610.799761,5873.738309
0.0763,1,-7457.087565,1400.237146,6056.816445,-7457.087565,1400.237146,6056.816445
0.0764,1,-7310.705343,1119.934894,6190.808817,-7310.705343,1119.934894,6190.808817
0.0765,1,-7271.7194,907.022273,6364.741917,-7271.7194,907.022273,6364.741917
0.0766,1,-7114.443894,627.507292,6486.889137,-7114.443894,627.507292,6486.889137
0.0767,1,-7056.624814,412.722097,6644.001079,-7056.624814,412.722097,6644.001079
0.0768,1,-6900.514955,137.484646,6762.986801,-6900.514955,137.484646,6762.986801
0.0769,1,-6789.197483,-100.097748,6889.331783,-6789.197483,-100.097748,6889.331783
0.077,1,-6683.517199,-335.611845,7019.180453,-6683.517199,-335.611845,7019.180453
0.0771,1,-6489.631802,-616.872679,7106.452148,-6489.631802,-616.872679,7106.452148
0.0772,1,-6421.391176,-818.456936,7239.945673,-6421.391176,-818.456936,7239.945673
0.0773,1,-6200.537874,-1109.931269,7310.431891,-6200.537874,-1109.931269,7310.431891
0.0774,1,-6089.897768,-1325.429879,7415.356485,-6089.897768,-1325.429879,7415.356485
0.0775,1,-5926.729735,-1571.519213,7498.303701,-5926.729735,-1571.519213,7498.303701
0.0776,1,-5715.476292,-1841.278604,7556.708479,-5715.476292,-1841.278604,7556.708479
0.0777,1,-5617.914758,-2034.636216,7652.63171,-5617.914758,-2034.636216,7652.63171
0.0778,1,-5350.905377,-2327.419097,7678.312453,-5350.905377,-2327.419097,7678.312453
0.0779,1,-5255.056735,-2510.426087,7765.483723,-5255.056735,-2510.426087,7765.483723
0.078,1,-4984.197296,-2793.48264,7777.758767,-4984.197296,-2793.48264,7777.758767
0.0781,1,-4862.237416,-2981.335898,7843.511315,-4862.237416,-2981.335898,7843.511315
0.0782,1,-4604.659113,-3244.476318,7849.222502,-4604.659113,-3244.476318,7849.222502
0.0783,1,-4442.369457,-3444.174124,7886.53097,-4442.369457,-3444.174124,7886.53097
0.0784,1,-4218.362238,-3677.179,7895.543264,-4218.362238,-3677.179,7895.543264
0.0785,1,-3988.733287,-3904.123179,7892.927194,-3988.733287,-3904.123179,7892.927194
0.0786,1,-3828.546544,-4084.109589,7912.613107,-3828.546544,-4084.109589,7912.613107
0.0787,1,-3525.319579,-4347.386825,7872.763902,-3525.319579,-4347.386825,7872.763902
0.0788,1,-3391.103872,-4495.473596,7886.600706,-3391.103872,-4495.473596,7886.600706
0.0789,1,-3095.159984,-4742.645989,7837.772424,-3095.159984,-4742.645989,7837.772424
0.079,1,-2899.509481,-4915.243903,7814.853295,-2899.509481,-4915.243903,7814.853295
0.0791,1,-2673.731732,-5105.465032,7779.134194,-2673.731732,-5105.465032,7779.134194
0.0792,1,-2398.166528,-5316.019743,7714.25438,-2398.166528,-5316.019743,7714.25438
0.0793,1,-2219.758305,-5461.131882,7680.907728,-2219.758305,-5461.131882,7680.907728
0.0794,1,-1921.595121,-5673.02956,7594.597117,-1921.595121,-5673.02956,7594.597117
0.0795,1,-1726.114479,-5816.377334,7542.581677,-1726.114479,-5816.377334,7542.581677
0.0796,1,-1451.795538,-5999.122427,7450.86985,-1451.795538,-5999.122427,7450.86985
0.0797,1,-1225.787186,-6146.409086,7372.249029,-1225.787186,-6146.409086,7372.249029
0.0798,1,-975.589453,-6303.199405,7278.816552,-975.589453,-6303.199405,7278.816552
0.0799,1,-713.060482,-6457.371989,7170.406116,-713.060482,-6457.371989,7170.406116
0.08,1,-507.056592,-6574.54025,7081.670535,-507.056592,-6574.54025,7081.670535
0.0801,1,-191.298059,-6747.274004,6938.55444,-191.298059,-6747.274004,6938.55444
0.0802,1,-31.184621,-6821.661532,6852.858915,-31.184621,-6821.661532,6852.858915
0.0803,1,310.266279,-6999.763652,6689.567285,310.266279,-6999.763652,6689.567285
0.0804,1,482.23577,-7064.703977,6582.404426,482.23577,-7064.703977,6582.404426
0.0805,1,766.447944,-7195.027386,6428.681521,766.447944,-7195.027386,6428.681521
0.0806,1,1024.597795,-7301.346151,6276.711526,1024.597795,-7301.346151,6276.711526
0.0807,1,1217.414764,-7360.211181,6142.822711,1217.414764,-7360.211181,6142.822711
0.0808,1,1538.802428,-7493.424231,5954.678642,1538.802428,-7493.424231,5954.678642
0.0809,1,1699.172971,-7518.72995,5819.510116,1699.172971,-7518.72995,5819.510116
0.081,1,2013.299672,-7634.932484,5621.712834,2013.299672,-7634.932484,5621.712834
0.0811,1,2198.679893,-7663.510606,5464.81865,2198.679893,-7663.510606,5464.81865
0.0812,1,2468.280614,-7738.833771,5270.557105,2468.280614,-7738.833771,5270.557105
0.0813,1,2689.61294,-7776.671639,5087.12987,2689.61294,-7776.671639,5087.12987
0.0814,1,2915.746716,-7815.454128,4899.657735,2915.746716,-7815.454128,4899.657735
0.0815,1,3174.702583,-7862.292187,4687.661164,3174.702583,-7862.292187,4687.661164
0.0816,1,3342.526441,-7853.251845,4510.728989,3342.526441,-7853.251845,4510.728989
0.0817,1,3647.432828,-7919.080671,4271.635314,3647.432828,-7919.080671,4271.635314
0.0818,1,3774.747138,-7870.938468,4096.273729,3774.747138,-7870.938468,4096.273729
0.0819,1,4071.398371,-7923.366625,3851.915903,4071.398371,-7923.366625,3851.915903
0.082,1,4231.180647,-7882.038799,3650.924604,4231.180647,-7882.038799,3650.924604
0.0821,1,4447.120967,-7875.025434,3427.916449,4447.120967,-7875.025434,3427.916449
0.0822,1,4685.090557,-7873.189054,3188.080549,4685.090557,-7873.189054,3188.080549
0.0823,1,4817.043442,-7801.702099,2984.738083,4817.043442,-7801.702099,2984.738083
0.0824,1,5086.242364,-7810.898722,2724.61766,5086.242364,-7810.898722,2724.61766
0.0825,1,5208.127505,-7724.272757,2516.189089,5208.127505,-7724.272757,2516.189089
0.0826,1,5438.917611,-7699.805627,2260.926641,5438.917611,-7699.805627,2260.926641
0.0827,1,5590.108729,-7622.666219,2032.514848,5590.108729,-7622.666219,2032.514848
0.0828,1,5769.290055,-7558.416796,1789.224435,5769.290055,-7558.416796,1789.224435
0.0829,1,5947.786424,-7489.238503,1541.402646,5947.786424,-7489.238503,1541.402646
0.083,1,6078.5041,-7388.815508,1310.361047,6078.5041,-7388.815508,1310.361047
0.0831,1,6282.422707,-7326.455455,1044.065458,6282.422707,-7326.455455,1044.065458
0.0832,1,6363.497697,-7188.233239,824.70404,6363.497697,-7188.233239,824.70404
0.0833,1,6584.096559,-7132.239205,548.221173,6584.096559,-7132.239205,548.221173
0.0834,1,6648.001315,-6973.491368,325.466896,6648.001315,-6973.491368,325.466896
0.0835,1,6822.152188,-6885.398813,63.267291,6822.152188,-6885.398813,63.267291
0.0836,1,6941.058064,-6754.585133,-186.414734,6941.058064,-6754.585133,-186.414734
0.0837,1,7017.34334,-6600.358906,-417.032526,7017.34334,-6600.358906,-417.032526
0.0838,1,7198.482727,-6504.702022,-693.696938,7198.482727,-6504.702022,-693.696938
0.0839,1,7212.783766,-6305.974235,-906.828064,7212.783766,-6305.974235,-906.828064
0.084,1,7389.181088,-6205.015447,-1184.154784,7389.181088,-6205.015447,-1184.154784
0.0841,1,7415.957368,-6010.616969,-1405.273027,7415.957368,-6010.616969,-1405.273027
0.0842,1,7529.302972,-5866.64438,-1662.710841,7529.302972,-5866.64438,-1662.710841
0.0843,1,7592.162922,-5692.062906,-1900.018149,7592.162922,-5692.062906,-1900.018149
0.0844,1,7648.362782,-5512.134725,-2136.241448,7648.362782,-5512.134725,-2136.241448
0.0845,1,7731.111054,-5346.010967,-2385.092137,7731.111054,-5346.010967,-2385.092137
0.0846,1,7739.01929,-5136.146501,-2602.810585,7739.01929,-5136.146501,-2602.810585
0.0847,1,7837.871394,-4978.912221,-2858.994476,7837.871394,-4978.912221,-2858.994476
0.0848,1,7807.727214,-4744.193477,-3063.480593,7807.727214,-4744.193477,-3063.480593
0.0849,1,7895.111381,-4581.850374,-3313.237652,7895.111381,-4581.850374,-3313.237652
0.085,1,7873.463663,-4350.10377,-3523.390747,7873.463663,-4350.10377,-3523.390747
0.0851,1,7889.85052,-4146.179312,-3743.573932,7889.85052,-4146.179312,-3743.573932
0.0852,1,7930.54092,-3955.13633,-3975.46788,7930.54092,-3955.13633,-3975.46788
0.0853,1,7853.514962,-3692.560609,-4160.880121,7853.514962,-3692.560609,-4160.880121
0.0854,1,7930.624036,-3528.360364,-4402.257773,7930.624036,-3528.360364,-4402.257773
0.0855,1,7826.441319,-3250.492325,-4575.961545,7826.441319,-3250.492325,-4575.961545
0.0856,1,7861.06955,-3062.991973,-4798.00277,7861.06955,-3062.991973,-4798.00277
0.0857,1,7793.82456,-2811.939637,-4981.921337,7793.82456,-2811.939637,-4981.921337
0.0858,1,7751.519995,-2579.441177,-5172.032521,7751.519995,-2579.441177,-5172.032521
0.0859,1,7725.03862,-2358.656684,-5366.352937,7725.03862,-2358.656684,-5366.352937
0.086,1,7624.53526,-2095.109749,-5529.450149,7624.53526,-2095.109749,-5529.450149
0.0861,1,7614.031331,-1887.95511,-5726.004358,7614.031331,-1887.95511,-5726.004358
0.0862,1,7473.340645,-1605.197795,-5868.161101,7473.340645,-1605.197795,-5868.161101
0.0863,1,7467.57418,-1408.466067,-6059.091447,7467.57418,-1408.466067,-6059.091447
0.0864,1,7306.966575,-1116.573122,-6190.329627,7306.966575,-1116.573122,-6190.329627
0.0865,1,7265.910745,-907.26236,-6358.706681,7265.910745,-907.26236,-6358.706681
0.0866,1,7141.273182,-642.817058,-6498.355898,7141.273182,-642.817058,-6498.355898
0.0867,1,7013.721238,-387.505419,-6626.256583,7013.721238,-387.505419,-6626.256583
0.0868,1,6952.483814,-171.603533,-6780.844211,6952.483814,-171.603533,-6780.844211
0.0869,1,6750.051813,125.352838,-6875.361509,6750.051813,125.352838,-6875.361509
0.087,1,6701.044531,322.229168,-7023.30636,6701.044531,322.229168,-7023.30636
0.0871,1,6502.289034,609.532014,-7111.75241,6502.289034,609.532014,-7111.75241
0.0872,1,6389.944339,837.098421,-7227.048412,6389.944339,837.098421,-7227.048412
0.0873,1,6242.051382,1082.823336,-7324.872256,6242.051382,1082.823336,-7324.872256
0.0874,1,6058.607955,1344.954369,-7403.492701,6058.607955,1344.954369,-7403.492701
0.0875,1,5943.454971,1560.893187,-7504.396309,5943.454971,1560.893187,-7504.396309
0.0876,1,5717.741281,1838.205639,-7555.874261,5717.741281,1838.205639,-7555.874261
0.0877,1,5609.724955,2040.289639,-7650.015956,5609.724955,2040.289639,-7650.015956
0.0878,1,5363.588861,2318.961678,-7682.555217,5363.588861,2318.961678,-7682.555217
0.0879,1,5243.330911,2516.623505,-7759.880297,5243.330911,2516.623505,-7759.880297
0.088,1,5005.521043,2781.131123,-7786.698975,5005.521043,2781.131123,-7786.698975
0.0881,1,4831.186156,2999.041604,-7830.161857,4831.186156,2999.041604,-7830.161857
0.0882,1,4652.177642,3215.199351,-7867.370053,4652.177642,3215.199351,-7867.370053
0.0883,1,4389.624703,3477.835471,-7867.469046,4389.624703,3477.835471,-7867.469046
0.0884,1,4268.715347,3643.10734,-7911.753554,4268.715347,3643.10734,-7911.753554
0.0885,1,3961.649453,3923.695944,-7885.375685,3961.649453,3923.695944,-7885.375685
0.0886,1,3828.817958,4081.916791,-7910.69561,3828.817958,4081.916791,-7910.69561
0.0887,1,3553.98425,4330.178723,-7884.123389,3553.98425,4330.178723,-7884.123389
0.0888,1,3352.413847,4519.681812,-7872.137515,3352.413847,4519.681812,-7872.137515
0.0889,1,3133.556886,4718.188331,-7851.647189,3133.556886,4718.188331,-7851.647189
0.089,1,2877.786376,4929.415517,-7807.255455,2877.786376,4929.415517,-7807.255455
0.0891,1,2680.937836,5100.893342,-7781.772609,2680.937836,5100.893342,-7781.772609
0.0892,1,2406.672031,5310.558522,-7717.210602,2406.672031,5310.558522,-7717.210602
0.0893,1,2208.779321,5468.11502,-7676.912165,2208.779321,5468.11502,-7676.912165
0.0894,1,1934.607412,5666.299006,-7600.838979,1934.607412,5666.299006,-7600.838979
0.0895,1,1715.121901,5821.133392,-7536.272967,1715.121901,5821.133392,-7536.272967
0.0896,1,1472.121513,5989.192576,-7461.292155,1472.121513,5989.192576,-7461.292155
0.0897,1,1196.934522,6162.973108,-7359.856628,1196.934522,6162.973108,-7359.856628
0.0898,1,1014.655456,6279.729478,-7294.42246,1014.655456,6279.729478,-7294.42246
0.0899,1,679.293777,6479.316436,-7158.537495,679.293777,6479.316436,-7158.537495
0.09,1,527.387357,6560.884865,-7088.281432,527.387357,6560.884865,-7088.281432
0.0901,1,198.877419,6744.285723,-6943.159466,198.877419,6744.285723,-6943.159466
0.0902,1,-1.084286,6841.924067,-6840.766189,-1.084286,6841.924067,-6840.766189
0.0903,1,-257.652385,6966.294411,-6708.701829,-257.652385,6966.294411,-6708.701829
0.0904,1,-534.431089,7099.52741,-6565.003647,-534.431089,7099.52741,-6565.003647
0.0905,1,-725.447624,7168.441882,-6443.022366,-725.447624,7168.441882,-6443.022366
0.0906,1,-1043.432175,7314.512951,-6271.055647,-1043.432175,7314.512951,-6271.055647
0.0907,1,-1213.466422,7357.756919,-6144.244923,-1213.466422,7357.756919,-6144.244923
0.0908,1,-1531.538049,7489.964194,-5958.449173,-1531.538049,7489.964194,-5958.449173
0.0909,1,-1706.745132,7523.239136,-5816.4458,-1706.745132,7523.239136,-5816.4458
0.091,1,-2004.123209,7631.209074,-5627.066193,-2004.123209,7631.209074,-5627.066193
0.0911,1,-2207.676225,7667.815626,-5460.159038,-2207.676225,7667.815626,-5460.159038
0.0912,1,-2451.527099,7730.601099,-5278.992718,-2451.527099,7730.601099,-5278.992718
0.0913,1,-2711.677729,7790.931254,-5079.2996,-2711.677729,7790.931254,-5079.2996
0.0914,1,-2891.128786,7799.128912,-4907.941555,-2891.128786,7799.128912,-4907.941555
0.0915,1,-3186.123689,7872.832175,-4686.68977,-3186.123689,7872.832175,-4686.68977
0.0916,1,-3352.49053,7857.275282,-4504.807935,-3352.49053,7857.275282,-4504.807935
0.0917,1,-3609.481082,7898.405934,-4288.83986,-3609.481082,7898.405934,-4288.83986
0.0918,1,-3830.986372,7905.374721,-4074.436444,-3830.986372,7905.374721,-4074.436444
0.0919,1,-4007.804492,7884.740198,-3876.875494,-4007.804492,7884.740198,-3876.875494
0.092,1,-4283.752287,7915.743328,-3631.977345,-4283.752287,7915.743328,-3631.977345
0.0921,1,-4414.072202,7855.285286,-3441.223562,-4414.072202,7855.285286,-3441.223562
0.0922,1,-4693.867071,7878.452364,-3184.523394,-4693.867071,7878.452364,-3184.523394
0.0923,1,-4823.544087,7807.792552,-2984.263522,-4823.544087,7807.792552,-2984.263522
0.0924,1,-5071.622964,7801.663561,-2730.019602,-5071.622964,7801.663561,-2730.019602
0.0925,1,-5223.101671,7734.412522,-2511.257644,-5223.101671,7734.412522,-2511.257644
0.0926,1,-5420.932828,7689.808104,-2268.919712,-5420.932828,7689.808104,-2268.919712
0.0927,1,-5612.661198,7636.974607,-2024.226782,-5612.661198,7636.974607,-2024.226782
0.0928,1,-5738.63507,7540.000416,-1801.395658,-5738.63507,7540.000416,-1801.395658
0.0929,1,-5981.570461,7512.188005,-1530.587772,-5981.570461,7512.188005,-1530.587772
0.093,1,-6048.542287,7368.497891,-1319.909437,-6048.542287,7368.497891,-1319.909437
0.0931,1,-6295.996719,7338.57916,-1042.61731,-6295.996719,7338.57916,-1042.61731
0.0932,1,-6372.547596,7192.330535,-819.710281,-6372.547596,7192.330535,-819.710281
0.0933,1,-6552.742902,7114.286688,-561.55711,-6552.742902,7114.286688,-561.55711
0.0934,1,-6689.002328,7000.224333,-311.208206,-6689.002328,7000.224333,-311.208206
0.0935,1,-6786.153914,6862.51661,-76.306523,-6786.153914,6862.51661,-76.306523
0.0936,1,-6958.884972,6767.727924,191.121829,-6958.884972,6767.727924,191.121829
0.0937,1,-7020.964954,6602.233455,418.794023,-7020.964954,6602.233455,418.794023
0.0938,1,-7176.71188,6492.536368,684.180365,-7176.71188,6492.536368,684.180365
0.0939,1,-7243.060091,6324.927442,918.124896,-7243.060091,6324.927442,918.124896
0.094,1,-7358.788492,6187.8994,1170.965248,-7358.788492,6187.8994,1170.965248
0.0941,1,-7441.926623,6025.447839,1416.428275,-7441.926623,6025.447839,1416.428275
0.0942,1,-7505.537389,5854.937495,1650.672955,-7505.537389,5854.937495,1650.672955
0.0943,1,-7617.318886,5706.471227,1910.843782,-7617.318886,5706.471227,1910.843782
0.0944,1,-7621.589978,5496.84644,2124.747232,-7621.589978,5496.84644,2124.747232
0.0945,1,-7753.366185,5360.916686,2392.507512,-7753.366185,5360.916686,2392.507512
0.0946,1,-7730.591964,5130.383778,2600.183999,-7730.591964,5130.383778,2600.183999
0.0947,1,-7825.302222,4972.837586,2852.50512,-7825.302222,4972.837586,2852.50512
0.0948,1,-7842.187525,4765.888538,3076.329103,-7842.187525,4765.888538,3076.329103
0.0949,1,-7846.647916,4551.308598,3295.313622,-7846.647916,4551.308598,3295.313622
0.095,1,-7922.060672,4382.890035,3539.248417,-7922.060672,4382.890035,3539.248417
0.0951,1,-7856.339049,4123.827039,3732.479904,-7856.339049,4123.827039,3732.479904
0.0952,1,-7941.041742,3963.531907,3977.547522,-7941.041742,3963.531907,3977.547522
0.0953,1,-7864.991143,3699.747618,4165.283437,-7864.991143,3699.747618,4165.283437
0.0954,1,-7906.54081,3513.948611,4392.554155,-7906.54081,3513.948611,4392.554155
0.0955,1,-7853.759112,3267.880372,4585.968254,-7853.759112,3267.880372,4585.968254
0.0956,1,-7837.541185,3049.329342,4788.169123,-7837.541185,3049.329342,4788.169123
0.0957,1,-7813.108979,2823.482014,4989.676366,-7813.108979,2823.482014,4989.676366
0.0958,1,-7734.909523,2570.567365,5164.365511,-7734.909523,2570.567365,5164.365511
0.0959,1,-7742.053719,2369.413332,5372.627013,-7742.053719,2369.413332,5372.627013
0.096,1,-7609.830852,2085.4167,5524.469958,-7609.830852,2085.4167,5524.469958
0.0961,1,-7620.45519,1894.375565,5726.077268,-7620.45519,1894.375565,5726.077268
0.0962,1,-7484.408141,1610.484899,5873.930862,-7484.408141,1610.484899,5873.930862
0.0963,1,-7436.73753,1390.829123,6045.968489,-7436.73753,1390.829123,6045.968489
0.0964,1,-7353.387818,1145.987151,6207.361109,-7353.387818,1145.987151,6207.361109
0.0965,1,-7217.354709,876.11663,6341.306815,-7217.354709,876.11663,6341.306815
0.0966,1,-7178.861394,668.611248,6510.247317,-7178.861394,668.611248,6510.247317
0.0967,1,-6998.762303,376.690642,6622.070895,-6998.762303,376.690642,6622.070895
0.0968,1,-6943.616004,167.399141,6776.289527,-6943.616004,167.399141,6776.289527
0.0969,1,-6777.782625,-107.694375,6885.424309,-6777.782625,-107.694375,6885.424309
0.097,1,-6667.049402,-343.447281,7010.577933,-6667.049402,-343.447281,7010.577933
0.0971,1,-6534.120849,-589.308097,7123.412635,-6534.120849,-589.308097,7123.412635
0.0972,1,-6365.637157,-851.568734,7217.222857,-6365.637157,-851.568734,7217.222857
0.0973,1,-6261.812468,-1070.575368,7332.435398,-6261.812468,-1070.575368,7332.435398
0.0974,1,-6042.197736,-1354.981953,7397.160524,-6042.197736,-1354.981953,7397.160524
0.0975,1,-5958.117947,-1550.490804,7508.650077,-5958.117947,-1550.490804,7508.650077
0.0976,1,-5710.436601,-1844.517399,7554.979152,-5710.436601,-1844.517399,7554.979152
0.0977,1,-5604.974476,-2040.269936,7645.224555,-5604.974476,-2040.269936,7645.224555
0.0978,1,-5386.882201,-2306.668918,7693.625445,-5386.882201,-2306.668918,7693.625445
0.0979,1,-5204.551308,-2539.248407,7743.76666,-5204.551308,-2539.248407,7743.76666
0.098,1,-5052.186471,-2751.830872,7804.060249,-5052.186471,-2751.830872,7804.060249
0.0981,1,-4792.703126,-3023.507023,7816.24263,-4792.703126,-3023.507023,7816.24263
0.0982,1,-4671.805316,-3202.236489,7874.010273,-4671.805316,-3202.236489,7874.010273
0.0983,1,-4395.685327,-3473.728046,7869.500002,-4395.685327,-3473.728046,7869.500002
0.0984,1,-4242.645612,-3660.270758,7902.871722,-4242.645612,-3660.270758,7902.871722
0.0985,1,-3999.788838,-3897.968307,7897.812326,-3999.788838,-3897.968307,7897.812326
0.0986,1,-3791.414969,-4107.079181,7898.510468,-3791.414969,-4107.079181,7898.510468
0.0987,1,-3585.202933,-4309.118647,7894.313282,-3585.202933,-4309.118647,7894.313282
0.0988,1,-3330.624422,-4534.055127,7864.734582,-3330.624422,-4534.055127,7864.734582
0.0989,1,-3150.833786,-4706.505971,7857.3333,-3150.833786,-4706.505971,7857.3333
0.099,1,-2864.160527,-4939.26241,7803.437987,-2864.160527,-4939.26241,7803.437987
0.0991,1,-2691.443392,-5092.149606,7783.645187,-2691.443392,-5092.149606,7783.645187
0.0992,1,-2406.354942,-5313.167126,7719.487814,-2406.354942,-5313.167126,7719.487814
0.0993,1,-2195.707883,-5474.146421,7669.922121,-2195.707883,-5474.146421,7669.922121
0.0994,1,-1963.52623,-5649.314702,7612.834767,-1963.52623,-5649.314702,7612.834767
0.0995,1,-1678.166749,-5844.642453,7522.813926,-1678.166749,-5844.642453,7522.813926
0.0996,1,-1507.581946,-5965.192683,7472.842687,-1507.581946,-5965.192683,7472.842687
0.0997,1,-1177.317372,-6177.79306,7355.058727,-1177.317372,-6177.79306,7355.058727
0.0998,1,-1012.356828,-6278.995049,7291.436848,-1012.356828,-6278.995049,7291.436848
0.0999,1,-704.360964,-6465.086899,7169.42413,-704.360964,-6465.086899,7169.42413
0.1,1,-490.379637,-6583.334282,7073.739138,-490.379637,-6583.334282,7073.739138
0.1001,1,-175.8093,-794.460402,970.289644,-175.8093,-794.460402,970.289644
0.1002,1,-142.131836,802.044577,-659.915118,-142.131836,802.044577,-659.915118
0.1003,1,-165.85277,-744.973212,910.819934,-165.85277,-744.973212,910.819934
0.1004,1,-132.57279,-782.252561,914.833661,-132.57279,-782.252561,914.833661
0.1005,1,-100.191823,914.137132,-813.92983,-100.191823,914.137132,-813.92983
0.1006,1,-134.880934,-786.495049,921.37083,-134.880934,-786.495049,921.37083
0.1007,1,-104.525411,-698.44102,802.955955,-104.525411,-698.44102,802.955955
0.1008,1,-76.373833,989.466953,-913.071216,-76.373833,989.466953,-913.071216
0.1009,1,-102.043147,-854.089595,956.137607,-102.043147,-854.089595,956.137607
0.101,1,-77.522847,-584.729669,662.237656,-77.522847,-584.729669,662.237656
0.1011,1,-71.490317,1019.484966,-947.986951,-71.490317,1019.484966,-947.986951
0.1012,1,-65.112127,-914.654641,979.780469,-65.112127,-914.654641,979.780469
0.1013,1,-49.539979,-466.679007,516.217641,-49.539979,-466.679007,516.217641
0.1014,1,-86.010955,1019.054592,-933.056247,-86.010955,1019.054592,-933.056247
0.1015,1,-20.944415,-971.202585,992.161018,-20.944415,-971.202585,992.161018
0.1016,1,-19.098507,-327.487063,346.596013,-19.098507,-327.487063,346.596013
0.1017,1,-106.549878,943.740625,-837.203688,-106.549878,943.740625,-837.203688
0.1018,1,35.057584,-943.121203,908.065647,35.057584,-943.121203,908.065647
0.1019,1,5.101086,-261.380329,256.288728,5.101086,-261.380329,256.288728
0.102,1,-140.437201,885.263603,-744.821057,-140.437201,885.263603,-744.821057
0.1021,1,98.040486,-874.001388,775.951004,98.040486,-874.001388,775.951004
0.1022,1,22.800156,-283.327577,260.52675,22.800156,-283.327577,260.52675
0.1023,1,-183.327232,923.684511,-740.338945,-183.327232,923.684511,-740.338945
0.1024,1,148.136591,-895.14413,747.000955,148.136591,-895.14413,747.000955
0.1025,1,36.973434,-250.284515,213.301417,36.973434,-250.284515,213.301417
0.1026,1,-216.806811,942.050447,-725.232384,-216.806811,942.050447,-725.232384
0.1027,1,199.616132,-931.933849,732.326372,199.616132,-931.933849,732.326372
0.1028,1,48.362909,-180.329587,131.957994,48.362909,-180.329587,131.957994
0.1029,1,-253.130364,921.248889,-668.125921,-253.130364,921.248889,-668.125921
0.103,1,261.780654,-934.495796,672.734262,261.780654,-934.495796,672.734262
0.1031,1,51.85054,-102.064765,50.213322,51.85054,-102.064765,50.213322
0.1032,1,-295.051912,870.521395,-575.483833,-295.051912,870.521395,-575.483833
0.1033,1,320.314005,-858.835159,538.531513,320.314005,-858.835159,538.531513
0.1034,1,46.653564,26.861702,-73.50783,46.653564,26.861702,-73.50783
0.1035,1,-334.689649,651.876254,-317.190689,-334.689649,651.876254,-317.190689
0.1036,1,179.3944,-369.544073,190.142298,179.3944,-369.544073,190.142298
0.1037,1,84.625807,16.124237,-100.741631,84.625807,16.124237,-100.741631
0.1038,1,-259.86214,213.447225,46.424151,-259.86214,213.447225,46.424151
0.1039,1,10.935145,-122.391508,111.444037,10.935145,-122.391508,111.444037
0.104,1,92.65065,35.300282,-127.950944,92.65065,35.300282,-127.950944
0.1041,1,-92.096141,-73.89484,166.001831,-92.096141,-73.89484,166.001831
0.1042,1,-3.570332,-54.04949,57.62084,-3.570332,-54.04949,57.62084
0.1043,1,47.729892,40.141763,-87.880725,47.729892,40.141763,-87.880725
0.1044,1,-12.459873,-129.835233,142.294996,-12.459873,-129.835233,142.294996
0.1045,1,-278.191384,171.97261,106.235957,-278.191384,171.97261,106.235957
0.1046,1,41.671247,-17.56256,-24.118319,41.671247,-17.56256,-24.118319
0.1047,1,189.737578,-219.552495,29.80571,189.737578,-219.552495,29.80571
0.1048,1,-969.80786,126.067847,843.755291,-969.80786,126.067847,843.755291
0.1049,1,169.390168,-42.116913,-127.271643,169.390168,-42.116913,-127.271643
0.105,1,651.383785,-257.037374,-394.355046,651.383785,-257.037374,-394.355046
0.1051,1,-728.490773,-73.779259,802.268547,-728.490773,-73.779259,802.268547
0.1052,1,-2.276088,91.585639,-89.296749,-2.276088,91.585639,-89.296749
0.1053,1,851.140391,-298.461587,-552.680103,851.140391,-298.461587,-552.680103
0.1054,1,-835.932214,-153.75904,989.679143,-835.932214,-153.75904,989.679143
0.1055,1,53.339743,93.018552,-146.348246,53.339743,93.018552,-146.348246
0.1056,1,913.543851,-242.286514,-671.252295,913.543851,-242.286514,-671.252295
0.1057,1,-904.848152,-169.888488,1074.731968,-904.848152,-169.888488,1074.731968
0.1058,1,207.096776,-23.900071,-183.201261,207.096776,-23.900071,-183.201261
0.1059,1,769.894432,-48.540798,-721.348262,769.894432,-48.540798,-721.348262
0.106,1,-767.009151,-292.708068,1059.727295,-767.009151,-292.708068,1059.727295
0.1061,1,174.518208,-43.494653,-131.037068,174.518208,-43.494653,-131.037068
0.1062,1,769.618771,50.792579,-820.41128,769.618771,50.792579,-820.41128
0.1063,1,-711.239381,-395.980556,1107.233327,-711.239381,-395.980556,1107.233327
0.1064,1,196.189219,-103.728713,-92.464495,196.189219,-103.728713,-92.464495
0.1065,1,753.733859,222.948917,-976.690699,753.733859,222.948917,-976.690699
0.1066,1,-755.401005,-463.641709,1219.046871,-755.401005,-463.641709,1219.046871
0.1067,1,359.412456,-199.230314,-160.170261,359.412456,-199.230314,-160.170261
0.1068,1,584.556851,458.845416,-1043.41205,584.556851,458.845416,-1043.41205
0.1069,1,-729.127494,-618.398997,1347.520291,-729.127494,-618.398997,1347.520291
0.107,1,484.521915,-130.666152,-353.840632,484.521915,-130.666152,-353.840632
0.1071,1,398.497132,506.418255,-904.917938,398.497132,506.418255,-904.917938
0.1072,1,-570.959321,-720.319331,1291.271974,-570.959321,-720.319331,1291.271974
0.1073,1,407.042761,-10.724402,-396.316407,407.042761,-10.724402,-396.316407
0.1074,1,466.586724,404.60947,-871.189044,466.586724,404.60947,-871.189044
0.1075,1,-674.65748,-638.385909,1313.044175,-674.65748,-638.385909,1313.044175
0.1076,1,600.338043,-87.096962,-513.251981,600.338043,-87.096962,-513.251981
0.1077,1,281.486134,474.683321,-756.161396,281.486134,474.683321,-756.161396
0.1078,1,-599.937416,-658.983354,1258.927464,-599.937416,-658.983354,1258.927464
0.1079,1,658.973422,-80.156351,-578.824273,658.973422,-80.156351,-578.824273
0.108,1,167.6269,473.623257,-641.253146,167.6269,473.623257,-641.253146
0.1081,1,-488.663646,-647.258635,1135.929073,-488.663646,-647.258635,1135.929073
0.1082,1,590.213744,-81.318894,-508.888085,590.213744,-81.318894,-508.888085
0.1083,1,235.737221,462.645247,-698.394987,235.737221,462.645247,-698.394987
0.1084,1,-576.184199,-598.025712,1174.211015,-576.184199,-598.025712,1174.211015
0.1085,1,713.48326,-169.464833,-544.003851,713.48326,-169.464833,-544.003851
0.1086,1,168.809203,579.821789,-748.640183,168.809203,579.821789,-748.640183
0.1087,1,-613.541782,-696.717261,1310.254795,-613.541782,-696.717261,1310.254795
0.1088,1,874.083532,-117.60175,-756.474774,874.083532,-117.60175,-756.474774
0.1089,1,-40.195748,621.272486,-581.071868,-40.195748,621.272486,-581.071868
0.109,1,-424.877797,-809.560195,1234.432075,-424.877797,-809.560195,1234.432075
0.1091,1,746.642047,41.819689,-788.466638,746.642047,41.819689,-788.466638
0.1092,1,57.145241,497.162258,-554.294736,57.145241,497.162258,-554.294736
0.1093,1,-532.88437,-743.16981,1276.051505,-532.88437,-743.16981,1276.051505
0.1094,1,886.96522,47.252918,-934.224114,886.96522,47.252918,-934.224114
0.1095,1,-47.237102,473.214894,-425.974714,-47.237102,473.214894,-425.974714
0.1096,1,-516.471267,-725.316825,1241.793175,-516.471267,-725.316825,1241.793175
0.1097,1,978.773689,71.970845,-1050.743089,978.773689,71.970845,-1050.743089
0.1098,1,-199.485882,449.812751,-250.337493,-199.485882,449.812751,-250.337493
0.1099,1,-355.083766,-720.807563,1075.899141,-355.083766,-720.807563,1075.899141
0.11,1,846.286953,128.149404,-974.428265,846.286953,128.149404,-974.428265
0.1101,1,-93.175194,368.421603,-275.257561,-93.175194,368.421603,-275.257561
0.1102,1,-447.771085,-618.633103,1066.404725,-447.771085,-618.633103,1066.404725
0.1103,1,925.231144,47.388303,-972.611416,925.231144,47.388303,-972.611416
0.1104,1,-119.875213,445.250864,-325.374213,-119.875213,445.250864,-325.374213
0.1105,1,-492.11898,-660.544536,1152.654323,-492.11898,-660.544536,1152.654323
0.1106,1,1042.314181,58.421882,-1100.73319,1042.314181,58.421882,-1100.73319
0.1107,1,-275.670062,515.102114,-239.420555,-275.670062,515.102114,-239.420555
0.1108,1,-352.535725,-781.197109,1133.723176,-352.535725,-781.197109,1133.723176
0.1109,1,953.224005,212.063457,-1165.289148,953.224005,212.063457,-1165.289148
0.111,1,-237.989591,420.630683,-182.633869,-237.989591,420.630683,-182.633869
0.1111,1,-377.517135,-758.78935,1136.307491,-377.517135,-758.78935,1136.307491
0.1112,1,980.884062,274.466481,-1255.353276,980.884062,274.466481,-1255.353276
0.1113,1,-252.107086,360.901286,-108.798589,-252.107086,360.901286,-108.798589
0.1114,1,-423.59929,-726.298052,1149.907211,-423.59929,-726.298052,1149.907211
0.1115,1,1104.414134,304.015757,-1408.429638,1104.414134,304.015757,-1408.429638
0.1116,1,-438.529653,342.868033,95.65285,-438.529653,342.868033,95.65285
0.1117,1,-238.201303,-740.75081,978.957565,-238.201303,-740.75081,978.957565
0.1118,1,968.948437,398.924133,-1367.867499,968.948437,398.924133,-1367.867499
0.1119,1,-386.479284,226.085585,160.392072,-386.479284,226.085585,160.392072
0.112,1,-238.108762,-619.723239,857.824455,-238.108762,-619.723239,857.824455
0.1121,1,939.848918,339.655478,-1279.496752,939.848918,339.655478,-1279.496752
0.1122,1,-352.165856,251.517148,100.655825,-352.165856,251.517148,100.655825
0.1123,1,-307.221201,-590.789877,897.998145,-307.221201,-590.789877,897.998145
0.1124,1,1049.771435,298.786924,-1348.554046,1049.771435,298.786924,-1348.554046
0.1125,1,-505.506577,336.081475,169.432548,-505.506577,336.081475,169.432548
0.1126,1,-177.348803,-682.957278,860.30271,-177.348803,-682.957278,860.30271
0.1127,1,979.654735,406.721172,-1386.37946,979.654735,406.721172,-1386.37946
0.1128,1,-525.967766,287.884115,238.085389,-525.967766,287.884115,238.085389
0.1129,1,-114.756489,-689.507396,804.27245,-114.756489,-689.507396,804.27245
0.113,1,898.881126,492.45476,-1391.342901,898.881126,492.45476,-1391.342901
0.1131,1,-458.149882,206.324339,251.823256,-458.149882,206.324339,251.823256
0.1132,1,-217.384775,-629.982408,847.37476,-217.384775,-629.982408,847.37476
0.1133,1,1049.805938,512.290638,-1562.096753,1049.805938,512.290638,-1562.096753
0.1134,1,-674.374105,170.747032,503.625,-674.374105,170.747032,503.625
0.1135,1,-18.213718,-620.09432,638.304227,-18.213718,-620.09432,638.304227
0.1136,1,915.40493,606.269215,-1521.664958,915.40493,606.269215,-1521.664958
0.1137,1,-658.666917,43.336601,615.331044,-658.666917,43.336601,615.331044
0.1138,1,34.88941,-503.941455,469.041423,34.88941,-503.941455,469.041423
0.1139,1,820.88638,611.806216,-1432.684012,820.88638,611.806216,-1432.684012
0.114,1,-585.24791,-48.960006,634.212057,-585.24791,-48.960006,634.212057
0.1141,1,-46.209305,-354.832022,401.036,-46.209305,-354.832022,401.036
0.1142,1,899.842968,524.223738,-1424.069069,899.842968,524.223738,-1424.069069
0.1143,1,-697.368405,2.44769,694.927025,-697.368405,2.44769,694.927025
0.1144,1,49.143229,-394.497285,345.358139,49.143229,-394.497285,345.358139
0.1145,1,830.794582,604.437053,-1435.241833,830.794582,604.437053,-1435.241833
0.1146,1,-713.105246,-39.212842,752.322873,-713.105246,-39.212842,752.322873
0.1147,1,112.8628,-415.552812,302.696267,112.8628,-415.552812,302.696267
0.1148,1,721.413229,737.739217,-1459.157253,721.413229,737.739217,-1459.157253
0.1149,1,-628.078653,-182.209001,810.287118,-628.078653,-182.209001,810.287118
0.115,1,34.322759,-321.416679,287.094617,34.322759,-321.416679,287.094617
0.1151,1,759.61232,791.70841,-1551.314135,759.61232,791.70841,-1551.314135
0.1152,1,-685.532412,-261.956233,947.484646,-685.532412,-261.956233,947.484646
0.1153,1,92.770007,-341.180758,248.405878,92.770007,-341.180758,248.405878
0.1154,1,705.529694,978.053911,-1683.574021,705.529694,978.053911,-1683.574021
0.1155,1,-740.664972,-454.946156,1195.610425,-740.664972,-454.946156,1195.610425
0.1156,1,256.797368,-277.904471,21.102675,256.797368,-277.904471,21.102675
0.1157,1,427.894932,1170.174868,-1598.06955,427.894932,1170.174868,-1598.06955
0.1158,1,-534.320726,-696.032179,1230.359885,-534.320726,-696.032179,1230.359885
0.1159,1,174.310958,-122.455432,-51.855756,174.310958,-122.455432,-51.855756
0.116,1,233.512235,1373.562815,-1607.084555,233.512235,1373.562815,-1607.084555
0.1161,1,-475.202806,-753.450092,1228.6629,-475.202806,-753.450092,1228.6629
0.1162,1,271.573392,-276.75299,5.181912,271.573392,-276.75299,5.181912
0.1163,1,147.550964,1496.756759,-1644.314834,147.550964,1496.756759,-1644.314834
0.1164,1,-511.648866,-816.852254,1328.503731,-511.648866,-816.852254,1328.503731
0.1165,1,485.688695,-355.100984,-130.584669,485.688695,-355.100984,-130.584669
0.1166,1,-193.502428,1686.758006,-1493.252952,-193.502428,1686.758006,-1493.252952
0.1167,1,-231.542049,-973.911972,1205.447731,-231.542049,-973.911972,1205.447731
0.1168,1,364.094619,-325.415881,-38.676612,364.094619,-325.415881,-38.676612
0.1169,1,-323.248988,1886.863639,-1563.607602,-323.248988,1886.863639,-1563.607602
0.117,1,-138.570423,-1123.112894,1261.678144,-138.570423,-1123.112894,1261.678144
0.1171,1,388.542356,-331.882324,-56.660421,388.542356,-331.882324,-56.660421
0.1172,1,-501.315411,2116.268786,-1614.951843,-501.315411,2116.268786,-1614.951843
0.1173,1,-125.612017,-1298.30402,1423.921308,-125.612017,-1298.30402,1423.921308
0.1174,1,629.247715,-325.207449,-304.043568,629.247715,-325.207449,-304.043568
0.1175,1,-970.087692,2344.799288,-1374.717136,-970.087692,2344.799288,-1374.717136
0.1176,1,235.781362,-1532.183465,1296.413657,235.781362,-1532.183465,1296.413657
0.1177,1,520.082253,-186.878986,-333.206063,520.082253,-186.878986,-333.206063
0.1178,1,-1304.66587,2533.241055,-1228.580518,-1304.66587,2533.241055,-1228.580518
0.1179,1,419.898142,-1680.700261,1260.806525,419.898142,-1680.700261,1260.806525
0.118,1,615.180542,-110.684379,-504.49239,615.180542,-110.684379,-504.49239
0.1181,1,-1731.590212,2651.766999,-920.178356,-1731.590212,2651.766999,-920.178356
0.1182,1,645.31174,-1716.98834,1071.671224,645.31174,-1716.98834,1071.671224
0.1183,1,709.967333,-100.619482,-609.340271,709.967333,-100.619482,-609.340271
0.1184,1,-2255.874731,2823.829343,-567.952784,-2255.874731,2823.829343,-567.952784
0.1185,1,982.948243,-1747.054775,764.100035,982.948243,-1747.054775,764.100035
0.1186,1,666.696501,-58.491525,-608.201271,666.696501,-58.491525,-608.201271
0.1187,1,-2858.473666,3034.946556,-176.470948,-2858.473666,3034.946556,-176.470948
0.1188,1,1326.097854,-1743.417686,417.321353,1326.097854,-1743.417686,417.321353
0.1189,1,577.535207,29.741693,-607.280312,577.535207,29.741693,-607.280312
0.119,1,-3600.245184,3205.099834,395.144644,-3600.245184,3205.099834,395.144644
0.1191,1,1561.798035,-1570.204542,8.415555,1561.798035,-1570.204542,8.415555
0.1192,1,565.390462,81.684266,-647.080809,565.390462,81.684266,-647.080809
0.1193,1,-4670.949028,3367.629241,1303.318198,-4670.949028,3367.629241,1303.318198
0.1194,1,1786.013144,-1231.794843,-554.213241,1786.013144,-1231.794843,-554.213241
0.1195,1,325.213958,246.683424,-571.895486,325.213958,246.683424,-571.895486
0.1196,1,-6269.533746,3124.240618,3145.290051,-6269.533746,3124.240618,3145.290051
0.1197,1,1797.487759,-305.850712,-1491.64018,1797.487759,-305.850712,-1491.64018
0.1198,1,-537.990163,5.757027,532.243106,-537.990163,5.757027,532.243106
0.1199,1,-8077.504584,1431.933206,6645.567988,-8077.504584,1431.933206,6645.567988
0.12,1,456.844468,1260.453794,-1717.303538,456.844468,1260.453794,-1717.303538
0.1201,1,-476.906507,-3286.863145,3763.776957,-476.906507,-3286.863145,3763.776957
0.1202,1,-6648.397233,-2295.282691,8943.679851,-6648.397233,-2295.282691,8943.679851
0.1203,1,1976.010977,-736.531912,-1239.479898,1976.010977,-736.531912,-1239.479898
0.1204,1,7867.152547,-7248.263575,-618.891204,7867.152547,-7248.263575,-618.891204
0.1205,1,-3658.12993,-782.913165,4441.046725,-3658.12993,-782.913165,4441.046725
0.1206,1,-1084.181807,201.576684,882.609047,-1084.181807,201.576684,882.609047
0.1207,1,8640.934769,-10153.030249,1512.088559,8640.934769,-10153.030249,1512.088559
0.1208,1,-2225.162333,3620.114681,-1394.948824,-2225.162333,3620.114681,-1394.948824
0.1209,1,504.417168,844.468009,-1348.882521,504.417168,844.468009,-1348.882521
0.121,1,9542.681041,-12977.052063,3434.371403,9542.681041,-12977.052063,3434.371403
0.1211,1,-6912.854832,7836.901975,-924.050056,-6912.854832,7836.901975,-924.050056
0.1212,1,2584.334198,1839.573143,-4423.907491,2584.334198,1839.573143,-4423.907491
0.1213,1,11458.072033,-13335.770087,1877.706814,11458.072033,-13335.770087,1877.706814
0.1214,1,-13343.469176,9823.749893,3519.712376,-13343.469176,9823.749893,3519.712376
0.1215,1,6605.412744,346.168396,-6951.582549,6605.412744,346.168396,-6951.582549
0.1216,1,11924.829326,-11531.947632,-392.874101,11924.829326,-11531.947632,-392.874101
0.1217,1,-18815.104691,10644.825783,8170.277019,-18815.104691,10644.825783,8170.277019
0.1218,1,12353.998327,-1718.369519,-10635.630899,12353.998327,-1718.369519,-10635.630899
0.1219,1,10045.454116,-9510.449391,-535.004607,10045.454116,-9510.449391,-535.004607
0.122,1,-22941.514148,10515.259346,12426.260456,-22941.514148,10515.259346,12426.260456
0.1221,1,18763.924419,-2214.656375,-16549.269677,18763.924419,-2214.656375,-16549.269677
0.1222,1,6679.592373,-8642.430147,1962.833108,6679.592373,-8642.430147,1962.833108
0.1223,1,-25957.405012,9948.452968,16008.958934,-25957.405012,9948.452968,16008.958934
0.1224,1,25399.212148,-1685.964213,-23713.248555,25399.212148,-1685.964213,-23713.248555
0.1225,1,1950.089986,-7691.490162,5741.39929,1950.089986,-7691.490162,5741.39929
0.1226,1,-27829.907662,7784.179047,20045.727947,-27829.907662,7784.179047,20045.727947
0.1227,1,32785.90643,670.021102,-33455.925951,32785.90643,670.021102,-33455.925951
0.1228,1,-5786.732477,-7324.812073,13111.549813,-5786.732477,-7324.812073,13111.549813
0.1229,1,-26313.071502,4534.653093,21778.411104,-26313.071502,4534.653093,21778.411104
0.123,1,38876.736049,4987.575494,-43864.308932,38876.736049,4987.575494,-43864.308932
0.1231,1,-15232.70407,-8524.591069,23757.300635,-15232.70407,-8524.591069,23757.300635
0.1232,1,-22041.757668,1489.596299,20552.157941,-22041.757668,1489.596299,20552.157941
0.1233,1,43853.419908,10873.572519,-54726.993454,43853.419908,10873.572519,-54726.993454
0.1234,1,-26282.448838,-12591.613421,38874.063777,-26282.448838,-12591.613421,38874.063777
0.1235,1,-15257.380146,682.542984,14574.842754,-15257.380146,682.542984,14574.842754
0.1236,1,47778.579737,17354.182479,-65132.767659,47778.579737,17354.182479,-65132.767659
0.1237,1,-38567.73824,-20677.418727,59245.155883,-38567.73824,-20677.418727,59245.155883
0.1238,1,-6358.551678,4202.363016,2156.196849,-6358.551678,4202.363016,2156.196849
0.1239,1,50287.982898,23644.740243,-73932.727551,50287.982898,23644.740243,-73932.727551
0.124,1,-50333.572609,-34548.629268,84882.201697,-50333.572609,-34548.629268,84882.201697
0.1241,1,1972.492434,15296.85216,-17269.343205,1972.492434,15296.85216,-17269.343205
0.1242,1,52295.306316,26815.929908,-79111.234119,52295.306316,26815.929908,-79111.234119
0.1243,1,-59380.486582,-52896.172735,112276.660504,-59380.486582,-52896.172735,112276.660504
0.1244,1,6916.476174,33975.461659,-40891.943089,6916.476174,33975.461659,-40891.943089
0.1245,1,56615.044468,26395.150361,-83010.18889,56615.044468,26395.150361,-83010.18889
0.1246,1,-67374.879051,-75850.235517,143225.115538,-67374.879051,-75850.235517,143225.115538
0.1247,1,13387.618568,49264.847398,-62652.468701,13387.618568,49264.847398,-62652.468701
0.1248,1,48233.618141,24787.789715,-73021.407218,48233.618141,24787.789715,-73021.407218
0.1249,1,-64379.28166,-57632.548277,122011.831695,-64379.28166,-57632.548277,122011.831695
0.125,1,25103.700449,39132.008067,-64235.7044,25103.700449,39132.008067,-64235.7044
0.1251,1,50354.001201,-796.351145,-49557.656868,50354.001201,-796.351145,-49557.656868
0.1252,1,-87317.451586,-32939.865825,120257.320342,-87317.451586,-32939.865825,120257.320342
0.1253,1,39894.938986,47090.614608,-86985.547321,39894.938986,47090.614608,-86985.547321
0.1254,1,72033.666026,-39662.43482,-32371.237404,72033.666026,-39662.43482,-32371.237404
0.1255,1,-127509.46401,2177.473286,125331.9921,-127509.46401,2177.473286,125331.9921
0.1256,1,46543.253484,53340.810675,-99884.061678,46543.253484,53340.810675,-99884.061678
0.1257,1,149487.932288,-59673.480055,-89814.450478,149487.932288,-59673.480055,-89814.450478
0.1258,1,-221715.604404,13949.261689,207766.340382,-221715.604404,13949.261689,207766.340382
0.1259,1,27625.596326,54698.005682,-82323.603204,27625.596326,54698.005682,-82323.603204
0.126,1,111764.580147,-46907.762025,-64856.811572,111764.580147,-46907.762025,-64856.811572
0.1261,1,-110973.806088,-4656.839806,115630.64267,-110973.806088,-4656.839806,115630.64267
0.1262,1,33598.54772,39862.724023,-73461.272418,33598.54772,39862.724023,-73461.272418
0.1263,1,99563.108734,17088.920029,-116652.02655,99563.108734,17088.920029,-116652.02655
0.1264,1,-167630.403368,-63332.896334,230963.300589,-167630.403368,-63332.896334,230963.300589
0.1265,1,81962.78281,19310.929302,-101273.710214,81962.78281,19310.929302,-101273.710214
0.1266,1,7090.337158,11881.208737,-18971.550935,7090.337158,11881.208737,-18971.550935
0.1267,1,-72177.515473,-11186.904579,83364.424929,-72177.515473,-11186.904579,83364.424929
0.1268,1,103122.921666,37921.724297,-141044.642771,103122.921666,37921.724297,-141044.642771
0.1269,1,-22341.946261,-18100.849831,40442.789955,-22341.946261,-18100.849831,40442.789955
0.127,1,-79102.976576,-51936.874333,131039.854384,-79102.976576,-51936.874333,131039.854384
0.1271,1,84717.717541,121034.589501,-205752.305128,84717.717541,121034.589501,-205752.305128
0.1272,1,-8042.256416,-64344.195155,72386.452537,-8042.256416,-64344.195155,72386.452537
0.1273,1,-69403.341369,-107743.897893,177147.235642,-69403.341369,-107743.897893,177147.235642
0.1274,1,25922.771425,87791.405501,-113714.174847,25922.771425,87791.405501,-113714.174847
0.1275,1,36061.355874,15555.074782,-51616.4249,36061.355874,15555.074782,-51616.4249
0.1276,1,-20519.59319,-44179.140546,64698.727071,-20519.59319,-44179.140546,64698.727071
0.1277,1,25711.256229,71784.844188,-97496.097584,25711.256229,71784.844188,-97496.097584
0.1278,1,-9827.649091,-35251.455624,45079.107042,-9827.649091,-35251.455624,45079.107042
0.1279,1,-23689.128444,-49396.068936,73085.196896,-23689.128444,-49396.068936,73085.196896
0.128,1,31246.001556,135758.227185,-167004.228183,31246.001556,135758.227185,-167004.228183
0.1281,1,-23855.741863,-96009.166169,119864.905611,-23855.741863,-96009.166169,119864.905611
0.1282,1,12154.442979,-73317.300341,61162.863011,12154.442979,-73317.300341,61162.863011
0.1283,1,-68654.95553,71298.965403,-2644.011036,-68654.95553,71298.965403,-2644.011036
0.1284,1,64500.234774,20008.129581,-84508.367388,64500.234774,20008.129581,-84508.367388
0.1285,1,4940.82679,-55923.851418,50983.028781,4940.82679,-55923.851418,50983.028781
0.1286,1,-12051.261075,130468.163944,-118416.902542,-12051.261075,130468.163944,-118416.902542
0.1287,1,-12890.630237,-115647.227391,128537.858459,-12890.630237,-115647.227391,128537.858459
0.1288,1,65012.870814,-19287.167173,-45725.707342,65012.870814,-19287.167173,-45725.707342
0.1289,1,260892.836079,-96459.185785,-164433.645566,260892.836079,-96459.185785,-164433.645566
0.129,1,-377103.142874,145618.375154,231484.770431,-377103.142874,145618.375154,231484.770431
0.1291,1,-66039.849918,63823.57073,2216.272387,-66039.849918,63823.57073,2216.272387
0.1292,1,297668.275973,-133286.004389,-164382.266344,297668.275973,-133286.004389,-164382.266344
0.1293,1,-146154.206783,46456.53537,99697.672878,-146154.206783,46456.53537,99697.672878
0.1294,1,-201014.983441,113577.506127,87437.475875,-201014.983441,113577.506127,87437.475875
0.1295,1,383253.475316,-194193.651959,-189059.823553,383253.475316,-194193.651959,-189059.823553
0.1296,1,-218867.215774,115750.140617,103117.075983,-218867.215774,115750.140617,103117.075983
0.1297,1,-161793.041238,71434.811478,90358.233766,-161793.041238,71434.811478,90358.233766
0.1298,1,432851.738684,-217917.825703,-214933.916789,432851.738684,-217917.825703,-214933.916789
0.1299,1,-345635.781365,199077.957417,146557.82461,-345635.781365,199077.957417,146557.82461
0.13,1,2946.015391,-12272.184851,9326.173225,2946.015391,-12272.184851,9326.173225
0.1301,1,268169.916022,-187225.796408,-80944.121316,268169.916022,-187225.796408,-80944.121316
0.1302,1,-198190.955268,214162.934996,-15971.978387,-198190.955268,214162.934996,-15971.978387
0.1303,1,-104812.955338,-26504.208234,131317.161188,-104812.955338,-26504.208234,131317.161188
0.1304,1,315159.216205,-209528.416066,-105630.795187,315159.216205,-209528.416066,-105630.795187
0.1305,1,-380541.771937,256087.942242,124453.829779,-380541.771937,256087.942242,124453.829779
0.1306,1,49307.207708,-17994.185692,-31313.027128,49307.207708,-17994.185692,-31313.027128
0.1307,1,444110.682517,-266021.056322,-178089.619621,444110.682517,-266021.056322,-178089.619621
0.1308,1,-435722.221601,258706.442264,177015.778803,-435722.221601,258706.442264,177015.778803
0.1309,1,32143.130656,-4273.489912,-27869.641986,32143.130656,-4273.489912,-27869.641986
0.131,1,374821.966639,-258936.279348,-115885.687385,374821.966639,-258936.279348,-115885.687385
0.1311,1,-423340.492184,283432.807434,139907.687379,-423340.492184,283432.807434,139907.687379
0.1312,1,121856.400789,-58290.642868,-63565.755801,121856.400789,-58290.642868,-63565.755801
0.1313,1,221804.123793,-191163.939581,-30640.18949,221804.123793,-191163.939581,-30640.18949
0.1314,1,-289899.81067,226140.109578,63759.705757,-289899.81067,226140.109578,63759.705757
0.1315,1,64139.704002,-14398.482137,-49741.220251,64139.704002,-14398.482137,-49741.220251
0.1316,1,245640.022961,-226504.618784,-19135.407,245640.022961,-226504.618784,-19135.407
0.1317,1,-379497.209749,265249.486676,114247.725507,-379497.209749,265249.486676,114247.725507
0.1318,1,27539.808999,25418.244053,-52958.054296,27539.808999,25418.244053,-52958.054296
0.1319,1,340220.650993,-297406.094991,-42814.551843,340220.650993,-297406.094991,-42814.551843
0.132,1,-329743.325007,259524.130562,70219.192089,-329743.325007,259524.130562,70219.192089
0.1321,1,95068.250272,-126361.413324,31293.161702,95068.250272,-126361.413324,31293.161702
0.1322,1,178102.091365,-89015.016299,-89087.069581,178102.091365,-89015.016299,-89087.069581
0.1323,1,-197456.226857,218798.02946,-21341.804909,-197456.226857,218798.02946,-21341.804909
0.1324,1,-25212.50061,-42031.617144,67244.117984,-25212.50061,-42031.617144,67244.117984
0.1325,1,283788.79023,-190089.119244,-93699.671213,283788.79023,-190089.119244,-93699.671213
0.1326,1,-264650.22774,129267.463341,135382.76795,-264650.22774,129267.463341,135382.76795
0.1327,1,10965.036668,57102.302121,-68067.338974,10965.036668,57102.302121,-68067.338974
0.1328,1,216278.339283,-162970.613811,-53307.72981,216278.339283,-162970.613811,-53307.72981
0.1329,1,-185884.154873,134485.816162,51398.345434,-185884.154873,134485.816162,51398.345434
0.133,1,78231.769304,-66083.902788,-12147.867464,78231.769304,-66083.902788,-12147.867464
0.1331,1,-123447.064527,86006.324819,37440.737189,-123447.064527,86006.324819,37440.737189
0.1332,1,49346.474867,-45016.385444,-4330.086337,49346.474867,-45016.385444,-4330.086337
0.1333,1,46023.157206,-6662.222637,-39360.93466,46023.157206,-6662.222637,-39360.93466
0.1334,1,-57452.111239,14634.738216,42817.375184,-57452.111239,14634.738216,42817.375184
0.1335,1,-24800.683139,9941.996993,14858.683109,-24800.683139,9941.996993,14858.683109
0.1336,1,106244.411231,-22888.846179,-83355.562815,106244.411231,-22888.846179,-83355.562815
0.1337,1,-78081.571048,-12849.561337,90931.135318,-78081.571048,-12849.561337,90931.135318
0.1338,1,-56910.016947,65625.242149,-8715.228361,-56910.016947,65625.242149,-8715.228361
0.1339,1,171939.334365,-98609.490114,-73329.8421,171939.334365,-98609.490114,-73329.8421
0.134,1,-141800.868905,67479.103612,74321.764901,-141800.868905,67479.103612,74321.764901
0.1341,1,4395.116234,-2285.909911,-2109.203335,4395.116234,-2285.909911,-2109.203335
0.1342,1,110606.575437,-75859.261691,-34747.31504,110606.575437,-75859.261691,-34747.31504
0.1343,1,-75625.158375,119123.309123,-43498.153119,-75625.158375,119123.309123,-43498.153119
0.1344,1,-80621.743064,-135656.268606,216278.01839,-80621.743064,-135656.268606,216278.01839
0.1345,1,178622.036138,90221.099555,-268843.138691,178622.036138,90221.099555,-268843.138691
0.1346,1,-81669.232402,5170.548321,76498.682945,-81669.232402,5170.548321,76498.682945
0.1347,1,-55525.399346,-5438.706722,60964.109401,-55525.399346,-5438.706722,60964.109401
0.1348,1,135755.044801,-57087.585783,-78667.458973,135755.044801,-57087.585783,-78667.458973
0.1349,1,-133222.902776,87158.09257,46064.811007,-133222.902776,87158.09257,46064.811007
0.135,1,4056.629661,-106566.321871,102509.689336,4056.629661,-106566.321871,102509.689336
0.1351,1,135484.442506,59822.662282,-195307.099824,135484.442506,59822.662282,-195307.099824
0.1352,1,-140188.627561,54766.713026,85421.914316,-140188.627561,54766.713026,85421.914316
0.1353,1,-19157.765712,114005.375454,-94847.612731,-19157.765712,114005.375454,-94847.612731
0.1354,1,146667.68788,-171099.720558,24432.037025,146667.68788,-171099.720558,24432.037025
0.1355,1,-98085.337017,-95104.772462,193190.107831,-98085.337017,-95104.772462,193190.107831
0.1356,1,-25465.502943,202927.64665,-177462.14105,-25465.502943,202927.64665,-177462.14105
0.1357,1,113084.613361,-104165.774514,-8918.840861,113084.613361,-104165.774514,-8918.840861
0.1358,1,-106917.129667,-67613.587497,174530.717566,-106917.129667,-67613.587497,174530.717566
0.1359,1,-4086.956549,187506.095866,-183419.134676,-4086.956549,187506.095866,-183419.134676
0.136,1,131212.821244,-190079.145721,58866.320488,131212.821244,-190079.145721,58866.320488
0.1361,1,-262258.139084,-78069.589099,340327.72964,-262258.139084,-78069.589099,340327.72964
0.1362,1,191179.280316,265691.653056,-456870.931601,191179.280316,265691.653056,-456870.931601
0.1363,1,109482.004302,-99049.44552,-10432.558053,109482.004302,-99049.44552,-10432.558053
0.1364,1,-216989.49205,-129188.254783,346177.746207,-216989.49205,-129188.254783,346177.746207
0.1365,1,48698.955042,195083.633954,-243782.590371,48698.955042,195083.633954,-243782.590371
0.1366,1,212533.181351,-50552.683601,-161980.492097,212533.181351,-50552.683601,-161980.492097
0.1367,1,-296380.285676,-155477.124955,451857.407763,-296380.285676,-155477.124955,451857.407763
0.1368,1,117115.53861,225340.965719,-342456.505628,117115.53861,225340.965719,-342456.505628
0.1369,1,163922.497081,-104753.856103,-59168.636133,163922.497081,-104753.856103,-59168.636133
0.137,1,-297288.491436,-79954.054551,377242.54381,-297288.491436,-79954.054551,377242.54381
0.1371,1,178741.405465,145646.436789,-324387.840653,178741.405465,145646.436789,-324387.840653
0.1372,1,57774.442046,-26053.244691,-31721.198607,57774.442046,-26053.244691,-31721.198607
0.1373,1,-178799.789771,-173638.696658,352438.488624,-178799.789771,-173638.696658,352438.488624
0.1374,1,76180.689957,277385.962044,-353566.650251,76180.689957,277385.962044,-353566.650251
0.1375,1,141221.642355,-198222.614755,57000.969026,141221.642355,-198222.614755,57000.969026
0.1376,1,-260280.108913,5567.472971,254712.639417,-260280.108913,5567.472971,254712.639417
0.1377,1,170413.189533,136967.295402,-307380.484956,170413.189533,136967.295402,-307380.484956
0.1378,1,43502.442365,-121916.09042,78413.648828,43502.442365,-121916.09042,78413.648828
0.1379,1,-195507.831414,-19028.17517,214536.006068,-195507.831414,-19028.17517,214536.006068
0.138,1,168088.459729,136444.752294,-304533.212416,168088.459729,136444.752294,-304533.212416
0.1381,1,-2809.792737,-115983.394781,118793.192609,-2809.792737,-115983.394781,118793.192609
0.1382,1,-137640.355311,-38309.045126,175949.396138,-137640.355311,-38309.045126,175949.396138
0.1383,1,131413.374783,194452.113522,-325865.487493,131413.374783,194452.113522,-325865.487493
0.1384,1,12899.752626,-226214.701173,213314.95282,12899.752626,-226214.701173,213314.95282
0.1385,1,-144495.750402,84784.804648,59710.942941,-144495.750402,84784.804648,59710.942941
0.1386,1,137068.846194,114934.469306,-252003.31391,137068.846194,114934.469306,-252003.31391
0.1387,1,32217.419838,-211363.789063,179146.368368,32217.419838,-211363.789063,179146.368368
0.1388,1,-167633.07041,93550.982271,74082.09166,-167633.07041,93550.982271,74082.09166
0.1389,1,110087.190694,138320.577345,-248407.769317,110087.190694,138320.577345,-248407.769317
0.139,1,129588.905103,-272204.378422,142615.471683,129588.905103,-272204.378422,142615.471683
0.1391,1,-258125.164396,101583.906308,156541.262932,-258125.164396,101583.906308,156541.262932
0.1392,1,92922.267901,284531.215891,-377453.486317,92922.267901,284531.215891,-377453.486317
0.1393,1,91594.069999,-389209.915736,297615.847531,91594.069999,-389209.915736,297615.847531
0.1394,1,-124977.117045,148840.013489,-23862.897021,-124977.117045,148840.013489,-23862.897021
0.1395,1,-2837.317049,176788.777764,-173951.459928,-2837.317049,176788.777764,-173951.459928
0.1396,1,177120.395233,-292689.137644,115568.745562,177120.395233,-292689.137644,115568.745562
0.1397,1,-222143.692314,119236.928947,102906.759277,-222143.692314,119236.928947,102906.759277
0.1398,1,90618.72678,145465.837619,-236084.561419,90618.72678,145465.837619,-236084.561419
0.1399,1,116979.820961,-247226.550228,130246.731178,116979.820961,-247226.550228,130246.731178
0.14,1,-213036.855574,117008.022535,96028.831162,-213036.855574,117008.022535,96028.831162
0.1401,1,122877.979233,94855.294825,-217733.272874,122877.979233,94855.294825,-217733.272874
0.1402,1,41839.035051,-210913.239747,169074.204648,41839.035051,-210913.239747,169074.204648
0.1403,1,-91419.361382,129709.186324,-38289.821452,-91419.361382,129709.186324,-38289.821452
0.1404,1,-40540.553624,68750.066555,-28209.516114,-40540.553624,68750.066555,-28209.516114
0.1405,1,219380.844646,-196406.449518,-22974.394423,219380.844646,-196406.449518,-22974.394423
0.1406,1,-268787.178377,158333.145352,110454.037475,-268787.178377,158333.145352,110454.037475
0.1407,1,135320.789236,-12044.378913,-123276.414121,135320.789236,-12044.378913,-123276.414121
0.1408,1,62299.958483,-93851.931788,31551.975711,62299.958483,-93851.931788,31551.975711
0.1409,1,-154851.416715,78713.699446,76137.71725,-154851.416715,78713.699446,76137.71725
0.141,1,75988.121767,22907.799759,-98895.920454,75988.121767,22907.799759,-98895.920454
0.1411,1,88656.122929,-107593.769983,18937.648212,88656.122929,-107593.769983,18937.648212
0.1412,1,-173116.889419,95824.240244,77292.646592,-173116.889419,95824.240244,77292.646592
0.1413,1,81597.316986,9869.393351,-91466.70627,81597.316986,9869.393351,-91466.70627
0.1414,1,112776.66157,-122161.968013,9385.305822,112776.66157,-122161.968013,9385.305822
0.1415,1,-249410.770873,160552.253196,88858.517198,-249410.770873,160552.253196,88858.517198
0.1416,1,207838.010456,-98961.434528,-108876.574658,207838.010456,-98961.434528,-108876.574658
0.1417,1,-11745.260263,4056.394838,7688.865391,-11745.260263,4056.394838,7688.865391
0.1418,1,-162276.877531,47128.072707,115148.807903,-162276.877531,47128.072707,115148.807903
0.1419,1,131142.476963,-6464.614671,-124677.866099,131142.476963,-6464.614671,-124677.866099
0.142,1,66649.152804,-88200.057252,21550.907082,66649.152804,-88200.057252,21550.907082
0.1421,1,-242172.657428,155274.600109,86898.060371,-242172.657428,155274.600109,86898.060371
0.1422,1,214392.493031,-117662.429327,-96730.067818,214392.493031,-117662.429327,-96730.067818
0.1423,1,-4872.215074,-15942.720811,20814.939116,-4872.215074,-15942.720811,20814.939116
0.1424,1,-194015.723957,145599.680204,48416.043696,-194015.723957,145599.680204,48416.043696
0.1425,1,188222.561511,-164459.018332,-23763.541931,188222.561511,-164459.018332,-23763.541931
0.1426,1,20625.992272,48797.827971,-69423.820738,20625.992272,48797.827971,-69423.820738
0.1427,1,-238767.160894,98728.732585,140038.427697,-238767.160894,98728.732585,140038.427697
0.1428,1,237432.22362,-132959.705316,-104472.514021,237432.22362,-132959.705316,-104472.514021
0.1429,1,10152.281948,8851.999814,-19004.28492,10152.281948,8851.999814,-19004.28492
0.143,1,-293546.776523,155466.959307,138079.819037,-293546.776523,155466.959307,138079.819037
0.1431,1,343286.896872,-193139.593601,-150147.302481,343286.896872,-193139.593601,-150147.302481
0.1432,1,-106282.747906,46332.258559,59950.489176,-106282.747906,46332.258559,59950.489176
0.1433,1,-193885.732071,156713.457088,37172.277473,-193885.732071,156713.457088,37172.277473
0.1434,1,254162.970705,-220205.251711,-33957.722478,254162.970705,-220205.251711,-33957.722478
0.1435,1,12734.717045,69878.998142,-82613.711047,12734.717045,69878.998142,-82613.711047
0.1436,1,-369654.866286,149971.884052,219682.982647,-369654.866286,149971.884052,219682.982647
0.1437,1,461746.408803,-218788.806851,-242957.604396,461746.408803,-218788.806851,-242957.604396
0.1438,1,-169489.850556,51449.588176,118040.265435,-169489.850556,51449.588176,118040.265435
0.1439,1,-255395.732234,195582.555299,59813.176728,-255395.732234,195582.555299,59813.176728
0.144,1,415043.096579,-273817.634792,-141225.460374,415043.096579,-273817.634792,-141225.460374
0.1441,1,-157488.131195,86418.721084,71069.408358,-157488.131195,86418.721084,71069.408358
0.1442,1,-255054.859447,198517.290414,56537.570778,-255054.859447,198517.290414,56537.570778
0.1443,1,391696.137617,-296679.71613,-95016.418686,391696.137617,-296679.71613,-95016.418686
0.1444,1,-77496.725085,92663.859137,-15167.137905,-77496.725085,92663.859137,-15167.137905
0.1445,1,-410697.218987,223721.83688,186975.385449,-410697.218987,223721.83688,186975.385449
0.1446,1,598575.946514,-348022.580976,-250553.365176,598575.946514,-348022.580976,-250553.365176
0.1447,1,-285385.158899,153704.162708,131680.995759,-285385.158899,153704.162708,131680.995759
0.1448,1,-241861.043019,171983.565326,69877.47945,-241861.043019,171983.565326,69877.47945
0.1449,1,466166.478213,-300189.44706,-165977.033115,466166.478213,-300189.44706,-165977.033115
0.145,1,-157473.155081,93455.499932,64017.659063,-157473.155081,93455.499932,64017.659063
0.1451,1,-384082.377032,247782.312219,136300.06344,-384082.377032,247782.312219,136300.06344
0.1452,1,599964.277234,-374649.09279,-225315.184955,599964.277234,-374649.09279,-225315.184955
0.1453,1,-231742.863697,137922.207677,93820.658742,-231742.863697,137922.207677,93820.658742
0.1454,1,-392436.114596,242387.071342,150049.042349,-392436.114596,242387.071342,150049.042349
0.1455,1,671728.297216,-397053.638541,-274674.656839,671728.297216,-397053.638541,-274674.656839
0.1456,1,-324236.928053,170828.680545,153408.245381,-324236.928053,170828.680545,153408.245381
0.1457,1,-318310.100177,213105.120398,105204.982727,-318310.100177,213105.120398,105204.982727
0.1458,1,615076.281056,-356110.318616,-258965.961027,615076.281056,-356110.318616,-258965.961027
0.1459,1,-253968.509086,89897.830765,164070.67447,-253968.509086,89897.830765,164070.67447
0.146,1,-415337.015283,323498.454713,91838.565311,-415337.015283,323498.454713,91838.565311
0.1461,1,727965.084087,-472338.648532,-255626.436409,727965.084087,-472338.648532,-255626.436409
0.1462,1,-360843.03708,192318.225741,168524.811308,-360843.03708,192318.225741,168524.811308
0.1463,1,-364388.633825,277620.470466,86768.164413,-364388.633825,277620.470466,86768.164413
0.1464,1,719180.341199,-481464.170402,-237716.171281,719180.341199,-481464.170402,-237716.171281
0.1465,1,-324186.154289,212383.554803,111802.602759,-324186.154289,212383.554803,111802.602759
0.1466,1,-410070.587716,216766.669024,193303.915655,-410070.587716,216766.669024,193303.915655
0.1467,1,759493.547982,-398494.249519,-360999.296153,759493.547982,-398494.249519,-360999.296153
0.1468,1,-368072.025085,168411.34536,199660.680862,-368072.025085,168411.34536,199660.680862
0.1469,1,-344597.81709,226773.950056,117823.865966,-344597.81709,226773.950056,117823.865966
0.147,1,723698.133743,-434032.614828,-289665.516621,723698.133743,-434032.614828,-289665.516621
0.1471,1,-429473.667555,273166.155776,156307.509554,-429473.667555,273166.155776,156307.509554
0.1472,1,-264186.032614,133709.781739,130476.254613,-264186.032614,133709.781739,130476.254613
0.1473,1,693762.404906,-415003.505077,-278758.900449,693762.404906,-415003.505077,-278758.900449
0.1474,1,-440521.579788,318014.39356,122507.184324,-440521.579788,318014.39356,122507.184324
0.1475,1,-275616.408435,60633.890513,214982.52221,-275616.408435,60633.890513,214982.52221
0.1476,1,788153.255561,-344284.586248,-443868.670824,788153.255561,-344284.586248,-443868.670824
0.1477,1,-617823.985143,255545.559058,362278.426732,-617823.985143,255545.559058,362278.426732
0.1478,1,-79482.062769,123594.03594,-44111.972953,-79482.062769,123594.03594,-44111.972953
0.1479,1,649357.579392,-438467.173135,-210890.405074,649357.579392,-438467.173135,-210890.405074
0.148,1,-550648.422143,377504.011139,173144.412533,-550648.422143,377504.011139,173144.412533
0.1481,1,-120073.250233,19735.737046,100337.510306,-120073.250233,19735.737046,100337.510306
0.1482,1,707015.815825,-384645.518274,-322370.293737,707015.815825,-384645.518274,-322370.293737
0.1483,1,-624109.470899,368151.621678,255957.849056,-624109.470899,368151.621678,255957.849056
0.1484,1,-78147.882944,19855.478127,58292.403686,-78147.882944,19855.478127,58292.403686
0.1485,1,748801.78472,-403520.960441,-345280.821554,748801.78472,-403520.960441,-345280.821554
0.1486,1,-757723.538185,417663.242375,340060.293958,-757723.538185,417663.242375,340060.293958
0.1487,1,97756.030174,-46658.56807,-51097.458785,97756.030174,-46658.56807,-51097.458785
0.1488,1,597100.394337,-366150.453923,-230949.942,597100.394337,-366150.453923,-230949.942
0.1489,1,-650355.18966,419338.116985,231017.072708,-650355.18966,419338.116985,231017.072708
0.149,1,5934.832936,-57053.475566,51118.645889,5934.832936,-57053.475566,51118.645889
0.1491,1,686429.141852,-358620.246934,-327808.897052,686429.141852,-358620.246934,-327808.897052
0.1492,1,-755282.563248,431670.726998,323611.838094,-755282.563248,431670.726998,323611.838094
0.1493,1,123267.493425,-92634.337721,-30633.156358,123267.493425,-92634.337721,-30633.156358
0.1494,1,646604.964945,-350430.090699,-296174.872119,646604.964945,-350430.090699,-296174.872119
0.1495,1,-811960.16032,463243.445246,348716.715336,-811960.16032,463243.445246,348716.715336
0.1496,1,207620.489932,-133784.910883,-73835.581348,207620.489932,-133784.910883,-73835.581348
0.1497,1,583343.674839,-311659.205083,-271684.464996,583343.674839,-311659.205083,-271684.464996
0.1498,1,-782553.746715,421024.987595,361528.757347,-782553.746715,421024.987595,361528.757347
0.1499,1,183198.143799,-69149.818178,-114048.325916,183198.143799,-69149.818178,-114048.325916
0.15,1,640252.546729,-419383.576247,-220868.967872,640252.546729,-419383.576247,-220868.967872
0.1501,1,-871074.506144,546793.177103,324281.327625,-871074.506144,546793.177103,324281.327625
0.1502,1,261540.375202,-157981.476337,-103558.896138,261540.375202,-157981.476337,-103558.896138
0.1503,1,618985.830752,-398774.290324,-220211.542714,618985.830752,-398774.290324,-220211.542714
0.1504,1,-899745.93125,569568.810355,330177.123256,-899745.93125,569568.810355,330177.123256
0.1505,1,284533.977283,-170142.027364,-114391.948858,284533.977283,-170142.027364,-114391.948858
0.1506,1,645427.446827,-388623.247997,-256804.200566,645427.446827,-388623.247997,-256804.200566
0.1507,1,-968144.813808,549734.817684,418409.998931,-968144.813808,549734.817684,418409.998931
0.1508,1,93415.304324,-119896.691688,-21813.152507,93415.304324,-119896.691688,-21813.152507
0.1509,1,140620.871353,-272278.049937,3066.792443,140620.871353,-272278.049937,3066.792443
0.151,1,-225778.531712,69987.785267,15215.579212,-225778.531712,69987.785267,15215.579212
0.1511,1,57626.304683,203544.911189,-78499.821082,57626.304683,203544.911189,-78499.821082
0.1512,1,194731.795538,38141.19831,69240.554794,194731.795538,38141.19831,69240.554794
0.1513,1,-190044.291583,-180131.872928,93463.958041,-190044.291583,-180131.872928,93463.958041
0.1514,1,-55697.765827,-100005.080542,-227898.308339,-55697.765827,-100005.080542,-227898.308339
0.1515,1,149698.372779,246023.012496,47459.920641,149698.372779,246023.012496,47459.920641
0.1516,1,-3911.073394,121809.606016,269969.560823,-3911.073394,121809.606016,269969.560823
0.1517,1,-60817.696454,-249700.885655,-245542.043998,-60817.696454,-249700.885655,-245542.043998
0.1518,1,-61256.243698,-86540.007658,-136006.434625,-61256.243698,-86540.007658,-136006.434625
0.1519,1,65208.499983,252704.414545,314781.698833,65208.499983,252704.414545,314781.698833
0.152,1,123637.726786,104991.685385,-50632.598083,123637.726786,104991.685385,-50632.598083
0.1521,1,-155492.819524,-225582.369423,-234784.944779,-155492.819524,-225582.369423,-234784.944779
0.1522,1,-102030.025683,-86728.819458,164177.246017,-102030.025683,-86728.819458,164177.246017
0.1523,1,246950.192976,255956.861159,54593.766813,246950.192976,255956.861159,54593.766813
0.1524,1,-31548.816847,59734.012148,-99412.113594,-31548.816847,59734.012148,-99412.113594
0.1525,1,-231077.81392,-194153.848765,27813.792214,-231077.81392,-194153.848765,27813.792214
0.1526,1,172038.359513,-9849.270534,-33952.005467,172038.359513,-9849.270534,-33952.005467
0.1527,1,87017.748394,128447.33174,50968.751803,87017.748394,128447.33174,50968.751803
0.1528,1,-198195.608493,75630.203665,33106.914662,-198195.608493,75630.203665,33106.914662
0.1529,1,73778.317072,-81587.512604,-121998.465215,73778.317072,-81587.512604,-121998.465215
0.153,1,97167.864301,-103419.268537,68172.798548,97167.864301,-103419.268537,68172.798548
0.1531,1,-147097.70804,131307.685869,69601.155143,-147097.70804,131307.685869,69601.155143
0.1532,1,49514.901877,97700.082809,-132776.799096,49514.901877,97700.082809,-132776.799096
0.1533,1,90067.387458,-101386.958806,48377.240299,90067.387458,-101386.958806,48377.240299
0.1534,1,-129563.649501,-40319.627439,110604.446712,-129563.649501,-40319.627439,110604.446712
0.1535,1,36935.42907,53940.42694,-178565.230746,36935.42907,53940.42694,-178565.230746
0.1536,1,50883.085447,73948.277715,40840.41814,50883.085447,73948.277715,40840.41814
0.1537,1,-45534.112981,25146.474717,170454.125573,-45534.112981,25146.474717,170454.125573
0.1538,1,27336.234251,-129283.438043,-176693.663498,27336.234251,-129283.438043,-176693.663498
0.1539,1,-49838.54834,16284.96992,-58593.7738,-49838.54834,16284.96992,-58593.7738
0.154,1,5703.981402,169657.929327,215939.645558,5703.981402,169657.929327,215939.645558
0.1541,1,122596.119221,-36366.060959,-80054.53375,122596.119221,-36366.060959,-80054.53375
0.1542,1,-129588.118858,-122873.286686,-138531.110707,-129588.118858,-122873.286686,-138531.110707
0.1543,1,-77950.367103,37484.635262,143394.643063,-77950.367103,37484.635262,143394.643063
0.1544,1,231373.607245,142311.351992,5390.32186,231373.607245,142311.351992,5390.32186
0.1545,1,-84579.631748,-20422.329258,-67906.598122,-84579.631748,-20422.329258,-67906.598122
0.1546,1,-177193.47395,-140653.012139,28745.780259,-177193.47395,-140653.012139,28745.780259
0.1547,1,196477.443684,74942.510573,-29297.545602,196477.443684,74942.510573,-29297.545602
0.1548,1,22121.666201,108545.682679,54043.160592,22121.666201,108545.682679,54043.160592
0.1549,1,-162122.664414,-57841.301307,8855.010033,-162122.664414,-57841.301307,8855.010033
0.155,1,79198.327234,-43966.165299,-107140.402468,79198.327234,-43966.165299,-107140.402468
0.1551,1,69066.854815,16389.364562,72358.618474,69066.854815,16389.364562,72358.618474
0.1552,1,-112510.868882,59281.64538,88538.810278,-112510.868882,59281.64538,88538.810278
0.1553,1,52033.652992,33302.755944,-169826.895262,52033.652992,33302.755944,-169826.895262
0.1554,1,27397.492703,-92529.3546,59576.384318,27397.492703,-92529.3546,59576.384318
0.1555,1,-63448.633402,10552.023973,113325.911029,-63448.633402,10552.023973,113325.911029
0.1556,1,50840.478598,88985.983428,-161599.286757,50840.478598,88985.983428,-161599.286757
0.1557,1,-7318.139519,-30488.396042,39938.209906,-7318.139519,-30488.396042,39938.209906
0.1558,1,-40610.888548,-18059.520804,120511.528393,-40610.888548,-18059.520804,120511.528393
0.1559,1,65750.053111,-2707.552955,-137558.717795,65750.053111,-2707.552955,-137558.717795
0.156,1,-40610.111233,3461.501832,-6515.451408,-40610.111233,3461.501832,-6515.451408
0.1561,1,-47896.576126,65883.3649,132781.078138,-47896.576126,65883.3649,132781.078138
0.1562,1,142199.442608,-33824.533978,-92012.575393,142199.442608,-33824.533978,-92012.575393
0.1563,1,-123354.804534,-57063.258974,-30206.342684,-123354.804534,-57063.258974,-30206.342684
0.1564,1,-52021.255936,46210.844116,81024.917833,-52021.255936,46210.844116,81024.917833
0.1565,1,206693.775028,55491.477111,-43182.391655,206693.775028,55491.477111,-43182.391655
0.1566,1,-122403.127256,-43577.300676,3154.50983,-122403.127256,-43577.300676,3154.50983
0.1567,1,-102954.270989,-61108.262144,12897.606824,-102954.270989,-61108.262144,12897.606824
0.1568,1,188521.310968,57927.728224,-50193.887433,188521.310968,57927.728224,-50193.887433
0.1569,1,-45656.530568,62180.658468,74938.979654,-45656.530568,62180.658468,74938.979654
0.157,1,-121217.286446,-86495.69178,-1005.589293,-121217.286446,-86495.69178,-1005.589293
0.1571,1,131466.697605,-17876.834809,-120489.803576,131466.697605,-17876.834809,-120489.803576
0.1572,1,-24804.890948,70527.405426,121195.270762,-24804.890948,70527.405426,121195.270762
0.1573,1,-62354.042176,-29914.343142,37663.804184,-62354.042176,-29914.343142,37663.804184
0.1574,1,84285.117742,5965.994328,-171623.572643,84285.117742,5965.994328,-171623.572643
0.1575,1,-55973.916778,-26319.446845,116803.62612,-55973.916778,-26319.446845,116803.62612
0.1576,1,6305.208099,-1192.273933,10167.157964,6305.208099,-1192.273933,10167.157964
0.1577,1,30920.373779,20795.719256,-62618.542861,30920.373779,20795.719256,-62618.542861
0.1578,1,-6655.927922,-18490.890666,4164.955598,-6655.927922,-18490.890666,4164.955598
0.1579,1,-40629.611054,-22979.765975,57330.154641,-40629.611054,-22979.765975,57330.154641
0.158,1,-7104.773961,9561.303573,-5248.341867,-7104.773961,9561.303573,-5248.341867
0.1581,1,32902.906943,3157.88731,-38092.259788,32902.906943,3157.88731,-38092.259788
0.1582,1,-5650.938531,-3257.291689,19562.421345,-5650.938531,-3257.291689,19562.421345
0.1583,1,-37355.350424,-8090.335406,61804.616599,-37355.350424,-8090.335406,61804.616599
0.1584,1,13247.063147,-6417.790659,-13439.036792,13247.063147,-6417.790659,-13439.036792
0.1585,1,22014.687145,11745.615364,-51631.549904,22014.687145,11745.615364,-51631.549904
0.1586,1,-27033.719728,-13140.30141,48790.775466,-27033.719728,-13140.30141,48790.775466
0.1587,1,-21789.320394,-22255.433315,45954.823757,-21789.320394,-22255.433315,45954.823757
0.1588,1,15991.219884,15425.295744,-44506.184923,15991.219884,15425.295744,-44506.184923
0.1589,1,18498.726806,558.809469,-6249.500632,18498.726806,558.809469,-6249.500632
0.159,1,-22562.461262,-15824.210224,48355.160887,-22562.461262,-15824.210224,48355.160887
0.1591,1,-26320.227045,-6584.18046,18871.902548,-26320.227045,-6584.18046,18871.902548
0.1592,1,31084.513216,-4608.072468,-29785.664418,31084.513216,-4608.072468,-29785.664418
0.1593,1,11097.668048,8182.107882,-8126.025902,11097.668048,8182.107882,-8126.025902
0.1594,1,-42899.860836,-16951.093412,53027.25593,-42899.860836,-16951.093412,53027.25593
0.1595,1,4083.152426,-20953.934997,9783.00102,4083.152426,-20953.934997,9783.00102
0.1596,1,33160.257732,22611.936793,-41359.979457,33160.257732,22611.936793,-41359.979457
0.1597,1,-13408.491912,-10440.414924,21742.829249,-13408.491912,-10440.414924,21742.829249
0.1598,1,-25586.891178,-27833.65241,43416.496436,-25586.891178,-27833.65241,43416.496436
0.1599,1,9610.781317,9067.404603,-10962.904774,9610.781317,9067.404603,-10962.904774
0.16,1,26131.985558,-2161.208064,-23267.795627,26131.985558,-2161.208064,-23267.795627
0.1601,1,-15328.979838,-12785.272949,21337.518559,-15328.979838,-12785.272949,21337.518559
0.1602,1,-26757.512987,-9480.490271,40077.241149,-26757.512987,-9480.490271,40077.241149
0.1603,1,26890.634378,-9203.005149,-14455.976957,26890.634378,-9203.005149,-14455.976957
0.1604,1,18263.898916,7185.510621,-29361.633412,18263.898916,7185.510621,-29361.633412
0.1605,1,-29296.902652,-13901.322298,43405.24172,-29296.902652,-13901.322298,43405.24172
0.1606,1,-4323.836679,-20852.907694,26991.010636,-4323.836679,-20852.907694,26991.010636
0.1607,1,24362.371419,9038.412291,-35105.981676,24362.371419,9038.412291,-35105.981676
0.1608,1,6993.129155,-6819.360144,-332.794483,6993.129155,-6819.360144,-332.794483
0.1609,1,-19450.083243,-16713.349813,37679.748248,-19450.083243,-16713.349813,37679.748248
0.161,1,-6360.103513,-6217.164417,11053.029237,-6360.103513,-6217.164417,11053.029237
0.1611,1,33488.763181,-5683.116319,-26652.035171,33488.763181,-5683.116319,-26652.035171
0.1612,1,663.919952,545.926498,-571.998868,663.919952,545.926498,-571.998868
0.1613,1,-27895.832292,-14976.590022,39450.366332,-27895.832292,-14976.590022,39450.366332
0.1614,1,17613.834582,-12534.254707,-1584.647615,17613.834582,-12534.254707,-1584.647615
0.1615,1,23569.467477,8118.005665,-31707.652485,23569.467477,8118.005665,-31707.652485
0.1616,1,-10952.40412,-16046.259178,23122.773859,-10952.40412,-16046.259178,23122.773859
0.1617,1,-11417.327495,-15722.886827,31101.932484,-11417.327495,-15722.886827,31101.932484
0.1618,1,14329.463928,3403.141576,-17593.965145,14329.463928,3403.141576,-17593.965145
0.1619,1,22930.543355,-10562.074691,-15803.618679,22930.543355,-10562.074691,-15803.618679
0.162,1,-11151.843917,-8799.300925,21870.969099,-11151.843917,-8799.300925,21870.969099
0.1621,1,-14712.336568,-8986.104746,25536.668678,-14712.336568,-8986.104746,25536.668678
0.1622,1,29778.023772,-10703.830732,-21752.578175,29778.023772,-10703.830732,-21752.578175
0.1623,1,12991.570865,3297.166418,-17037.32851,12991.570865,3297.166418,-17037.32851
0.1624,1,-18513.331922,-15034.221145,37673.844804,-18513.331922,-15034.221145,37673.844804
0.1625,1,4472.669613,-15551.295689,8230.468366,4472.669613,-15551.295689,8230.468366
0.1626,1,21356.277395,6879.685471,-30236.108483,21356.277395,6879.685471,-30236.108483
0.1627,1,11049.525535,-11955.687088,5921.936277,11049.525535,-11955.687088,5921.936277
0.1628,1,-13861.647018,-13644.688809,24275.768418,-13861.647018,-13644.688809,24275.768418
0.1629,1,542.507869,-2916.18999,1368.421697,542.507869,-2916.18999,1368.421697
0.163,1,33266.000117,-6715.47103,-23400.423408,33266.000117,-6715.47103,-23400.423408
0.1631,1,-223.667306,-2689.97382,1185.150173,-223.667306,-2689.97382,1185.150173
0.1632,1,-19182.295522,-13458.431404,31960.608732,-19182.295522,-13458.431404,31960.608732
0.1633,1,21534.267738,-10295.350888,-10109.542507,21534.267738,-10295.350888,-10109.542507
0.1634,1,21358.754355,8080.485025,-29070.20883,21358.754355,8080.485025,-29070.20883
0.1635,1,-6283.315163,-16724.084614,21385.488129,-6283.315163,-16724.084614,21385.488129
0.1636,1,-3609.301923,-13001.085772,17619.711384,-3609.301923,-13001.085772,17619.711384
0.1637,1,15723.553143,5514.222599,-20425.609138,15723.553143,5514.222599,-20425.609138
0.1638,1,21926.642979,-10890.319105,-12977.877454,21926.642979,-10890.319105,-12977.877454
0.1639,1,-6374.62041,-6656.40637,14284.726834,-6374.62041,-6656.40637,14284.726834
0.164,1,-7645.138391,-7531.625596,15814.369919,-7645.138391,-7531.625596,15814.369919
0.1641,1,29630.152512,-7759.547111,-23954.229851,29630.152512,-7759.547111,-23954.229851
0.1642,1,12215.802877,4626.651293,-15070.565844,12215.802877,4626.651293,-15070.565844
0.1643,1,-13127.579388,-14277.996959,27498.54095,-13127.579388,-14277.996959,27498.54095
0.1644,1,9514.907965,-11330.363616,-127.532982,9514.907965,-11330.363616,-127.532982
0.1645,1,21638.18056,8830.565147,-28261.81617,21638.18056,8830.565147,-28261.81617
0.1646,1,9046.691291,-10551.938212,688.595719,9046.691291,-10551.938212,688.595719
0.1647,1,-8788.629329,-10320.408131,18362.519671,-8788.629329,-10320.408131,18362.519671
0.1648,1,7504.484493,75.560593,-6556.890463,7504.484493,75.560593,-6556.890463
0.1649,1,28388.322115,-4984.723927,-23598.550521,28388.322115,-4984.723927,-23598.550521
0.165,1,187.365405,-441.798634,-7.536059,187.365405,-441.798634,-7.536059
0.1651,1,-12240.317761,-18156.256751,29861.06413,-12240.317761,-18156.256751,29861.06413
0.1652,1,20339.300193,-8224.261271,-10451.157604,20339.300193,-8224.261271,-10451.157604
0.1653,1,20389.656444,14559.51361,-36403.082584,20389.656444,14559.51361,-36403.082584
0.1654,1,-1805.595693,-10485.098663,11868.008599,-1805.595693,-10485.098663,11868.008599
0.1655,1,-2006.735579,-15372.703352,19721.406292,-2006.735579,-15372.703352,19721.406292
0.1656,1,14647.598909,5596.792699,-22688.380761,14647.598909,5596.792699,-22688.380761
0.1657,1,23262.386374,1913.101487,-24531.176866,23262.386374,1913.101487,-24531.176866
0.1658,1,-5384.174597,-5686.861281,12392.187836,-5384.174597,-5686.861281,12392.187836
0.1659,1,-4793.422532,-10532.760616,13521.02765,-4793.422532,-10532.760616,13521.02765
0.166,1,27602.205128,57.940489,-26808.983591,27602.205128,57.940489,-26808.983591
0.1661,1,12049.610308,11109.716404,-22978.947458,12049.610308,11109.716404,-22978.947458
0.1662,1,-9074.254052,-12411.429739,21180.843659,-9074.254052,-12411.429739,21180.843659
0.1663,1,5650.708551,-9730.454694,3952.159027,5650.708551,-9730.454694,3952.159027
0.1664,1,24215.115501,12386.043343,-36480.915576,24215.115501,12386.043343,-36480.915576
0.1665,1,7623.426582,372.315104,-7365.570996,7623.426582,372.315104,-7365.570996
0.1666,1,-10277.43334,-10501.023326,19432.837486,-10277.43334,-10501.023326,19432.837486
0.1667,1,12336.04468,56.175109,-11321.827642,12336.04468,56.175109,-11321.827642
0.1668,1,23269.730684,5625.25167,-28675.178807,23269.730684,5625.25167,-28675.178807
0.1669,1,-1927.03326,3702.840759,-3291.317169,-1927.03326,3702.840759,-3291.317169
0.167,1,-5680.981624,-8653.800848,16066.180064,-5680.981624,-8653.800848,16066.180064
0.1671,1,16502.027097,-1417.020625,-15807.084727,16502.027097,-1417.020625,-15807.084727
0.1672,1,16880.753232,12407.604547,-29916.363687,16880.753232,12407.604547,-29916.363687
0.1673,1,-3641.11745,-1821.79451,6725.61915,-3641.11745,-1821.79451,6725.61915
0.1674,1,-5045.091389,-7133.426938,11294.559283,-5045.091389,-7133.426938,11294.559283
0.1675,1,21112.103942,6554.676886,-27584.339906,21112.103942,6554.676886,-27584.339906
0.1676,1,13006.754009,8508.42227,-21136.929254,13006.754009,8508.42227,-21136.929254
0.1677,1,-12742.337661,-2082.48654,14498.47894,-12742.337661,-2082.48654,14498.47894
0.1678,1,6142.40978,-4521.191054,-1409.515311,6142.40978,-4521.191054,-1409.515311
0.1679,1,18142.133655,8678.327574,-27247.414575,18142.133655,8678.327574,-27247.414575
0.168,1,4253.195552,9406.62686,-12911.820843,4253.195552,9406.62686,-12911.820843
0.1681,1,-6416.467891,-5774.319974,11629.957339,-6416.467891,-5774.319974,11629.957339
0.1682,1,3300.622926,274.104792,-3926.930142,3300.622926,274.104792,-3926.930142
0.1683,1,19901.291222,13507.198298,-32011.393756,19901.291222,13507.198298,-32011.393756
0.1684,1,445.169384,4354.928693,-6452.060795,445.169384,4354.928693,-6452.060795
0.1685,1,-13329.016841,-1684.045085,15803.434448,-13329.016841,-1684.045085,15803.434448
0.1686,1,15197.039146,844.975468,-15480.30804,15197.039146,844.975468,-15480.30804
0.1687,1,14473.581487,13000.524618,-28882.251798,14473.581487,13000.524618,-28882.251798
0.1688,1,-9960.409731,6685.41837,4568.642964,-9960.409731,6685.41837,4568.642964
0.1689,1,-1280.906811,-6619.34879,7311.898091,-1280.906811,-6619.34879,7311.898091
0.169,1,10832.134431,8657.313274,-19532.784132,10832.134431,8657.313274,-19532.784132
0.1691,1,8351.466592,13665.265344,-21679.550856,8351.466592,13665.265344,-21679.550856
0.1692,1,-4536.534056,-576.268606,4594.207928,-4536.534056,-576.268606,4594.207928
0.1693,1,-8290.924076,1642.40863,7465.709799,-8290.924076,1642.40863,7465.709799
0.1694,1,16267.2574,8709.07805,-26022.747518,16267.2574,8709.07805,-26022.747518
0.1695,1,7398.12444,10895.150231,-17507.808981,7398.12444,10895.150231,-17507.808981
0.1696,1,-17156.644474,3551.570109,13681.782112,-17156.644474,3551.570109,13681.782112
0.1697,1,5827.642699,-2283.564245,-4608.278565,5827.642699,-2283.564245,-4608.278565
0.1698,1,11417.365082,15079.395122,-25023.685861,11417.365082,15079.395122,-25023.685861
0.1699,1,-4112.141465,11870.786845,-8756.277566,-4112.141465,11870.786845,-8756.277566
0.17,1,-6471.841583,-5131.998527,11617.535579,-6471.841583,-5131.998527,11617.535579
0.1701,1,783.803825,8749.26965,-8761.518173,783.803825,8749.26965,-8761.518173
0.1702,1,10250.85906,13369.190637,-24534.585547,10250.85906,13369.190637,-24534.585547
0.1703,1,-2434.260133,5275.154801,-2313.127011,-2434.260133,5275.154801,-2313.127011
0.1704,1,-15074.103347,3925.412025,11117.710087,-15074.103347,3925.412025,11117.710087
0.1705,1,9398.881422,4744.356242,-14428.527861,9398.881422,4744.356242,-14428.527861
0.1706,1,8153.999478,14288.721171,-21997.658687,8153.999478,14288.721171,-21997.658687
0.1707,1,-14860.035894,8685.680884,5604.052848,-14860.035894,8685.680884,5604.052848
0.1708,1,-1918.142589,-2943.342966,5471.332557,-1918.142589,-2943.342966,5471.332557
0.1709,1,4121.793695,12085.554863,-16554.384271,4121.793695,12085.554863,-16554.384271
0.171,1,2202.340662,15030.73055,-17520.085909,2202.340662,15030.73055,-17520.085909
0.1711,1,-7213.363082,215.473515,7992.532225,-7213.363082,215.473515,7992.532225
0.1712,1,-10931.668837,6172.410901,3494.096891,-10931.668837,6172.410901,3494.096891
0.1713,1,9166.53829,10556.051214,-18900.248835,9166.53829,10556.051214,-18900.248835
0.1714,1,-964.569505,12256.501231,-11191.501395,-964.569505,12256.501231,-11191.501395
0.1715,1,-15299.02502,4846.476624,9531.904926,-15299.02502,4846.476624,9531.904926
0.1716,1,449.342498,540.041758,190.088686,449.342498,540.041758,190.088686
0.1717,1,1408.637913,14840.297059,-17100.518033,1408.637913,14840.297059,-17100.518033
0.1718,1,-7390.185365,13290.677958,-5639.568426,-7390.185365,13290.677958,-5639.568426
0.1719,1,-6832.850385,-2829.011272,9931.088916,-6832.850385,-2829.011272,9931.088916
0.172,1,-5187.02418,8959.640341,-4396.18116,-5187.02418,8959.640341,-4396.18116
0.1721,1,3829.53974,13869.297424,-16875.768412,3829.53974,13869.297424,-16875.768412
0.1722,1,-7731.878692,6692.561232,214.863608,-7731.878692,6692.561232,214.863608
0.1723,1,-14949.269128,4937.199142,10521.850775,-14949.269128,4937.199142,10521.850775
0.1724,1,5731.296875,4236.566968,-9838.42825,5731.296875,4236.566968,-9838.42825
0.1725,1,-3092.23659,15049.376774,-12782.503434,-3092.23659,15049.376774,-12782.503434
0.1726,1,-13848.107314,8577.55229,6426.370519,-13848.107314,8577.55229,6426.370519
0.1727,1,-4447.150321,-2049.625391,5634.468696,-4447.150321,-2049.625391,5634.468696
0.1728,1,-2661.481571,11439.043073,-8684.051376,-2661.481571,11439.043073,-8684.051376
0.1729,1,-2170.918902,13162.080106,-10295.909756,-2170.918902,13162.080106,-10295.909756
0.173,1,-11813.768938,1604.323342,9137.733797,-11813.768938,1604.323342,9137.733797
0.1731,1,-11500.867977,6418.996319,5998.035647,-11500.867977,6418.996319,5998.035647
0.1732,1,5416.832614,8052.624559,-13883.517628,5416.832614,8052.624559,-13883.517628
0.1733,1,-7575.384348,10703.662463,-3279.565304,-7575.384348,10703.662463,-3279.565304
0.1734,1,-17362.052328,6029.833925,11931.974445,-17362.052328,6029.833925,11931.974445
0.1735,1,-943.390581,-618.329464,703.026373,-943.390581,-618.329464,703.026373
0.1736,1,3496.847338,11292.668195,-13912.220889,3496.847338,11292.668195,-13912.220889
0.1737,1,-9341.101461,7951.824388,797.885885,-9341.101461,7951.824388,797.885885
0.1738,1,-13291.877385,1687.501071,11636.864571,-13291.877385,1687.501071,11636.864571
0.1739,1,-8668.446716,8248.277418,1005.300472,-8668.446716,8248.277418,1005.300472
0.174,1,3947.194124,7607.74124,-12479.961652,3947.194124,7607.74124,-12479.961652
0.1741,1,-10083.8664,5601.04926,5248.287673,-10083.8664,5601.04926,5248.287673
0.1742,1,-19458.537627,5415.144402,13860.607902,-19458.537627,5415.144402,13860.607902
0.1743,1,2147.849691,3306.694281,-5925.421135,2147.849691,3306.694281,-5925.421135
0.1744,1,-2583.502779,10204.107066,-6801.752204,-2583.502779,10204.107066,-6801.752204
0.1745,1,-15023.59108,5428.579337,8895.703266,-15023.59108,5428.579337,8895.703266
0.1746,1,-10825.023492,-294.195238,11352.12083,-10825.023492,-294.195238,11352.12083
0.1747,1,-2774.349877,9564.598233,-6465.325093,-2774.349877,9564.598233,-6465.325093
0.1748,1,-2331.929058,5498.914947,-3917.628599,-2331.929058,5498.914947,-3917.628599
0.1749,1,-14810.403234,2550.740721,13188.921269,-14810.403234,2550.740721,13188.921269
0.175,1,-13756.145156,4603.945798,8341.811753,-13756.145156,4603.945798,8341.811753
0.1751,1,3591.127379,4185.714268,-7384.765776,3591.127379,4185.714268,-7384.765776
0.1752,1,-6658.332309,6775.486753,125.920501,-6658.332309,6775.486753,125.920501
0.1753,1,-19805.016138,2384.619172,16549.123448,-19805.016138,2384.619172,16549.123448
0.1754,1,-3178.603808,-273.137109,4649.343054,-3178.603808,-273.137109,4649.343054
0.1755,1,-2762.705396,9786.949445,-8046.272495,-2762.705396,9786.949445,-8046.272495
0.1756,1,-9763.487299,3604.835614,6563.93653,-9763.487299,3604.835614,6563.93653
0.1757,1,-12584.494231,-2699.072214,15632.555527,-12584.494231,-2699.072214,15632.555527
0.1758,1,-9223.772657,5699.144813,2654.718931,-9223.772657,5699.144813,2654.718931
0.1759,1,2934.027495,4034.388394,-6021.012093,2934.027495,4034.388394,-6021.012093
0.176,1,-13455.122546,2881.294318,9959.582064,-13455.122546,2881.294318,9959.582064
0.1761,1,-15341.161226,-274.335985,15695.920114,-15341.161226,-274.335985,15695.920114
0.1762,1,1235.868883,-988.087016,171.873814,1235.868883,-988.087016,171.873814
0.1763,1,-7732.441013,10426.133248,-3406.197306,-7732.441013,10426.133248,-3406.197306
0.1764,1,-14157.850981,272.146019,14597.602469,-14157.850981,272.146019,14597.602469
0.1765,1,-6511.968158,-7349.837319,13456.167953,-6511.968158,-7349.837319,13456.167953
0.1766,1,-3542.402345,6558.32065,-3130.780046,-3542.402345,6558.32065,-3130.780046
0.1767,1,-5817.357452,3549.930383,2916.857217,-5817.357452,3549.930383,2916.857217
0.1768,1,-12808.374987,-3575.497321,15446.074146,-12808.374987,-3575.497321,15446.074146
0.1769,1,-9381.73293,-505.389789,10692.587504,-9381.73293,-505.389789,10692.587504
0.177,1,3626.88733,-1317.770975,-2590.61615,3626.88733,-1317.770975,-2590.61615
0.1771,1,-11648.619556,5593.359697,5669.946842,-11648.619556,5593.359697,5669.946842
0.1772,1,-14902.53928,-3292.777949,19067.56341,-14902.53928,-3292.777949,19067.56341
0.1773,1,2345.15276,-8466.565335,5162.098533,2345.15276,-8466.565335,5162.098533
0.1774,1,-4828.035487,7580.515537,-2109.207418,-4828.035487,7580.515537,-2109.207418
0.1775,1,-9869.132369,-1051.555489,10824.211411,-9869.132369,-1051.555489,10824.211411
0.1776,1,-9342.461518,-8624.193001,17526.738683,-9342.461518,-8624.193001,17526.738683
0.1777,1,-2266.556794,787.793817,2250.136959,-2266.556794,787.793817,2250.136959
0.1778,1,98.511395,-1520.888726,632.440456,98.511395,-1520.888726,632.440456
0.1779,1,-13540.822567,-1358.718113,15394.256806,-13540.822567,-1358.718113,15394.256806
0.178,1,-8596.042452,-5139.185433,13747.614273,-8596.042452,-5139.185433,13747.614273
0.1781,1,6132.980212,-6869.638644,209.078063,6132.980212,-6869.638644,209.078063
0.1782,1,-7283.374452,4815.461964,3283.394292,-7283.374452,4815.461964,3283.394292
0.1783,1,-12801.19896,-5617.157277,17704.318852,-12801.19896,-5617.157277,17704.318852
0.1784,1,469.007018,-10552.476959,10331.691081,469.007018,-10552.476959,10331.691081
0.1785,1,193.772413,2110.698011,-1936.082595,193.772413,2110.698011,-1936.082595
0.1786,1,-6354.07459,-3927.756227,9448.982537,-6354.07459,-3927.756227,9448.982537
0.1787,1,-8405.025153,-6947.214769,16276.727065,-8405.025153,-6947.214769,16276.727065
0.1788,1,-2461.543576,-4615.152168,6470.709772,-2461.543576,-4615.152168,6470.709772
0.1789,1,6794.036003,-5896.200358,-868.065636,6794.036003,-5896.200358,-868.065636
0.179,1,-11577.138904,-696.744105,12837.609323,-11577.138904,-696.744105,12837.609323
0.1791,1,-7319.216767,-8007.15032,14379.386173,-7319.216767,-8007.15032,14379.386173
0.1792,1,7451.424787,-9658.072907,3195.040562,7451.424787,-9658.072907,3195.040562
0.1793,1,-2961.503458,992.565652,1295.364136,-2961.503458,992.565652,1295.364136
0.1794,1,-6679.531296,-7750.237047,14546.751813,-6679.531296,-7750.237047,14546.751813
0.1795,1,-3191.199251,-9478.035665,13142.125153,-3191.199251,-9478.035665,13142.125153
0.1796,1,3911.208918,-2741.38936,-2022.136667,3911.208918,-2741.38936,-2022.136667
0.1797,1,1750.150572,-8005.669874,7111.608427,1750.150572,-8005.669874,7111.608427
0.1798,1,-8613.260447,-5218.019482,13350.68699,-8613.260447,-5218.019482,13350.68699
0.1799,1,-1990.628975,-7761.292965,9660.377614,-1990.628975,-7761.292965,9660.377614
0.18,1,10323.263355,-8651.591695,-1085.022409,10323.263355,-8651.591695,-1085.022409
0.1801,1,-4427.049905,-2829.09275,6483.682064,-4427.049905,-2829.09275,6483.682064
0.1802,1,-6429.464324,-8620.864715,15629.516933,-6429.464324,-8620.864715,15629.516933
0.1803,1,5740.253414,-10731.549489,4880.641909,5740.253414,-10731.549489,4880.641909
0.1804,1,2827.797881,-1869.984534,-1372.232445,2827.797881,-1869.984534,-1372.232445
0.1805,1,1331.223533,-10119.857929,9564.037689,1331.223533,-10119.857929,9564.037689
0.1806,1,-5551.640222,-8464.163035,13189.834561,-5551.640222,-8464.163035,13189.834561
0.1807,1,4489.388546,-5765.810695,1823.742269,4489.388546,-5765.810695,1823.742269
0.1808,1,9608.338697,-9611.481755,-39.954331,9608.338697,-9611.481755,-39.954331
0.1809,1,-6094.10298,-4455.025642,10065.191199,-6094.10298,-4455.025642,10065.191199
0.181,1,-631.335374,-9856.641369,11299.546363,-631.335374,-9856.641369,11299.546363
0.1811,1,9198.181472,-10128.082515,145.358632,9198.181472,-10128.082515,145.358632
0.1812,1,3530.28289,-2295.602478,-830.335982,3530.28289,-2295.602478,-830.335982
0.1813,1,-2317.060661,-10346.628966,12829.195233,-2317.060661,-10346.628966,12829.195233
0.1814,1,3039.169482,-10835.07533,7133.025495,3039.169482,-10835.07533,7133.025495
0.1815,1,6939.477684,-3673.266098,-2403.697256,6939.477684,-3673.266098,-2403.697256
0.1816,1,5906.878608,-9671.003257,3088.179219,5906.878608,-9671.003257,3088.179219
0.1817,1,-3271.290501,-6525.130234,9990.465797,-3271.290501,-6525.130234,9990.465797
0.1818,1,3858.401867,-9316.747051,5832.450349,3858.401867,-9316.747051,5832.450349
0.1819,1,12867.131734,-9499.964785,-4158.14393,12867.131734,-9499.964785,-4158.14393
0.182,1,-1227.118665,-2224.885018,4346.5829,-1227.118665,-2224.885018,4346.5829
0.1821,1,603.061016,-11558.481515,10309.26619,603.061016,-11558.481515,10309.26619
0.1822,1,9886.809159,-10268.030823,530.051273,9886.809159,-10268.030823,530.051273
0.1823,1,6550.050799,-2429.395488,-3722.885496,6550.050799,-2429.395488,-3722.885496
0.1824,1,2891.998314,-9942.026897,6287.02392,2891.998314,-9942.026897,6287.02392
0.1825,1,1062.682,-8315.206338,8041.33367,1062.682,-8315.206338,8041.33367
0.1826,1,9810.532469,-7048.944133,-3218.695712,9810.532469,-7048.944133,-3218.695712
0.1827,1,9581.974237,-8592.234858,-1074.150604,9581.974237,-8592.234858,-1074.150604
0.1828,1,-1018.868701,-3733.305968,5345.652974,-1018.868701,-3733.305968,5345.652974
0.1829,1,4167.260855,-11220.63108,6215.01967,4167.260855,-11220.63108,6215.01967
0.183,1,14203.45791,-8276.515625,-5212.531339,14203.45791,-8276.515625,-5212.531339
0.1831,1,3914.349864,-1795.83998,-2398.135304,3914.349864,-1795.83998,-2398.135304
0.1832,1,1415.463432,-10780.694423,9093.422398,1415.463432,-10780.694423,9093.422398
0.1833,1,9124.20799,-7586.31168,-829.101614,9124.20799,-7586.31168,-829.101614
0.1834,1,8873.562688,-4195.774489,-5529.848516,8873.562688,-4195.774489,-5529.848516
0.1835,1,8332.262422,-8579.821066,897.719026,8332.262422,-8579.821066,897.719026
0.1836,1,-379.833019,-5345.515542,5538.225628,-379.833019,-5345.515542,5538.225628
0.1837,1,9507.773527,-8238.713804,-1611.584972,9507.773527,-8238.713804,-1611.584972
0.1838,1,14216.1422,-6603.513252,-6894.8649,14216.1422,-6603.513252,-6894.8649
0.1839,1,305.59286,-2253.45324,1173.813459,305.59286,-2253.45324,1173.813459
0.184,1,5640.491719,-10488.604722,5334.519746,5640.491719,-10488.604722,5334.519746
0.1841,1,11061.262324,-5042.205422,-5997.701037,11061.262324,-5042.205422,-5997.701037
0.1842,1,8950.644806,-1472.836263,-7998.274504,8950.644806,-1472.836263,-7998.274504
0.1843,1,4822.737991,-9920.373695,5887.615226,4822.737991,-9920.373695,5887.615226
0.1844,1,4916.759368,-4748.489817,-878.993916,4916.759368,-4748.489817,-878.993916
0.1845,1,11152.451394,-4319.990093,-6506.911477,11152.451394,-4319.990093,-6506.911477
0.1846,1,11036.961795,-5618.73846,-5224.640655,11036.961795,-5618.73846,-5224.640655
0.1847,1,1044.116435,-2909.549145,1247.570782,1044.116435,-2909.549145,1247.570782
0.1848,1,7829.110627,-8686.154128,1625.817012,7829.110627,-8686.154128,1625.817012
0.1849,1,13732.357809,-2452.666916,-11861.267828,13732.357809,-2452.666916,-11861.267828
0.185,1,3982.131015,-343.789937,-3501.116134,3982.131015,-343.789937,-3501.116134
0.1851,1,6616.368317,-9717.664335,3480.378973,6616.368317,-9717.664335,3480.378973
0.1852,1,7504.454716,-2848.363607,-5399.772045,7504.454716,-2848.363607,-5399.772045
0.1853,1,10341.617064,113.300485,-9659.389964,10341.617064,113.300485,-9659.389964
0.1854,1,8643.238698,-6871.347963,-2271.699241,8643.238698,-6871.347963,-2271.699241
0.1855,1,1772.168798,-1522.396625,-272.78886,1772.168798,-1522.396625,-272.78886
0.1856,1,11952.908646,-5455.099997,-5943.693616,11952.908646,-5455.099997,-5943.693616
0.1857,1,9393.539084,-837.264334,-9420.459493,9393.539084,-837.264334,-9420.459493
0.1858,1,3174.567632,368.90677,-2719.217601,3174.567632,368.90677,-2719.217601
0.1859,1,7912.573196,-8752.121712,386.011219,7912.573196,-8752.121712,386.011219
0.186,1,9860.070404,496.617673,-10441.168026,9860.070404,496.617673,-10441.168026
0.1861,1,7278.07789,1507.105079,-8220.257518,7278.07789,1507.105079,-8220.257518
0.1862,1,5716.454052,-6179.814357,-326.648718,5716.454052,-6179.814357,-326.648718
0.1863,1,6732.642578,81.72769,-6136.780239,6732.642578,81.72769,-6136.780239
0.1864,1,9501.963832,-783.558842,-9001.45169,9501.963832,-783.558842,-9001.45169
0.1865,1,9037.285085,-1506.197498,-7748.731423,9037.285085,-1506.197498,-7748.731423
0.1866,1,624.755881,1822.923713,-1838.28291,624.755881,1822.923713,-1838.28291
0.1867,1,11131.289271,-5445.486892,-6405.66911,11131.289271,-5445.486892,-6405.66911
0.1868,1,8685.613085,2492.038628,-10675.093387,8685.613085,2492.038628,-10675.093387
0.1869,1,3020.399427,2625.817504,-5697.635155,3020.399427,2625.817504,-5697.635155
0.187,1,7676.052557,-5221.497833,-2884.662149,7676.052557,-5221.497833,-2884.662149
0.1871,1,6111.214778,3699.976011,-9083.829565,6111.214778,3699.976011,-9083.829565
0.1872,1,8720.782288,1405.827445,-10829.480094,8720.782288,1405.827445,-10829.480094
0.1873,1,4935.654615,-1070.369854,-3499.344272,4935.654615,-1070.369854,-3499.344272
0.1874,1,2766.183866,3334.154444,-5959.191083,2766.183866,3334.154444,-5959.191083
0.1875,1,9890.616215,-916.019801,-9573.747576,9890.616215,-916.019801,-9573.747576
0.1876,1,6711.795627,3214.430741,-9110.788881,6711.795627,3214.430741,-9110.788881
0.1877,1,1199.538735,3547.302428,-5443.323815,1199.538735,3547.302428,-5443.323815
0.1878,1,6924.411082,-1942.439016,-4688.438728,6924.411082,-1942.439016,-4688.438728
0.1879,1,7340.275834,5513.52767,-12625.675906,7340.275834,5513.52767,-12625.675906
0.188,1,3194.510695,3576.858995,-7420.995066,3194.510695,3576.858995,-7420.995066
0.1881,1,5502.849103,-714.755057,-3989.974032,5502.849103,-714.755057,-3989.974032
0.1882,1,1967.476698,6192.935629,-8772.706047,1967.476698,6192.935629,-8772.706047
0.1883,1,8013.142103,2357.837818,-10192.565005,8013.142103,2357.837818,-10192.565005
0.1884,1,4931.166141,2932.296295,-7549.503382,4931.166141,2932.296295,-7549.503382
0.1885,1,-1869.114006,5607.54562,-4384.872314,-1869.114006,5607.54562,-4384.872314
0.1886,1,8931.592372,983.275974,-9238.28626,8931.592372,983.275974,-9238.28626
0.1887,1,2978.704145,6716.089715,-10087.100085,2978.704145,6716.089715,-10087.100085
0.1888,1,2104.323313,5063.418653,-7243.647115,2104.323313,5063.418653,-7243.647115
0.1889,1,3267.487177,563.658163,-3309.027585,3267.487177,563.658163,-3309.027585
0.189,1,2039.561543,8858.026828,-11644.520112,2039.561543,8858.026828,-11644.520112
0.1891,1,5586.127304,3925.288405,-8860.518018,5586.127304,3925.288405,-8860.518018
0.1892,1,1043.384934,3114.454907,-4425.333046,1043.384934,3114.454907,-4425.333046
0.1893,1,-375.414523,7999.031471,-7866.898337,-375.414523,7999.031471,-7866.898337
0.1894,1,4787.353926,3503.320337,-7620.464785,4787.353926,3503.320337,-7620.464785
0.1895,1,3201.102036,6684.800881,-10717.055993,3201.102036,6684.800881,-10717.055993
0.1896,1,-2799.239784,6799.742093,-3341.727169,-2799.239784,6799.742093,-3341.727169
0.1897,1,3910.083838,2311.044873,-6443.335549,3910.083838,2311.044873,-6443.335549
0.1898,1,518.504025,10022.339934,-10833.928781,518.504025,10022.339934,-10833.928781
0.1899,1,1043.251494,5881.962416,-6252.180309,1043.251494,5881.962416,-6252.180309
0.19,1,1178.977285,2843.499308,-4781.887848,1178.977285,2843.499308,-4781.887848
0.1901,1,-3540.389003,10650.83355,-6584.351221,-3540.389003,10650.83355,-6584.351221
0.1902,1,5244.048604,4379.16003,-9703.482765,5244.048604,4379.16003,-9703.482765
0.1903,1,-2096.943848,6876.813834,-5158.031038,-2096.943848,6876.813834,-5158.031038
0.1904,1,-2775.44868,8622.707805,-5194.556431,-2775.44868,8622.707805,-5194.556431
0.1905,1,2116.153673,2890.239157,-5632.589942,2116.153673,2890.239157,-5632.589942
0.1906,1,-1470.840497,11118.247093,-9329.732395,-1470.840497,11118.247093,-9329.732395
0.1907,1,-1729.153679,6519.171754,-4654.27616,-1729.153679,6519.171754,-4654.27616
0.1908,1,-1348.236236,3523.599549,-2705.457066,-1348.236236,3523.599549,-2705.457066
0.1909,1,-1656.105827,11206.486141,-8859.872675,-1656.105827,11206.486141,-8859.872675
0.191,1,-1083.598117,5719.83296,-5174.927253,-1083.598117,5719.83296,-5174.927253
0.1911,1,-1772.266511,6543.39659,-4634.828059,-1772.266511,6543.39659,-4634.828059
0.1912,1,-5262.173099,9337.146302,-3726.56049,-5262.173099,9337.146302,-3726.56049
0.1913,1,1914.07393,3577.786617,-6196.329017,1914.07393,3577.786617,-6196.329017
0.1914,1,-4140.026175,10815.727502,-5897.584495,-4140.026175,10815.727502,-5897.584495
0.1915,1,-6033.248296,7452.89681,-1951.498771,-6033.248296,7452.89681,-1951.498771
0.1916,1,2011.095428,2881.238669,-4823.317028,2011.095428,2881.238669,-4823.317028
0.1917,1,-5967.543526,11661.990053,-5275.029596,-5967.543526,11661.990053,-5275.029596
0.1918,1,-2536.031735,5810.300728,-4003.245409,-2536.031735,5810.300728,-4003.245409
0.1919,1,-4600.033029,6253.628697,-916.682458,-4600.033029,6253.628697,-916.682458
0.192,1,-3732.265469,10277.984615,-6990.674728,-3732.265469,10277.984615,-6990.674728
0.1921,1,-158.679013,4010.792047,-3866.757315,-158.679013,4010.792047,-3866.757315
0.1922,1,-7523.820497,8924.38158,-956.055625,-7523.820497,8924.38158,-956.055625
0.1923,1,-5469.419785,8488.312282,-3676.989827,-5469.419785,8488.312282,-3676.989827
0.1924,1,-12.436738,4742.595528,-4162.624529,-12.436738,4742.595528,-4162.624529
0.1925,1,-5680.375999,10529.030877,-5061.641385,-5680.375999,10529.030877,-5061.641385
0.1926,1,-6514.1202,4705.997829,1561.827757,-6514.1202,4705.997829,1561.827757
0.1927,1,-3150.870639,6698.903565,-2938.896644,-3150.870639,6698.903565,-2938.896644
0.1928,1,-6527.601204,12176.841623,-6360.975275,-6527.601204,12176.841623,-6360.975275
0.1929,1,-2015.110397,3577.726858,-1055.320041,-2015.110397,3577.726858,-1055.320041
0.193,1,-6792.64843,5368.339701,1346.249622,-6792.64843,5368.339701,1346.249622
0.1931,1,-9207.136335,11365.936045,-2551.271364,-9207.136335,11365.936045,-2551.271364
0.1932,1,-405.896961,6327.676255,-5214.464525,-405.896961,6327.676255,-5214.464525
0.1933,1,-8647.416777,7699.537327,215.558292,-8647.416777,7699.537327,215.558292
0.1934,1,-5344.30855,4834.511141,970.987082,-5344.30855,4834.511141,970.987082
0.1935,1,-6388.684695,6737.331942,-357.669205,-6388.684695,6737.331942,-357.669205
0.1936,1,-9308.776568,12993.987424,-4114.319759,-9308.776568,12993.987424,-4114.319759
0.1937,1,-1484.610811,2573.000109,-418.665315,-1484.610811,2573.000109,-418.665315
0.1938,1,-6233.108952,2310.546882,3311.705004,-6233.108952,2310.546882,3311.705004
0.1939,1,-6188.496667,9885.861439,-3413.652607,-6188.496667,9885.861439,-3413.652607
0.194,1,-6314.943662,3521.759673,2962.398051,-6314.943662,3521.759673,2962.398051
0.1941,1,-9226.979178,4758.919364,3920.503024,-9226.979178,4758.919364,3920.503024
0.1942,1,-4250.146219,2028.885962,2909.426322,-4250.146219,2028.885962,2909.426322
0.1943,1,-2138.327666,-345.907918,1956.670424,-2138.327666,-345.907918,1956.670424
0.1944,1,-16944.686577,10158.848733,6923.2051,-16944.686577,10158.848733,6923.2051
0.1945,1,-12351.445398,6488.95662,6178.087201,-12351.445398,6488.95662,6178.087201
0.1946,1,-3197.201365,-3933.929487,6497.371812,-3197.201365,-3933.929487,6497.371812
0.1947,1,-14102.810887,6370.143837,8415.111434,-14102.810887,6370.143837,8415.111434
0.1948,1,-13689.016963,13473.761504,-224.040793,-13689.016963,13473.761504,-224.040793
0.1949,1,-14922.226716,11412.057072,3521.768455,-14922.226716,11412.057072,3521.768455
0.195,1,-5160.86862,1839.963693,3739.257647,-5160.86862,1839.963693,3739.257647
0.1951,1,-5062.036046,-2676.524666,7075.309693,-5062.036046,-2676.524666,7075.309693
0.1952,1,-17823.658054,17070.528073,1372.461675,-17823.658054,17070.528073,1372.461675
0.1953,1,-4690.151346,9341.717433,-4954.333988,-4690.151346,9341.717433,-4954.333988
0.1954,1,-2275.174688,-7566.312523,9692.689391,-2275.174688,-7566.312523,9692.689391
0.1955,1,-14154.730193,4560.704296,10137.542336,-14154.730193,4560.704296,10137.542336
0.1956,1,-8970.232502,12290.674249,-4030.118064,-8970.232502,12290.674249,-4030.118064
0.1957,1,-1325.193079,2152.372559,-249.228927,-1325.193079,2152.372559,-249.228927
0.1958,1,-8244.238931,-5167.364901,13208.723865,-8244.238931,-5167.364901,13208.723865
0.1959,1,-8909.988337,2500.814283,6156.426676,-8909.988337,2500.814283,6156.426676
0.196,1,-9615.730776,11773.552454,-1561.288873,-9615.730776,11773.552454,-1561.288873
0.1961,1,-4844.114385,1580.097708,2583.124329,-4844.114385,1580.097708,2583.124329
0.1962,1,-1689.560676,-10598.332433,12762.020949,-1689.560676,-10598.332433,12762.020949
0.1963,1,-17685.197829,8510.643323,9109.580496,-17685.197829,8510.643323,9109.580496
0.1964,1,-3049.875875,8976.54794,-6294.528312,-3049.875875,8976.54794,-6294.528312
0.1965,1,-2087.359439,-6017.017146,8745.135542,-2087.359439,-6017.017146,8745.135542
0.1966,1,-12971.002649,-3312.691981,15648.13596,-12971.002649,-3312.691981,15648.13596
0.1967,1,-5932.027844,4991.812412,1298.303245,-5932.027844,4991.812412,1298.303245
0.1968,1,-6919.390291,6317.080297,675.295087,-6919.390291,6317.080297,675.295087
0.1969,1,-3656.654466,-5757.93698,8945.231496,-3656.654466,-5757.93698,8945.231496
0.197,1,-7525.836676,-6738.051889,14926.63977,-7525.836676,-6738.051889,14926.63977
0.1971,1,-11970.852265,9266.179395,2135.380356,-11970.852265,9266.179395,2135.380356
0.1972,1,-1791.364626,2630.119849,-605.04265,-1791.364626,2630.119849,-605.04265
0.1973,1,-306.944341,-12450.954906,12956.630966,-306.944341,-12450.954906,12956.630966
0.1974,1,-14299.564261,106.66688,13655.641288,-14299.564261,106.66688,13655.641288
0.1975,1,-5018.496489,6611.13606,-956.268401,-5018.496489,6611.13606,-956.268401
0.1976,1,-618.716173,-3128.353838,3296.784213,-618.716173,-3128.353838,3296.784213
0.1977,1,-7587.851866,-8495.778155,16144.22166,-7587.851866,-8495.778155,16144.22166
0.1978,1,-4531.302634,-2510.218628,7408.827997,-4531.302634,-2510.218628,7408.827997
0.1979,1,-9586.619231,6596.365601,2343.147117,-9586.619231,6596.365601,2343.147117
0.198,1,-105.258158,-4001.44348,4766.517786,-105.258158,-4001.44348,4766.517786
0.1981,1,-1442.093083,-14232.055214,15277.594591,-1442.093083,-14232.055214,15277.594591
0.1982,1,-14168.167739,4700.606223,9438.154921,-14168.167739,4700.606223,9438.154921
0.1983,1,372.772607,2630.334228,-2563.590115,372.772607,2630.334228,-2563.590115
0.1984,1,-28.130303,-10555.47435,9925.194669,-28.130303,-10555.47435,9925.194669
0.1985,1,-7300.650538,-6786.119719,14684.168324,-7300.650538,-6786.119719,14684.168324
0.1986,1,-5688.550847,369.769449,5034.755037,-5688.550847,369.769449,5034.755037
0.1987,1,-2415.161642,1038.045296,1235.033274,-2415.161642,1038.045296,1235.033274
0.1988,1,78.391317,-8876.813267,9296.492651,78.391317,-8876.813267,9296.492651
0.1989,1,-3189.06027,-10573.913502,13134.471855,-3189.06027,-10573.913502,13134.471855
0.199,1,-9516.461274,4253.6506,5743.065057,-9516.461274,4253.6506,5743.065057
0.1991,1,1048.727461,-3197.266103,2031.950941,1048.727461,-3197.266103,2031.950941
0.1992,1,3604.197689,-13675.674651,9769.07505,3604.197689,-13675.674651,9769.07505
0.1993,1,-10761.083332,-2990.368304,14348.688357,-10761.083332,-2990.368304,14348.688357
0.1994,1,-911.292008,-526.408263,799.588063,-911.292008,-526.408263,799.588063
0.1995,1,-2558.66268,-2206.592317,5174.170694,-2558.66268,-2206.592317,5174.170694
0.1996,1,-2846.892882,-8899.90787,11740.957876,-2846.892882,-8899.90787,11740.957876
0.1997,1,1155.298842,-10175.559412,8624.451596,1155.298842,-10175.559412,8624.451596
0.1998,1,-5648.784255,665.446157,5608.681319,-5648.784255,665.446157,5608.681319
0.1999,1,2849.205348,-6162.575804,2731.49668,2849.205348,-6162.575804,2731.49668
0.2,1,-512.307095,-12896.346045,13694.523407,-512.307095,-12896.346045,13694.523407
0.2001,1,-4613.891887,-2917.060986,7669.034711,-4613.891887,-2917.060986,7669.034711
0.2002,1,3413.464653,-5694.915604,1774.648992,3413.464653,-5694.915604,1774.648992
0.2003,1,460.806273,-7026.709368,7231.370132,460.806273,-7026.709368,7231.370132
0.2004,1,-2946.191201,-9054.971368,11455.628216,-2946.191201,-9054.971368,11455.628216
0.2005,1,3894.471322,-8697.223798,5004.525546,3894.471322,-8697.223798,5004.525546
0.2006,1,-278.176982,-1681.129719,2179.497244,-278.176982,-1681.129719,2179.497244
0.2007,1,-1248.23965,-9819.933326,10529.533489,-1248.23965,-9819.933326,10529.533489
0.2008,1,4844.71122,-12796.446345,8573.856296,4844.71122,-12796.446345,8573.856296
0.2009,1,-2993.921885,-2026.770256,4583.327267,-2993.921885,-2026.770256,4583.327267
0.201,1,6343.597786,-7233.795242,961.426741,6343.597786,-7233.795242,961.426741
0.2011,1,1254.145209,-11983.162823,11044.598775,1254.145209,-11983.162823,11044.598775
0.2012,1,-2120.510364,-6231.392391,7801.823935,-2120.510364,-6231.392391,7801.823935
0.2013,1,9141.665803,-8139.567362,-471.918823,9141.665803,-8139.567362,-471.918823
0.2014,1,-231.281642,-4717.521342,4688.130626,-231.281642,-4717.521342,4688.130626
0.2015,1,2168.056722,-11790.118302,9481.453602,2168.056722,-11790.118302,9481.453602
0.2016,1,5544.294994,-10412.243832,5369.864642,5544.294994,-10412.243832,5369.864642
0.2017,1,1943.298374,-1348.681729,-1258.106667,1943.298374,-1348.681729,-1258.106667
0.2018,1,7011.699516,-12549.130499,6092.097776,7011.699516,-12549.130499,6092.097776
0.2019,1,3773.543682,-12953.755965,8964.10574,3773.543682,-12953.755965,8964.10574
0.202,1,934.034308,-2448.078838,1304.691619,934.034308,-2448.078838,1304.691619
0.2021,1,9926.23984,-8008.256907,-1371.907573,9926.23984,-8008.256907,-1371.907573
0.2022,1,4770.097228,-10344.870099,4922.351697,4770.097228,-10344.870099,4922.351697
0.2023,1,242.871287,-8748.702328,8995.092904,242.871287,-8748.702328,8995.092904
0.2024,1,9472.853742,-7461.470576,-2139.35297,9472.853742,-7461.470576,-2139.35297
0.2025,1,2906.906535,-2045.268505,-1134.112906,2906.906535,-2045.268505,-1134.112906
0.2026,1,8535.310923,-13761.445854,5768.394429,8535.310923,-13761.445854,5768.394429
0.2027,1,6312.550828,-10723.761504,3845.818135,6312.550828,-10723.761504,3845.818135
0.2028,1,-347.891773,1579.064975,-893.813128,-347.891773,1579.064975,-893.813128
0.2029,1,14122.216698,-9343.706556,-4736.636037,14122.216698,-9343.706556,-4736.636037
0.203,1,3891.710769,-10815.548169,6520.428219,3891.710769,-10815.548169,6520.428219
0.2031,1,2749.158578,-5236.839649,3078.593352,2749.158578,-5236.839649,3078.593352
0.2032,1,9643.134902,-6837.628037,-3325.436241,9643.134902,-6837.628037,-3325.436241
0.2033,1,5268.529188,-3980.543495,-1065.583329,5268.529188,-3980.543495,-1065.583329
0.2034,1,7387.6293,-11346.0555,4133.984106,7387.6293,-11346.0555,4133.984106
0.2035,1,6672.258886,-8164.163159,991.940308,6672.258886,-8164.163159,991.940308
0.2036,1,3742.554936,698.33601,-3828.692442,3742.554936,698.33601,-3828.692442
0.2037,1,10471.286435,-9730.121535,-1201.624683,10471.286435,-9730.121535,-1201.624683
0.2038,1,7317.544656,-9575.71264,2368.440885,7317.544656,-9575.71264,2368.440885
0.2039,1,1442.005999,-2298.884887,1148.777069,1442.005999,-2298.884887,1148.777069
0.204,1,12456.231691,-6025.845095,-7003.676494,12456.231691,-6025.845095,-7003.676494
0.2041,1,5519.786253,-5627.297321,724.631585,5519.786253,-5627.297321,724.631585
0.2042,1,5221.341112,-8084.309411,2458.769709,5221.341112,-8084.309411,2458.769709
0.2043,1,11750.391836,-6301.930711,-5419.508847,11750.391836,-6301.930711,-5419.508847
0.2044,1,3026.469375,-114.896437,-2561.762812,3026.469375,-114.896437,-2561.762812
0.2045,1,10084.677933,-9281.759062,-1372.058271,10084.677933,-9281.759062,-1372.058271
0.2046,1,6319.045273,-7520.297266,1741.338555,6319.045273,-7520.297266,1741.338555
0.2047,1,5691.883543,47.876502,-6016.98262,5691.883543,47.876502,-6016.98262
0.2048,1,12370.895957,-6677.574656,-5793.410296,12370.895957,-6677.574656,-5793.410296
0.2049,1,4797.310307,-5562.501842,1193.120221,4797.310307,-5562.501842,1193.120221
0.205,1,6108.863169,-4679.297379,-1990.128859,6108.863169,-4679.297379,-1990.128859
0.2051,1,11454.953541,-3570.205842,-7443.186685,11454.953541,-3570.205842,-7443.186685
0.2052,1,6700.8681,-1463.456399,-5357.217382,6700.8681,-1463.456399,-5357.217382
0.2053,1,6007.449709,-7619.401304,1348.477333,6007.449709,-7619.401304,1348.477333
0.2054,1,10219.765903,-4187.877198,-5487.9864,10219.765903,-4187.877198,-5487.9864
0.2055,1,5247.42111,1606.90647,-7450.947261,5247.42111,1606.90647,-7450.947261
0.2056,1,10997.100211,-6038.826531,-4559.926751,10997.100211,-6038.826531,-4559.926751
0.2057,1,6223.339916,-4981.998027,-1270.581798,6223.339916,-4981.998027,-1270.581798
0.2058,1,4402.076658,246.373524,-5001.718767,4402.076658,246.373524,-5001.718767
0.2059,1,14330.396643,-3461.299542,-10278.882616,14330.396643,-3461.299542,-10278.882616
0.206,1,2892.555008,-1375.062838,-2098.368403,2892.555008,-1375.062838,-2098.368403
0.2061,1,8234.250153,-5345.735016,-2554.696411,8234.250153,-5345.735016,-2554.696411
0.2062,1,9392.388181,-1381.377542,-7965.478481,9392.388181,-1381.377542,-7965.478481
0.2063,1,5518.12036,2967.003601,-8877.468812,5518.12036,2967.003601,-8877.468812
0.2064,1,9115.01483,-5216.962799,-3336.51124,9115.01483,-5216.962799,-3336.51124
0.2065,1,5639.295988,-2400.149794,-3720.811292,5639.295988,-2400.149794,-3720.811292
0.2066,1,6907.992915,3158.846409,-9873.539852,6907.992915,3158.846409,-9873.539852
0.2067,1,9970.003915,-2502.421452,-7290.314698,9970.003915,-2502.421452,-7290.314698
0.2068,1,4655.766694,-125.196419,-4995.281515,4655.766694,-125.196419,-4995.281515
0.2069,1,5350.520311,-1244.967091,-3561.159569,5350.520311,-1244.967091,-3561.159569
0.207,1,11337.237341,275.871172,-11990.990999,11337.237341,275.871172,-11990.990999
0.2071,1,3052.180354,3875.124542,-6889.685758,3052.180354,3875.124542,-6889.685758
0.2072,1,6918.401365,-3335.617442,-3250.101153,6918.401365,-3335.617442,-3250.101153
0.2073,1,7775.614662,152.905602,-8500.343017,7775.614662,152.905602,-8500.343017
0.2074,1,3770.541862,6016.361597,-9208.15915,3770.541862,6016.361597,-9208.15915
0.2075,1,9519.722435,-1938.655003,-7928.743368,9519.722435,-1938.655003,-7928.743368
0.2076,1,2128.794651,1612.269903,-3762.415833,2128.794651,1612.269903,-3762.415833
0.2077,1,7021.314805,2212.472069,-8859.875559,7021.314805,2212.472069,-8859.875559
0.2078,1,9094.518735,1155.109823,-10808.99947,9094.518735,1155.109823,-10808.99947
0.2079,1,536.245727,5655.128534,-5687.684181,536.245727,5655.128534,-5687.684181
0.208,1,6365.797517,-1419.95699,-5178.496517,6365.797517,-1419.95699,-5178.496517
0.2081,1,7114.538337,2987.526596,-10233.489142,7114.538337,2987.526596,-10233.489142
0.2082,1,3418.906771,6906.333002,-9894.308964,3418.906771,6906.333002,-9894.308964
0.2083,1,4294.786211,-16.880471,-4810.612371,4294.786211,-16.880471,-4810.612371
0.2084,1,4859.012933,2925.502958,-7390.955928,4859.012933,2925.502958,-7390.955928
0.2085,1,4106.972535,5793.572876,-9970.995462,4106.972535,5793.572876,-9970.995462
0.2086,1,6463.534101,2245.576012,-9005.129778,6463.534101,2245.576012,-9005.129778
0.2087,1,-386.088823,6203.640953,-5267.071511,-386.088823,6203.640953,-5267.071511
0.2088,1,4313.885401,1795.26359,-6690.569588,4313.885401,1795.26359,-6690.569588
0.2089,1,8613.144906,4262.63689,-12498.561898,8613.144906,4262.63689,-12498.561898
0.209,1,-2761.20093,8799.335971,-6060.805594,-2761.20093,8799.335971,-6060.805594
0.2091,1,4560.141614,720.610656,-5610.236461,4560.141614,720.610656,-5610.236461
0.2092,1,4461.527301,5346.867085,-9275.871042,4461.527301,5346.867085,-9275.871042
0.2093,1,1728.906363,7846.385479,-10075.745278,1728.906363,7846.385479,-10075.745278
0.2094,1,3351.513076,3369.688931,-6468.349165,3351.513076,3369.688931,-6468.349165
0.2095,1,-1342.229603,6597.321787,-5152.865827,-1342.229603,6597.321787,-5152.865827
0.2096,1,4964.469926,5018.263032,-10389.639269,4964.469926,5018.263032,-10389.639269
0.2097,1,3461.522603,5578.784337,-8510.458744,3461.522603,5578.784337,-8510.458744
0.2098,1,-2998.36451,9039.262408,-6455.43697,-2998.36451,9039.262408,-6455.43697
0.2099,1,1739.500563,2835.148543,-4462.985918,1739.500563,2835.148543,-4462.985918
0.21,1,5634.504645,7335.597267,-12718.934136,5634.504645,7335.597267,-12718.934136
0.2101,1,-2690.887276,9288.807927,-7114.199751,-2690.887276,9288.807927,-7114.199751
0.2102,1,216.678866,4197.625015,-3842.27196,216.678866,4197.625015,-3842.27196
0.2103,1,999.819175,7924.887534,-9317.205145,999.819175,7924.887534,-9317.205145
0.2104,1,182.02017,8301.451395,-8426.862413,182.02017,8301.451395,-8426.862413
0.2105,1,2293.080939,6013.776386,-8012.62172,2293.080939,6013.776386,-8012.62172
0.2106,1,-6635.546955,9721.870399,-3595.156331,-6635.546955,9721.870399,-3595.156331
0.2107,1,2244.95685,6136.710231,-7882.369041,2244.95685,6136.710231,-7882.369041
0.2108,1,1983.631547,8264.417726,-10518.36404,1983.631547,8264.417726,-10518.36404
0.2109,1,-6600.277513,11388.713473,-4863.504988,-6600.277513,11388.713473,-4863.504988
0.211,1,-927.982609,4237.801549,-2921.468804,-927.982609,4237.801549,-2921.468804
0.2111,1,-2255.547255,11844.419141,-10120.284939,-2255.547255,11844.419141,-10120.284939
0.2112,1,-1764.216077,9620.194484,-7411.852119,-1764.216077,9620.194484,-7411.852119
0.2113,1,-4376.358675,6549.418419,-2334.810128,-4376.358675,6549.418419,-2334.810128
0.2114,1,-6016.686435,10583.879643,-4759.530247,-6016.686435,10583.879643,-4759.530247
0.2115,1,-2135.178432,8351.758374,-5748.351918,-2135.178432,8351.758374,-5748.351918
0.2116,1,-2131.934372,8497.410758,-6911.360655,-2131.934372,8497.410758,-6911.360655
0.2117,1,-9041.313831,10632.106755,-1195.858713,-9041.313831,10632.106755,-1195.858713
0.2118,1,-4103.054137,4775.009659,-751.250055,-4103.054137,4775.009659,-751.250055
0.2119,1,-1852.007749,10462.914646,-8873.281133,-1852.007749,10462.914646,-8873.281133
0.212,1,-8322.971048,10210.910613,-1403.200126,-8322.971048,10210.910613,-1403.200126
0.2121,1,-3466.438381,3397.123718,-420.830719,-3466.438381,3397.123718,-420.830719
0.2122,1,-7733.349432,10978.701502,-2966.604155,-7733.349432,10978.701502,-2966.604155
0.2123,1,-3225.741678,7332.044393,-4046.352373,-3225.741678,7332.044393,-4046.352373
0.2124,1,-4177.839209,6302.474909,-2502.165775,-4177.839209,6302.474909,-2502.165775
0.2125,1,-10462.745051,9947.913876,1053.590083,-10462.745051,9947.913876,1053.590083
0.2126,1,-1865.148001,4017.528446,-2623.81223,-1865.148001,4017.528446,-2623.81223
0.2127,1,-5541.32559,9528.441763,-3781.680644,-5541.32559,9528.441763,-3781.680644
0.2128,1,-8107.459298,8730.968645,-474.957567,-8107.459298,8730.968645,-474.957567
0.2129,1,-5302.015865,3012.582075,1850.878693,-5302.015865,3012.582075,1850.878693
0.213,1,-5814.04041,10218.132035,-3859.298118,-5814.04041,10218.132035,-3859.298118
0.2131,1,-6251.549578,7071.94137,-1243.043036,-6251.549578,7071.94137,-1243.043036
0.2132,1,-5848.428228,4771.047722,1206.980217,-5848.428228,4771.047722,1206.980217
0.2133,1,-8920.163604,9263.51784,-135.098841,-8920.163604,9263.51784,-135.098841
0.2134,1,-4985.762324,4867.737872,-324.551082,-4985.762324,4867.737872,-324.551082
0.2135,1,-4216.266641,7068.219467,-2376.997123,-4216.266641,7068.219467,-2376.997123
0.2136,1,-12450.729153,8465.263024,3694.556404,-12450.729153,8465.263024,3694.556404
0.2137,1,-3078.380002,2638.554941,413.829967,-3078.380002,2638.554941,413.829967
0.2138,1,-7391.337833,8962.668726,-1232.637585,-7391.337833,8962.668726,-1232.637585
0.2139,1,-8615.154496,6497.12264,1610.336822,-8615.154496,6497.12264,1610.336822
0.214,1,-5322.652039,3138.915611,2643.246145,-5322.652039,3138.915611,2643.246145
0.2141,1,-10492.413765,8869.103508,1413.21037,-10492.413765,8869.103508,1413.21037
0.2142,1,-4101.688615,4183.190647,-215.285769,-4101.688615,4183.190647,-215.285769
0.2143,1,-7865.905626,5140.704829,3153.944323,-7865.905626,5140.704829,3153.944323
0.2144,1,-10824.382619,7318.595343,2957.685277,-10824.382619,7318.595343,2957.685277
0.2145,1,-4553.021433,2504.532667,2492.878799,-4553.021433,2504.532667,2492.878799
0.2146,1,-7457.89795,6812.916155,483.734639,-7457.89795,6812.916155,483.734639
0.2147,1,-9833.847834,5248.349189,4408.097362,-9833.847834,5248.349189,4408.097362
0.2148,1,-6469.687612,2130.44504,4768.234596,-6469.687612,2130.44504,4768.234596
0.2149,1,-7920.680435,6855.592014,579.763328,-7920.680435,6855.592014,579.763328
0.215,1,-8028.781311,3881.8355,4473.942981,-8028.781311,3881.8355,4473.942981
0.2151,1,-5930.477362,2120.454601,3786.961192,-5930.477362,2120.454601,3786.961192
0.2152,1,-11877.633922,6536.780183,5049.925159,-11877.633922,6536.780183,5049.925159
0.2153,1,-4091.711438,1536.312871,3035.187226,-4091.711438,1536.312871,3035.187226
0.2154,1,-7588.085388,4017.22155,3112.10291,-7588.085388,4017.22155,3112.10291
0.2155,1,-11646.44105,4550.202232,7334.337931,-11646.44105,4550.202232,7334.337931
0.2156,1,-3570.858532,109.051469,3551.606366,-3570.858532,109.051469,3551.606366
0.2157,1,-10097.099377,5334.078342,4380.832437,-10097.099377,5334.078342,4380.832437
0.2158,1,-6527.758793,2164.095218,4879.444449,-6527.758793,2164.095218,4879.444449
0.2159,1,-7857.896719,133.924675,7292.369501,-7857.896719,133.924675,7292.369501
0.216,1,-8934.78741,5054.000804,4049.276323,-8934.78741,5054.000804,4049.276323
0.2161,1,-5302.220236,-65.762704,5529.962857,-5302.220236,-65.762704,5529.962857
0.2162,1,-7806.186474,1488.298392,5902.522522,-7806.186474,1488.298392,5902.522522
0.2163,1,-9567.021991,3055.762155,6995.954457,-9567.021991,3055.762155,6995.954457
0.2164,1,-5173.3575,-1277.303265,6112.544874,-5173.3575,-1277.303265,6112.544874
0.2165,1,-6488.524068,2574.229991,3954.903168,-6488.524068,2574.229991,3954.903168
0.2166,1,-9865.64249,835.071258,9312.919653,-9865.64249,835.071258,9312.919653
0.2167,1,-4196.819492,-1967.726111,5673.988519,-4196.819492,-1967.726111,5673.988519
0.2168,1,-8854.54026,2977.049962,6374.926245,-8854.54026,2977.049962,6374.926245
0.2169,1,-5500.628743,-1319.665073,6521.603616,-5500.628743,-1319.665073,6521.603616
0.217,1,-5849.05328,-1716.863948,7547.856881,-5849.05328,-1716.863948,7547.856881
0.2171,1,-10055.29341,2438.613975,7936.238983,-10055.29341,2438.613975,7936.238983
0.2172,1,-1972.361635,-3987.687818,5483.849701,-1972.361635,-3987.687818,5483.849701
0.2173,1,-7980.964903,766.684355,7640.190351,-7980.964903,766.684355,7640.190351
0.2174,1,-7322.831884,-1163.209214,8293.722932,-7322.831884,-1163.209214,8293.722932
0.2175,1,-3820.940866,-3715.972856,7419.251048,-3820.940866,-3715.972856,7419.251048
0.2176,1,-6743.459126,916.452547,6195.527926,-6743.459126,916.452547,6195.527926
0.2177,1,-5169.492015,-3478.259155,8201.152745,-5169.492015,-3478.259155,8201.152745
0.2178,1,-5362.601005,-3090.563374,8770.569196,-5362.601005,-3090.563374,8770.569196
0.2179,1,-6064.353391,-431.124063,6463.171046,-6064.353391,-431.124063,6463.171046
0.218,1,-3836.197099,-4420.253685,7971.085131,-3836.197099,-4420.253685,7971.085131
0.2181,1,-3916.408811,-2954.746015,7372.731062,-3916.408811,-2954.746015,7372.731062
0.2182,1,-8294.954394,-1533.57698,9307.582734,-8294.954394,-1533.57698,9307.582734
0.2183,1,-402.077738,-6150.498669,6888.433828,-402.077738,-6150.498669,6888.433828
0.2184,1,-5526.757014,-1200.143858,6705.560817,-5526.757014,-1200.143858,6705.560817
0.2185,1,-5492.56464,-4661.370099,9864.910256,-5492.56464,-4661.370099,9864.910256
0.2186,1,-994.910518,-5574.243903,7037.817303,-994.910518,-5574.243903,7037.817303
0.2187,1,-6725.673041,-1601.131054,7882.912861,-6725.673041,-1601.131054,7882.912861
0.2188,1,-232.188302,-6475.009328,6940.494849,-232.188302,-6475.009328,6940.494849
0.2189,1,-4542.627359,-4686.368155,9298.062509,-4542.627359,-4686.368155,9298.062509
0.219,1,-4418.086787,-3235.714927,7327.346542,-4418.086787,-3235.714927,7327.346542
0.2191,1,516.942036,-7347.341698,7257.202295,516.942036,-7347.341698,7257.202295
0.2192,1,-4193.468933,-3634.404901,7505.056701,-4193.468933,-3634.404901,7505.056701
0.2193,1,-2851.492127,-5575.528091,8487.444318,-2851.492127,-5575.528091,8487.444318
0.2194,1,-480.387895,-7262.392463,7992.210828,-480.387895,-7262.392463,7992.210828
0.2195,1,-2297.73647,-3451.421913,5278.637797,-2297.73647,-3451.421913,5278.637797
0.2196,1,-1733.635826,-7333.783818,9575.714806,-1733.635826,-7333.783818,9575.714806
0.2197,1,-179.021105,-6783.54706,6620.201,-179.021105,-6783.54706,6620.201
0.2198,1,-3130.732024,-4286.019765,7460.209163,-3130.732024,-4286.019765,7460.209163
0.2199,1,1812.891045,-8237.48931,6689.858109,1812.891045,-8237.48931,6689.858109
0.22,1,-986.410187,-6233.503481,6767.073562,-986.410187,-6233.503481,6767.073562
0.2201,1,-3091.158433,-5241.690675,8777.7149,-3091.158433,-5241.690675,8777.7149
0.2202,1,4614.63517,-9666.139148,4804.633786,4614.63517,-9666.139148,4804.633786
0.2203,1,-3275.760637,-3991.11242,7216.623659,-3275.760637,-3991.11242,7216.623659
0.2204,1,1994.232833,-8587.829433,6911.486041,1994.232833,-8587.829433,6911.486041
0.2205,1,814.904408,-8016.883658,6764.961241,814.904408,-8016.883658,6764.961241
0.2206,1,-225.813508,-4784.972885,5368.329766,-225.813508,-4784.972885,5368.329766
0.2207,1,3418.65752,-9701.551308,6171.470475,3418.65752,-9701.551308,6171.470475
0.2208,1,-182.116331,-6723.427912,6712.36699,-182.116331,-6723.427912,6712.36699
0.2209,1,1490.561771,-6501.988919,5438.32112,1490.561771,-6501.988919,5438.32112
0.221,1,3505.528772,-9541.829458,5549.566876,3505.528772,-9541.829458,5549.566876
0.2211,1,1771.923329,-6023.52529,4600.164894,1771.923329,-6023.52529,4600.164894
0.2212,1,772.434446,-7960.754285,7119.18851,772.434446,-7960.754285,7119.18851
0.2213,1,5287.720877,-9362.911377,3844.894389,5287.720877,-9362.911377,3844.894389
0.2214,1,1049.713811,-5160.018697,4534.707046,1049.713811,-5160.018697,4534.707046
0.2215,1,3797.078421,-9785.757749,5559.225165,3797.078421,-9785.757749,5559.225165
0.2216,1,4226.54311,-7965.853699,3986.63937,4226.54311,-7965.853699,3986.63937
0.2217,1,866.127942,-5804.950148,4982.611325,866.127942,-5804.950148,4982.611325
0.2218,1,7719.383256,-10582.375272,2547.908007,7719.383256,-10582.375272,2547.908007
0.2219,1,1344.904752,-6042.201931,5148.160742,1344.904752,-6042.201931,5148.160742
0.222,1,3947.207449,-7970.125802,3632.842759,3947.207449,-7970.125802,3632.842759
0.2221,1,6985.182648,-9539.608712,2715.021078,6985.182648,-9539.608712,2715.021078
0.2222,1,2037.359169,-5240.971915,3344.837299,2037.359169,-5240.971915,3344.837299
0.2223,1,6403.849652,-9805.70895,3017.870163,6403.849652,-9805.70895,3017.870163
0.2224,1,4442.834032,-7519.306923,3542.53607,4442.834032,-7519.306923,3542.53607
0.2225,1,5076.356057,-6275.808008,848.463669,5076.356057,-6275.808008,848.463669
0.2226,1,6062.151795,-9469.911189,3498.927795,6062.151795,-9469.911189,3498.927795
0.2227,1,5573.999608,-6828.037742,1457.15011,5573.999608,-6828.037742,1457.15011
0.2228,1,3939.067705,-6807.857283,2465.721718,3939.067705,-6807.857283,2465.721718
0.2229,1,8946.117017,-9157.895459,636.80041,8946.117017,-9157.895459,636.80041
0.223,1,4164.418834,-5715.146318,1292.688333,4164.418834,-5715.146318,1292.688333
0.2231,1,5456.852496,-7788.563072,2308.311382,5456.852496,-7788.563072,2308.311382
0.2232,1,9300.551516,-8448.122246,-552.56384,9300.551516,-8448.122246,-552.56384
0.2233,1,2976.637526,-4478.360803,1051.465585,2976.637526,-4478.360803,1051.465585
0.2234,1,9718.02952,-9437.727826,131.743369,9718.02952,-9437.727826,131.743369
0.2235,1,5104.689298,-5834.695849,530.249916,5104.689298,-5834.695849,530.249916
0.2236,1,6290.322625,-5905.018537,-478.624923,6290.322625,-5905.018537,-478.624923
0.2237,1,9725.946238,-8389.828416,-992.428333,9725.946238,-8389.828416,-992.428333
0.2238,1,4256.774156,-4980.272681,280.876196,4256.774156,-4980.272681,280.876196
0.2239,1,8292.067189,-6565.84971,-1375.188254,8292.067189,-6565.84971,-1375.188254
0.224,1,8098.947313,-7262.217325,-944.540248,8098.947313,-7262.217325,-944.540248
0.2241,1,6333.516734,-4188.552337,-2323.936141,6333.516734,-4188.552337,-2323.936141
0.2242,1,7755.309625,-7200.194893,-168.090974,7755.309625,-7200.194893,-168.090974
0.2243,1,8201.632881,-5761.597276,-2864.353353,8201.632881,-5761.597276,-2864.353353
0.2244,1,6285.960753,-3867.330693,-2141.811067,6285.960753,-3867.330693,-2141.811067
0.2245,1,9386.465776,-7399.22893,-1993.370886,9386.465776,-7399.22893,-1993.370886
0.2246,1,6818.374407,-3990.323863,-3097.038551,6818.374407,-3990.323863,-3097.038551
0.2247,1,6522.571797,-4392.445508,-1698.048893,6522.571797,-4392.445508,-1698.048893
0.2248,1,11069.108404,-6538.372152,-4941.579513,11069.108404,-6538.372152,-4941.579513
0.2249,1,4595.466084,-2600.052625,-1779.049994,4595.466084,-2600.052625,-1779.049994
0.225,1,9150.022207,-5215.63511,-3864.333732,9150.022207,-5215.63511,-3864.333732
0.2251,1,8600.65121,-4810.165759,-4114.243869,8600.65121,-4810.165759,-4114.243869
0.2252,1,5888.379123,-1751.723594,-3698.071506,5888.379123,-1751.723594,-3698.071506
0.2253,1,10353.557226,-6305.851014,-4411.853828,10353.557226,-6305.851014,-4411.853828
0.2254,1,5554.081797,-1808.64902,-3609.975922,5554.081797,-1808.64902,-3609.975922
0.2255,1,8652.686328,-3018.226284,-5483.808856,8652.686328,-3018.226284,-5483.808856
0.2256,1,8543.757315,-4494.946593,-4417.977879,8543.757315,-4494.946593,-4417.977879
0.2257,1,6825.391289,-1465.337959,-4931.125197,6825.391289,-1465.337959,-4931.125197
0.2258,1,7354.602809,-2821.7321,-4836.34779,7354.602809,-2821.7321,-4836.34779
0.2259,1,9163.456439,-3235.314625,-5877.778687,9163.456439,-3235.314625,-5877.778687
0.226,1,6346.117238,-460.256515,-5663.718434,6346.117238,-460.256515,-5663.718434
0.2261,1,7659.842353,-3506.799814,-4546.708119,7659.842353,-3506.799814,-4546.708119
0.2262,1,8662.913668,-1046.780725,-7224.308352,8662.913668,-1046.780725,-7224.308352
0.2263,1,4891.68155,-234.076472,-4872.720665,4891.68155,-234.076472,-4872.720665
0.2264,1,10507.057406,-3225.252951,-7340.180129,10507.057406,-3225.252951,-7340.180129
0.2265,1,4483.620898,711.577269,-4882.282334,4483.620898,711.577269,-4882.282334
0.2266,1,7381.262206,-620.974559,-7197.060053,7381.262206,-620.974559,-7197.060053
0.2267,1,8957.488856,-1831.203904,-6747.851851,8957.488856,-1831.203904,-6747.851851
0.2268,1,4319.864316,1797.320463,-6277.601158,4319.864316,1797.320463,-6277.601158
0.2269,1,8533.13083,-1647.422214,-7008.081932,8533.13083,-1647.422214,-7008.081932
0.227,1,5933.974828,1137.136731,-6719.349537,5933.974828,1137.136731,-6719.349537
0.2271,1,6218.757643,1113.151285,-7760.787512,6218.757643,1113.151285,-7760.787512
0.2272,1,7256.318851,-646.23267,-6285.411873,7256.318851,-646.23267,-6285.411873
0.2273,1,5481.510421,2212.149494,-7777.555261,5481.510421,2212.149494,-7777.555261
0.2274,1,5687.118589,1387.625579,-7261.028119,5687.118589,1387.625579,-7261.028119
0.2275,1,7310.687424,553.770467,-7493.672751,7310.687424,553.770467,-7493.672751
0.2276,1,4693.778815,2597.522957,-7679.268257,4693.778815,2597.522957,-7679.268257
0.2277,1,4918.814274,2198.047517,-6884.055538,4918.814274,2198.047517,-6884.055538
0.2278,1,7689.818346,1009.330113,-8669.748219,7689.818346,1009.330113,-8669.748219
0.2279,1,2269.978493,4541.804894,-7094.985221,2269.978493,4541.804894,-7094.985221
0.228,1,7500.687578,545.991279,-7625.628877,7500.687578,545.991279,-7625.628877
0.2281,1,3638.62913,4271.095479,-8291.131689,3638.62913,4271.095479,-8291.131689
0.2282,1,3870.264845,3528.798825,-7215.735153,3870.264845,3528.798825,-7215.735153
0.2283,1,6979.123118,1759.257152,-8648.273506,6979.123118,1759.257152,-8648.273506
0.2284,1,1172.38806,5281.407981,-6773.283162,1172.38806,5281.407981,-6773.283162
0.2285,1,5955.986685,3360.835133,-8908.119675,5955.986685,3360.835133,-8908.119675
0.2286,1,3530.757501,3341.308669,-7190.092988,3530.757501,3341.308669,-7190.092988
0.2287,1,2875.951597,5549.512402,-8336.199074,2875.951597,5549.512402,-8336.199074
0.2288,1,3989.425805,3269.625115,-7078.453728,3989.425805,3269.625115,-7078.453728
0.2289,1,2934.451545,5169.229417,-8476.678218,2934.451545,5169.229417,-8476.678218
0.229,1,2660.147072,5464.107794,-7717.295361,2660.147072,5464.107794,-7717.295361
0.2291,1,3137.051481,3730.60538,-7133.213393,3137.051481,3730.60538,-7133.213393
0.2292,1,2393.330133,6161.599042,-8543.771897,2393.330133,6161.599042,-8543.771897
0.2293,1,952.585651,5895.294624,-6598.073899,952.585651,5895.294624,-6598.073899
0.2294,1,4567.40267,3876.355736,-8848.255274,4567.40267,3876.355736,-8848.255274
0.2295,1,-999.020895,7696.230749,-6306.901003,-999.020895,7696.230749,-6306.901003
0.2296,1,2807.143691,4900.269261,-7920.747334,2807.143691,4900.269261,-7920.747334
0.2297,1,1873.131292,5803.723356,-7723.259567,1873.131292,5803.723356,-7723.259567
0.2298,1,-1087.382684,7772.659933,-6407.371857,-1087.382684,7772.659933,-6407.371857
0.2299,1,3446.542612,4241.445567,-8066.920597,3446.542612,4241.445567,-8066.920597
0.23,1,-1937.255458,8358.385,-6112.898602,-1937.255458,8358.385,-6112.898602
0.2301,1,1586.861237,6094.829815,-7776.640899,1586.861237,6094.829815,-7776.640899
0.2302,1,178.045075,5960.054083,-6303.999015,178.045075,5960.054083,-6303.999015
0.2303,1,-1181.015391,8147.660289,-6603.935132,-1181.015391,8147.660289,-6603.935132
0.2304,1,18.642685,6580.794452,-7006.633042,18.642685,6580.794452,-7006.633042
0.2305,1,-299.960444,6514.301081,-5933.755704,-299.960444,6514.301081,-5933.755704
0.2306,1,-1652.66163,8448.909635,-6829.680949,-1652.66163,8448.909635,-6829.680949
0.2307,1,-1215.117407,6160.204897,-5173.056553,-1215.117407,6160.204897,-5173.056553
0.2308,1,-367.247371,7946.824489,-7184.099757,-367.247371,7946.824489,-7184.099757
0.2309,1,-3743.171703,8000.161524,-4654.235947,-3743.171703,8000.161524,-4654.235947
0.231,1,587.905072,6116.646815,-6467.999822,587.905072,6116.646815,-6467.999822
0.2311,1,-4233.629138,9108.813012,-4857.051068,-4233.629138,9108.813012,-4857.051068
0.2312,1,-2022.431999,7230.519225,-5462.736981,-2022.431999,7230.519225,-5462.736981
0.2313,1,-878.591253,6804.831349,-5552.540959,-878.591253,6804.831349,-5552.540959
0.2314,1,-5859.392064,9305.51581,-3769.386001,-5859.392064,9305.51581,-3769.386001
0.2315,1,-477.069709,6601.021259,-5995.036329,-477.069709,6601.021259,-5995.036329
0.2316,1,-4637.813798,8176.467341,-3412.93516,-4637.813798,8176.467341,-3412.93516
0.2317,1,-3531.351881,8363.907676,-5159.621125,-3531.351881,8363.907676,-5159.621125
0.2318,1,-2968.954556,6709.36338,-3351.537526,-2968.954556,6709.36338,-3351.537526
0.2319,1,-5056.705029,9086.919496,-4311.388112,-5056.705029,9086.919496,-4311.388112
0.232,1,-3525.271979,7231.975897,-3655.369107,-3525.271979,7231.975897,-3655.369107
0.2321,1,-4179.990819,7507.734681,-3123.110195,-4179.990819,7507.734681,-3123.110195
0.2322,1,-5160.65746,8404.770048,-3619.357585,-5160.65746,8404.770048,-3619.357585
0.2323,1,-5137.733647,7961.816566,-2434.407094,-5137.733647,7961.816566,-2434.407094
0.2324,1,-3304.894155,6603.350969,-3538.382631,-3304.894155,6603.350969,-3538.382631
0.2325,1,-7492.054148,9237.562418,-1753.199347,-7492.054148,9237.562418,-1753.199347
0.2326,1,-3479.972126,6300.876013,-2571.527602,-3479.972126,6300.876013,-2571.527602
0.2327,1,-6139.753536,8201.020535,-2441.555728,-6139.753536,8201.020535,-2441.555728
0.2328,1,-6633.446934,7947.896566,-966.768119,-6633.446934,7947.896566,-966.768119
0.2329,1,-3492.076438,5997.879566,-2670.916908,-3492.076438,5997.879566,-2670.916908
0.233,1,-9101.896249,9083.267884,-66.877623,-9101.896249,9083.267884,-66.877623
0.2331,1,-3654.380113,6278.777929,-2326.78628,-3654.380113,6278.777929,-2326.78628
0.2332,1,-7207.264472,6904.37787,-74.853072,-7207.264472,6904.37787,-74.853072
0.2333,1,-6901.208889,8014.545875,-819.462408,-6901.208889,8014.545875,-819.462408
0.2334,1,-5991.52432,6278.9908,-368.291849,-5991.52432,6278.9908,-368.291849
0.2335,1,-7042.254628,6895.786071,-20.338383,-7042.254628,6895.786071,-20.338383
0.2336,1,-6801.076444,7297.549431,-152.735285,-6801.076444,7297.549431,-152.735285
0.2337,1,-7026.710085,5589.97367,1065.536135,-7026.710085,5589.97367,1065.536135
0.2338,1,-6943.050092,7479.873144,-297.81678,-6943.050092,7479.873144,-297.81678
0.2339,1,-7912.908422,6014.773913,1896.507657,-7912.908422,6014.773913,1896.507657
0.234,1,-5657.844614,5365.447139,55.240895,-5657.844614,5365.447139,55.240895
0.2341,1,-9196.482445,7244.579823,2329.037682,-9196.482445,7244.579823,2329.037682
0.2342,1,-6648.095238,5239.548665,1052.033867,-6648.095238,5239.548665,1052.033867
0.2343,1,-6616.39248,5144.107129,1658.799401,-6616.39248,5144.107129,1658.799401
0.2344,1,-9586.661247,6862.085464,2786.422962,-9586.661247,6862.085464,2786.422962
0.2345,1,-5518.055853,3731.540793,1506.240009,-5518.055853,3731.540793,1506.240009
0.2346,1,-9215.411969,6494.166611,3099.244607,-9215.411969,6494.166611,3099.244607
0.2347,1,-6877.945165,4368.031358,2197.41596,-6877.945165,4368.031358,2197.41596
0.2348,1,-7366.764681,4257.366777,3225.129909,-7366.764681,4257.366777,3225.129909
0.2349,1,-9217.567785,5833.36394,3512.296851,-9217.567785,5833.36394,3512.296851
0.235,1,-6512.370965,3312.806904,2888.765426,-6512.370965,3312.806904,2888.765426
0.2351,1,-8213.797009,4386.567578,4182.311193,-8213.797009,4386.567578,4182.311193
0.2352,1,-7774.485381,4395.816893,3139.120246,-7774.485381,4395.816893,3139.120246
0.2353,1,-8483.61703,3316.502109,5183.09428,-8483.61703,3316.502109,5183.09428
0.2354,1,-6497.211506,3460.933922,3257.573568,-6497.211506,3460.933922,3257.573568
0.2355,1,-9321.067456,3845.340842,5107.838638,-9321.067456,3845.340842,5107.838638
0.2356,1,-6244.709802,2198.606286,4408.546345,-6244.709802,2198.606286,4408.546345
0.2357,1,-8772.402888,3856.690835,4710.975929,-8772.402888,3856.690835,4710.975929
0.2358,1,-7893.363679,2254.217269,5602.957596,-7893.363679,2254.217269,5602.957596
0.2359,1,-5737.960799,1642.450458,4355.540859,-5737.960799,1642.450458,4355.540859
0.236,1,-10513.821392,3883.623064,6260.010862,-10513.821392,3883.623064,6260.010862
0.2361,1,-5012.277008,443.706091,4891.941257,-5012.277008,443.706091,4891.941257
0.2362,1,-8700.759542,2595.641298,5965.338504,-8700.759542,2595.641298,5965.338504
0.2363,1,-7286.96156,1715.517127,5473.76465,-7286.96156,1715.517127,5473.76465
0.2364,1,-6694.046474,348.069681,6633.467911,-6694.046474,348.069681,6633.467911
0.2365,1,-8351.006008,1914.458563,6091.438457,-8351.006008,1914.458563,6091.438457
0.2366,1,-5898.003055,0.785771,6144.696341,-5898.003055,0.785771,6144.696341
0.2367,1,-7791.891772,680.082062,7077.205148,-7791.891772,680.082062,7077.205148
0.2368,1,-6621.396237,650.543943,5771.187509,-6621.396237,650.543943,5771.187509
0.2369,1,-7334.048706,-394.392004,8084.784718,-7334.048706,-394.392004,8084.784718
0.237,1,-5275.832098,-688.715415,5598.805491,-5275.832098,-688.715415,5598.805491
0.2371,1,-8249.082255,838.749903,7635.894733,-8249.082255,838.749903,7635.894733
0.2372,1,-5392.363187,-1911.645946,7310.44523,-5392.363187,-1911.645946,7310.44523
0.2373,1,-6086.333619,-688.54196,6545.66109,-6086.333619,-688.54196,6545.66109
0.2374,1,-7240.294163,-634.193265,8224.630611,-7240.294163,-634.193265,8224.630611
0.2375,1,-3947.341306,-2853.063174,6483.837541,-3947.341306,-2853.063174,6483.837541
0.2376,1,-8215.751339,70.129559,8292.07591,-8215.751339,70.129559,8292.07591
0.2377,1,-3530.39635,-3518.997611,7137.147616,-3530.39635,-3518.997611,7137.147616
0.2378,1,-6012.725745,-1968.849883,7699.285046,-6012.725745,-1968.849883,7699.285046
0.2379,1,-6091.035407,-1206.367397,7652.35495,-6091.035407,-1206.367397,7652.35495
0.238,1,-3666.079873,-4399.516644,7793.417031,-3666.079873,-4399.516644,7793.417031
0.2381,1,-5928.526589,-1925.73255,7925.750701,-5928.526589,-1925.73255,7925.750701
0.2382,1,-3688.50426,-3390.337303,7241.912185,-3688.50426,-3390.337303,7241.912185
0.2383,1,-5530.714185,-3426.213546,8627.85659,-5530.714185,-3426.213546,8627.85659
0.2384,1,-3135.240857,-3510.58675,7003.805692,-3135.240857,-3510.58675,7003.805692
0.2385,1,-4977.62873,-3834.405832,8575.67293,-4977.62873,-3834.405832,8575.67293
0.2386,1,-2682.832824,-4710.210589,7412.721281,-2682.832824,-4710.210589,7412.721281
0.2387,1,-4687.722732,-2795.102678,7682.800329,-4687.722732,-2795.102678,7682.800329
0.2388,1,-3207.943861,-5774.170774,8656.698325,-3207.943861,-5774.170774,8656.698325
0.2389,1,-1606.158381,-4621.104312,6531.661579,-1606.158381,-4621.104312,6531.661579
0.239,1,-5652.915062,-3514.557517,9023.664005,-5652.915062,-3514.557517,9023.664005
0.2391,1,78.55308,-6800.423075,6636.626014,78.55308,-6800.423075,6636.626014
0.2392,1,-4372.854568,-3975.846658,8635.014913,-4372.854568,-3975.846658,8635.014913
0.2393,1,-1111.235215,-6165.398808,6905.695045,-1111.235215,-6165.398808,6905.695045
0.2394,1,-2069.503367,-5504.657337,7878.95148,-2069.503367,-5504.657337,7878.95148
0.2395,1,-2692.734858,-5003.809167,7582.471234,-2692.734858,-5003.809167,7582.471234
0.2396,1,11.977593,-7156.894783,7027.167371,11.977593,-7156.894783,7027.167371
0.2397,1,-2184.601144,-5611.110356,8089.871146,-2184.601144,-5611.110356,8089.871146
0.2398,1,-673.587346,-5720.853001,6055.540086,-673.587346,-5720.853001,6055.540086
0.2399,1,-1224.333132,-7127.89573,8589.039237,-1224.333132,-7127.89573,8589.039237
0.24,1,706.685438,-6542.02858,5803.439607,706.685438,-6542.02858,5803.439607
0.2401,1,-1599.003864,-6222.599385,7637.96114,-1599.003864,-6222.599385,7637.96114
0.2402,1,884.088006,-7303.445995,6736.874463,884.088006,-7303.445995,6736.874463
0.2403,1,25.922669,-6563.767765,6228.983547,25.922669,-6563.767765,6228.983547
0.2404,1,-21.004414,-7292.488902,7476.06613,-21.004414,-7292.488902,7476.06613
0.2405,1,2436.094895,-7672.345066,5297.390808,2436.094895,-7672.345066,5297.390808
0.2406,1,-1702.373795,-5871.19257,7308.951885,-1702.373795,-5871.19257,7308.951885
0.2407,1,3769.100566,-8843.224082,5437.127235,3769.100566,-8843.224082,5437.127235
0.2408,1,325.677407,-7053.117661,6414.88083,325.677407,-7053.117661,6414.88083
0.2409,1,1456.319748,-6829.202388,5510.394698,1456.319748,-6829.202388,5510.394698
0.241,1,2917.489124,-8663.506877,5834.711662,2917.489124,-8663.506877,5834.711662
0.2411,1,963.504432,-6797.768611,5567.349427,963.504432,-6797.768611,5567.349427
0.2412,1,3895.793457,-8451.515906,4878.870824,3895.793457,-8451.515906,4878.870824
0.2413,1,1321.062448,-7411.115463,5857.984958,1321.062448,-7411.115463,5857.984958
0.2414,1,3657.877203,-7561.883004,3939.9189,3657.877203,-7561.883004,3939.9189
0.2415,1,2706.750198,-8392.07068,5867.384756,2706.750198,-8392.07068,5867.384756
0.2416,1,4052.835699,-7936.248636,3558.066426,4052.835699,-7936.248636,3558.066426
0.2417,1,2582.533589,-7063.224643,4814.546315,2582.533589,-7063.224643,4814.546315
0.2418,1,4134.202543,-8654.631163,4318.942493,4134.202543,-8654.631163,4318.942493
0.2419,1,4844.887311,-8050.478582,3192.32175,4844.887311,-8050.478582,3192.32175
0.242,1,2480.70479,-6946.256903,4686.401041,2480.70479,-6946.256903,4686.401041
0.2421,1,6373.846308,-9165.205278,2460.314758,6373.846308,-9165.205278,2460.314758
0.2422,1,2645.225987,-6464.597302,4119.318515,2645.225987,-6464.597302,4119.318515
0.2423,1,6403.568788,-9044.939422,2500.883752,6403.568788,-9044.939422,2500.883752
0.2424,1,4469.728133,-7454.58155,2909.684898,4469.728133,-7454.58155,2909.684898
0.2425,1,4273.140641,-6804.963289,2786.863021,4273.140641,-6804.963289,2786.863021
0.2426,1,7015.848325,-9226.033847,1891.359264,7015.848325,-9226.033847,1891.359264
0.2427,1,4115.587484,-6619.608241,2744.636329,4115.587484,-6619.608241,2744.636329
0.2428,1,6706.067122,-7684.633139,926.825183,6706.067122,-7684.633139,926.825183
0.2429,1,4880.145797,-7759.024505,2714.221949,4880.145797,-7759.024505,2714.221949
0.243,1,7130.071649,-7117.460383,305.067076,7130.071649,-7117.460383,305.067076
0.2431,1,5311.335945,-7561.256653,1910.326122,5311.335945,-7561.256653,1910.326122
0.2432,1,6919.438592,-7157.86718,461.510073,6919.438592,-7157.86718,461.510073
0.2433,1,6055.622755,-6649.438035,577.764823,6055.622755,-6649.438035,577.764823
0.2434,1,6598.355736,-7696.161551,906.914479,6598.355736,-7696.161551,906.914479
0.2435,1,7848.79654,-6782.794746,-754.375258,7848.79654,-6782.794746,-754.375258
0.2436,1,4693.772713,-5809.258621,822.19768,4693.772713,-5809.258621,822.19768
0.2437,1,9269.367223,-7981.00928,-1141.378664,9269.367223,-7981.00928,-1141.378664
0.2438,1,5719.936862,-5616.58787,-37.910828,5719.936862,-5616.58787,-37.910828
0.2439,1,7475.139683,-6413.655384,-1311.461851,7475.139683,-6413.655384,-1311.461851
0.244,1,7871.675106,-6718.614122,-823.825821,7871.675106,-6718.614122,-823.825821
0.2441,1,6079.667353,-4935.811981,-1411.305562,6079.667353,-4935.811981,-1411.305562
0.2442,1,9243.175332,-7369.894237,-1779.384652,9243.175332,-7369.894237,-1779.384652
0.2443,1,6042.664814,-4463.263393,-1461.27551,6042.664814,-4463.263393,-1461.27551
0.2444,1,8170.986577,-5776.631965,-2669.199716,8170.986577,-5776.631965,-2669.199716
0.2445,1,7726.74044,-5802.926168,-1613.156492,7726.74044,-5802.926168,-1613.156492
0.2446,1,7713.966896,-4769.958558,-3152.185294,7713.966896,-4769.958558,-3152.185294
0.2447,1,7525.846607,-4871.372715,-2640.647919,7525.846607,-4871.372715,-2640.647919
0.2448,1,7815.458496,-5061.60024,-2563.457207,7815.458496,-5061.60024,-2563.457207
0.2449,1,8397.243303,-4521.445492,-4189.865332,8397.243303,-4521.445492,-4189.865332
0.245,1,6708.081012,-4082.754172,-2319.98977,6708.081012,-4082.754172,-2319.98977
0.2451,1,9509.429652,-4866.846247,-4807.555525,9509.429652,-4866.846247,-4807.555525
0.2452,1,5720.552262,-2693.838038,-3072.663657,5720.552262,-2693.838038,-3072.663657
0.2453,1,9953.446621,-5206.802409,-4506.06892,9953.446621,-5206.802409,-4506.06892
0.2454,1,6573.313108,-2434.813501,-4473.925405,6573.313108,-2434.813501,-4473.925405
0.2455,1,7453.369116,-3078.531905,-4080.522372,7453.369116,-3078.531905,-4080.522372
0.2456,1,9391.145681,-4212.586389,-5314.009815,9391.145681,-4212.586389,-5314.009815
0.2457,1,5806.937916,-1599.097347,-4276.379438,5806.937916,-1599.097347,-4276.379438
0.2458,1,9436.390181,-3253.882944,-5952.201142,9436.390181,-3253.882944,-5952.201142
0.2459,1,6157.149603,-2122.532549,-4311.955259,6157.149603,-2122.532549,-4311.955259
0.246,1,8480.419413,-1784.085024,-6504.983506,8480.419413,-1784.085024,-6504.983506
0.2461,1,7375.085819,-2630.429154,-4752.533392,7375.085819,-2630.429154,-4752.533392
0.2462,1,7260.191918,-953.377973,-6497.799984,7260.191918,-953.377973,-6497.799984
0.2463,1,7566.229697,-1455.695647,-5790.334381,7566.229697,-1455.695647,-5790.334381
0.2464,1,7264.354727,-1789.051347,-5795.551196,7264.354727,-1789.051347,-5795.551196
0.2465,1,7817.615039,-455.940485,-7170.765829,7817.615039,-455.940485,-7170.765829
0.2466,1,5695.460296,-276.262576,-5402.325456,5695.460296,-276.262576,-5402.325456
0.2467,1,8768.112364,-1483.291263,-7499.547436,8768.112364,-1483.291263,-7499.547436
0.2468,1,5349.556847,1063.92658,-6090.509572,5349.556847,1063.92658,-6090.509572
0.2469,1,7483.341142,-723.990841,-7055.873055,7483.341142,-723.990841,-7055.873055
0.247,1,6759.040535,536.49915,-7143.380997,6759.040535,536.49915,-7143.380997
0.2471,1,5364.875293,1261.553962,-6579.260417,5364.875293,1261.553962,-6579.260417
0.2472,1,8552.494687,-839.0828,-7924.913178,8552.494687,-839.0828,-7924.913178
0.2473,1,3777.095089,2926.087822,-6432.300759,3777.095089,2926.087822,-6432.300759
0.2474,1,7614.234612,375.746153,-8187.237881,7614.234612,375.746153,-8187.237881
0.2475,1,5320.106121,1374.642874,-6670.159379,5320.106121,1374.642874,-6670.159379
0.2476,1,5925.658368,2421.131293,-8172.673957,5925.658368,2421.131293,-8172.673957
0.2477,1,5399.306049,1570.544582,-7280.053697,5399.306049,1570.544582,-7280.053697
0.2478,1,5261.973844,2522.780352,-7458.982374,5261.973844,2522.780352,-7458.982374
0.2479,1,5665.992923,2501.323632,-8377.723509,5665.992923,2501.323632,-8377.723509
0.248,1,4436.843044,2402.799627,-6825.853664,4436.843044,2402.799627,-6825.853664
0.2481,1,5664.931273,3332.602393,-8813.638382,5664.931273,3332.602393,-8813.638382
0.2482,1,3014.711825,3536.123539,-6849.070248,3014.711825,3536.123539,-6849.070248
0.2483,1,6468.206387,2274.950811,-8458.209101,6468.206387,2274.950811,-8458.209101
0.2484,1,2741.184371,4839.278739,-7730.990319,2741.184371,4839.278739,-7730.990319
0.2485,1,4077.633279,3479.053369,-7599.319896,4077.633279,3479.053369,-7599.319896
0.2486,1,4959.385615,3554.15467,-8302.070065,4959.385615,3554.15467,-8302.070065
0.2487,1,1801.850635,5300.398168,-7382.162673,1801.850635,5300.398168,-7382.162673
0.2488,1,5315.727485,3290.377678,-8386.337753,5315.727485,3290.377678,-8386.337753
0.2489,1,1334.588764,5810.423248,-7199.5424,1334.588764,5810.423248,-7199.5424
0.249,1,3874.842462,4360.387782,-8377.93414,3874.842462,4360.387782,-8377.93414
0.2491,1,2844.891022,4727.079115,-7282.959537,2844.891022,4727.079115,-7282.959537
0.2492,1,1698.545287,6022.089529,-8039.818522,1698.545287,6022.089529,-8039.818522
0.2493,1,2734.976725,5130.739656,-7643.794873,2734.976725,5130.739656,-7643.794873
0.2494,1,1619.581832,5287.920103,-6943.905346,1619.581832,5287.920103,-6943.905346
0.2495,1,2378.157393,6289.800305,-8824.452845,2378.157393,6289.800305,-8824.452845
0.2496,1,302.617332,5778.310779,-5803.713418,302.617332,5778.310779,-5803.713418
0.2497,1,2604.676917,5952.389097,-8830.565906,2604.676917,5952.389097,-8830.565906
0.2498,1,-474.303268,6713.47651,-6088.273835,-474.303268,6713.47651,-6088.273835
0.2499,1,2128.491011,5726.016497,-7816.504376,2128.491011,5726.016497,-7816.504376
0.25,1,-250.033994,7150.908425,-7109.09079,-250.033994,7150.908425,-7109.09079
0.2501,1,-261.669736,6892.376338,-6343.526409,-261.669736,6892.376338,-6343.526409
0.2502,1,1680.302117,5610.360268,-7528.456408,1680.302117,5610.360268,-7528.456408
0.2503,1,-2229.768577,8513.682211,-6201.459509,-2229.768577,8513.682211,-6201.459509
0.2504,1,1025.246029,6028.112882,-6938.470319,1025.246029,6028.112882,-6938.470319
0.2505,1,-1706.703235,7294.287479,-5855.739851,-1706.703235,7294.287479,-5855.739851
0.2506,1,-632.206227,7787.633224,-6841.07977,-632.206227,7787.633224,-6841.07977
0.2507,1,-939.869,6405.022431,-5697.517269,-939.869,6405.022431,-5697.517269
0.2508,1,-2239.364217,8545.453137,-6246.005856,-2239.364217,8545.453137,-6246.005856
0.2509,1,-974.914245,6740.479679,-5635.274006,-974.914245,6740.479679,-5635.274006
0.251,1,-2558.530835,7608.210197,-5304.91054,-2558.530835,7608.210197,-5304.91054
0.2511,1,-1444.678281,8029.512177,-6320.837317,-1444.678281,8029.512177,-6320.837317
0.2512,1,-3631.693151,7701.872042,-4222.360359,-3631.693151,7701.872042,-4222.360359
0.2513,1,-1341.641687,7053.817046,-5740.570098,-1341.641687,7053.817046,-5740.570098
0.2514,1,-3702.008389,8811.991371,-4909.645358,-3702.008389,8811.991371,-4909.645358
0.2515,1,-3183.742938,7084.834962,-4187.014164,-3183.742938,7084.834962,-4187.014164
0.2516,1,-2477.411808,8010.876055,-5284.724888,-2477.411808,8010.876055,-5284.724888
0.2517,1,-5255.498053,8362.179274,-3207.822878,-5255.498053,8362.179274,-3207.822878
0.2518,1,-1555.569928,6673.092465,-5210.490244,-1555.569928,6673.092465,-5210.490244
0.2519,1,-6126.134211,9439.716479,-3059.746881,-6126.134211,9439.716479,-3059.746881
0.252,1,-3037.549242,6729.879838,-4004.273562,-3037.549242,6729.879838,-4004.273562
0.2521,1,-4557.28093,7833.805105,-3030.583323,-4557.28093,7833.805105,-3030.583323
0.2522,1,-5126.38525,8723.926296,-3680.988783,-5126.38525,8723.926296,-3680.988783
0.2523,1,-4126.364488,6776.792021,-2753.29346,-4126.364488,6776.792021,-2753.29346
0.2524,1,-5883.039703,8425.772206,-2307.881602,-5883.039703,8425.772206,-2307.881602
0.2525,1,-4186.601261,7401.380686,-3469.120262,-4186.601261,7401.380686,-3469.120262
0.2526,1,-6481.751214,7638.923451,-1000.932093,-6481.751214,7638.923451,-1000.932093
0.2527,1,-4398.406427,7921.995774,-3505.938209,-4398.406427,7921.995774,-3505.938209
0.2528,1,-7152.687361,7356.878503,-392.847817,-7152.687361,7356.878503,-392.847817
0.2529,1,-4426.651741,7109.12018,-2399.064223,-4426.651741,7109.12018,-2399.064223
0.253,1,-6994.233185,8168.096499,-1431.151976,-6994.233185,8168.096499,-1431.151976
0.2531,1,-6438.840897,6831.039248,-270.377102,-6438.840897,6831.039248,-270.377102
0.2532,1,-5087.315987,6778.560803,-1622.694461,-5087.315987,6778.560803,-1622.694461
0.2533,1,-8337.345042,8172.014472,-66.397167,-8337.345042,8172.014472,-66.397167
0.2534,1,-4845.990376,5819.764721,-672.356091,-4845.990376,5819.764721,-672.356091
0.2535,1,-8131.014659,7639.716697,243.938482,-8131.014659,7639.716697,243.938482
0.2536,1,-6372.561222,6371.296256,97.592783,-6372.561222,6371.296256,97.592783
0.2537,1,-6482.089816,6100.594116,469.234008,-6482.089816,6100.594116,469.234008
0.2538,1,-8394.781749,7831.006131,340.582194,-8394.781749,7831.006131,340.582194
0.2539,1,-5900.729208,4860.522892,1294.19832,-5900.729208,4860.522892,1294.19832
0.254,1,-8320.603999,6797.076893,1358.004498,-8320.603999,6797.076893,1358.004498
0.2541,1,-6440.348694,5932.103501,507.128914,-6440.348694,5932.103501,507.128914
0.2542,1,-8464.658687,5807.344783,2832.476021,-8464.658687,5807.344783,2832.476021
0.2543,1,-6687.300292,5463.388491,945.314818,-6687.300292,5463.388491,945.314818
0.2544,1,-8248.761789,5996.217499,2520.470275,-8248.761789,5996.217499,2520.470275
0.2545,1,-7402.914051,4643.73379,2614.511444,-7402.914051,4643.73379,2614.511444
0.2546,1,-7429.607448,5858.064682,1534.322798,-7429.607448,5858.064682,1534.322798
0.2547,1,-8967.321377,4653.676753,4516.460359,-8967.321377,4653.676753,4516.460359
0.2548,1,-5738.788224,4092.92634,1365.565806,-5738.788224,4092.92634,1365.565806
0.2549,1,-10195.552669,6081.208269,4354.269396,-10195.552669,6081.208269,4354.269396
0.255,1,-5821.981342,2706.617214,3016.851655,-5821.981342,2706.617214,3016.851655
0.2551,1,-8820.950982,4756.931231,3984.187742,-8820.950982,4756.931231,3984.187742
0.2552,1,-7520.922283,4087.412573,3653.103452,-7520.922283,4087.412573,3653.103452
0.2553,1,-7396.828488,3000.554759,4138.05279,-7396.828488,3000.554759,4138.05279
0.2554,1,-8956.699481,4482.276465,4655.576084,-8956.699481,4482.276465,4655.576084
0.2555,1,-6580.031753,2482.554023,4077.689977,-6580.031753,2482.554023,4077.689977
0.2556,1,-8613.939983,3024.158387,5435.781652,-8613.939983,3024.158387,5435.781652
0.2557,1,-7074.810827,3686.431807,3655.426471,-7074.810827,3686.431807,3655.426471
0.2558,1,-8404.83132,1512.783,6623.822007,-8404.83132,1512.783,6623.822007
0.2559,1,-7059.648634,2868.955239,4349.237783,-7059.648634,2868.955239,4349.237783
0.256,1,-7930.835572,2352.834832,5595.560219,-7930.835572,2352.834832,5595.560219
0.2561,1,-7818.21144,1413.930473,6221.03856,-7818.21144,1413.930473,6221.03856
0.2562,1,-6588.498243,1863.556233,4995.426835,-6588.498243,1863.556233,4995.426835
0.2563,1,-8977.670181,1680.122076,7056.468323,-8977.670181,1680.122076,7056.468323
0.2564,1,-5180.769945,281.222498,5010.597783,-5180.769945,281.222498,5010.597783
0.2565,1,-9072.931961,2254.167704,6883.395664,-9072.931961,2254.167704,6883.395664
0.2566,1,-5823.342978,-474.918541,6090.557494,-5823.342978,-474.918541,6090.557494
0.2567,1,-7019.618925,760.808094,6517.349383,-7019.618925,760.808094,6517.349383
0.2568,1,-7864.267597,990.991012,6679.684606,-7864.267597,990.991012,6679.684606
0.2569,1,-5370.273329,-1426.377309,6840.232273,-5370.273329,-1426.377309,6840.232273
0.257,1,-8061.572335,855.532173,7334.098424,-8061.572335,855.532173,7334.098424
0.2571,1,-5286.416786,-1070.493806,6112.476862,-5286.416786,-1070.493806,6112.476862
0.2572,1,-7212.963198,-806.121187,8275.592261,-7212.963198,-806.121187,8275.592261
0.2573,1,-5716.20607,-559.363695,6119.546138,-5716.20607,-559.363695,6119.546138
0.2574,1,-6466.47252,-1729.676329,8183.326272,-6466.47252,-1729.676329,8183.326272
0.2575,1,-5409.693293,-1356.797263,6947.086495,-5409.693293,-1356.797263,6947.086495
0.2576,1,-6165.124682,-1353.081509,7243.909491,-6165.124682,-1353.081509,7243.909491
0.2577,1,-5777.609396,-2578.048656,8612.473761,-5777.609396,-2578.048656,8612.473761
0.2578,1,-4381.038365,-2104.173429,6350.667054,-4381.038365,-2104.173429,6350.667054
0.2579,1,-6829.107236,-1787.871073,8579.5685,-6829.107236,-1787.871073,8579.5685
0.258,1,-3403.875355,-3700.162389,7291.292956,-3403.875355,-3700.162389,7291.292956
0.2581,1,-6128.076002,-2018.757402,7897.553392,-6128.076002,-2018.757402,7897.553392
0.2582,1,-4141.375567,-3638.465898,7980.056681,-4141.375567,-3638.465898,7980.056681
0.2583,1,-3861.198212,-3677.78937,7478.086093,-3861.198212,-3677.78937,7478.086093
0.2584,1,-5767.425034,-2599.130208,8261.824993,-5767.425034,-2599.130208,8261.824993
0.2585,1,-2244.889957,-5084.515084,7554.931586,-2244.889957,-5084.515084,7554.931586
0.2586,1,-5248.211365,-3238.491054,8241.022372,-5248.211365,-3238.491054,8241.022372
0.2587,1,-2721.991969,-4192.104415,7071.038513,-2721.991969,-4192.104415,7071.038513
0.2588,1,-3840.927666,-5185.333679,9032.280537,-3840.927666,-5185.333679,9032.280537
0.2589,1,-3001.783125,-3835.512573,6664.893007,-3001.783125,-3835.512573,6664.893007
0.259,1,-2891.070329,-5256.088249,8421.052013,-2891.070329,-5256.088249,8421.052013
0.2591,1,-2976.201443,-4976.481577,7686.871841,-2976.201443,-4976.481577,7686.871841
0.2592,1,-2045.77853,-4986.875045,7187.016172,-2045.77853,-4986.875045,7187.016172
0.2593,1,-2947.332588,-5742.436477,8704.115428,-2947.332588,-5742.436477,8704.115428
0.2594,1,-755.544704,-5698.281943,6287.73881,-755.544704,-5698.281943,6287.73881
0.2595,1,-3357.149638,-4894.022743,8489.796857,-3357.149638,-4894.022743,8489.796857
0.2596,1,-164.774691,-7156.689031,7121.243852,-164.774691,-7156.689031,7121.243852
0.2597,1,-1809.193646,-5322.275408,7202.737067,-1809.193646,-5322.275408,7202.737067
0.2598,1,-1442.789411,-5985.61212,7521.270272,-1442.789411,-5985.61212,7521.270272
0.2599,1,383.163416,-7503.987189,6903.12088,383.163416,-7503.987189,6903.12088
0.26,1,-2185.249329,-4982.18777,7417.37689,-2185.249329,-4982.18777,7417.37689
0.2601,1,1412.127841,-8101.345224,6516.966827,1412.127841,-8101.345224,6516.966827
0.2602,1,-1350.266976,-5910.45194,7279.547742,-1350.266976,-5910.45194,7279.547742
0.2603,1,743.491871,-6767.379535,6171.454719,743.491871,-6767.379535,6171.454719
0.2604,1,500.740024,-7990.820857,7235.586193,500.740024,-7990.820857,7235.586193
0.2605,1,463.77362,-6115.378733,5910.735329,463.77362,-6115.378733,5910.735329
0.2606,1,1174.485109,-7572.869128,6239.95492,1174.485109,-7572.869128,6239.95492
0.2607,1,766.506765,-7623.942494,6855.901704,766.506765,-7623.942494,6855.901704
0.2608,1,2168.282182,-6939.977972,4925.358824,2168.282182,-6939.977972,4925.358824
0.2609,1,669.23981,-7704.958032,6805.136124,669.23981,-7704.958032,6805.136124
0.261,1,3108.617716,-7788.819164,4881.932329,3108.617716,-7788.819164,4881.932329
0.2611,1,970.627416,-6913.005935,5864.162523,970.627416,-6913.005935,5864.162523
0.2612,1,3146.37765,-8611.093123,5380.750317,3146.37765,-8611.093123,5380.750317
0.2613,1,2820.760719,-7196.9682,4592.515571,2820.760719,-7196.9682,4592.515571
0.2614,1,1566.988299,-7306.242573,5480.094357,1566.988299,-7306.242573,5480.094357
0.2615,1,5073.944649,-9171.28644,4292.845347,5073.944649,-9171.28644,4292.845347
0.2616,1,1304.506722,-6264.299904,4909.786776,1304.506722,-6264.299904,4909.786776
0.2617,1,4966.835684,-8822.280521,3741.89362,4966.835684,-8822.280521,3741.89362
0.2618,1,3061.941444,-7657.575575,4823.587734,3061.941444,-7657.575575,4823.587734
0.2619,1,3807.489194,-7344.443595,3293.660843,3807.489194,-7344.443595,3293.660843
0.262,1,5008.701298,-8763.762838,3911.567113,5008.701298,-8763.762838,3911.567113
0.2621,1,3346.062052,-6980.071523,3629.643038,3346.062052,-6980.071523,3629.643038
0.2622,1,5461.067107,-8085.634673,2480.247686,5461.067107,-8085.634673,2480.247686
0.2623,1,4027.779403,-8120.859808,4319.666425,4027.779403,-8120.859808,4319.666425
0.2624,1,5925.974988,-7308.936037,1178.714173,5925.974988,-7308.936037,1178.714173
0.2625,1,3881.612663,-7619.64907,3826.469107,3881.612663,-7619.64907,3826.469107
0.2626,1,6768.519766,-8281.112964,1586.044526,6768.519766,-8281.112964,1586.044526
0.2627,1,4374.123539,-6813.800519,2229.650407,4374.123539,-6813.800519,2229.650407
0.2628,1,6215.561436,-7936.889377,1986.141345,6215.561436,-7936.889377,1986.141345
0.2629,1,6296.179568,-7644.617974,1136.147049,6296.179568,-7644.617974,1136.147049
0.263,1,4583.699621,-6409.91176,1903.119901,4583.699621,-6409.91176,1903.119901
0.2631,1,8276.402948,-8731.435341,540.768026,8276.402948,-8731.435341,540.768026
0.2632,1,4358.437808,-5832.76812,1269.610054,4358.437808,-5832.76812,1269.610054
0.2633,1,7641.048459,-7542.880673,134.294736,7641.048459,-7542.880673,134.294736
0.2634,1,6420.101936,-7476.16027,899.156134,6420.101936,-7476.16027,899.156134
0.2635,1,6134.313985,-5804.241701,-315.412414,6134.313985,-5804.241701,-315.412414
0.2636,1,7905.104206,-7578.495954,-193.525349,7905.104206,-7578.495954,-193.525349
0.2637,1,5913.015806,-6200.877384,68.957941,5913.015806,-6200.877384,68.957941
0.2638,1,7934.660196,-6310.527578,-1417.748241,7934.660196,-6310.527578,-1417.748241
0.2639,1,6583.225715,-6704.44133,23.597389,6583.225715,-6704.44133,23.597389
0.264,1,7872.975804,-5849.297369,-2083.255534,7872.975804,-5849.297369,-2083.255534
0.2641,1,6687.935573,-5714.86401,-772.640015,6687.935573,-5714.86401,-772.640015
0.2642,1,8138.132431,-6688.59705,-1712.454063,8138.132431,-6688.59705,-1712.454063
0.2643,1,7294.649173,-4746.410812,-2325.713003,7294.649173,-4746.410812,-2325.713003
0.2644,1,7052.864257,-5732.326803,-1415.055029,7052.864257,-5732.326803,-1415.055029
0.2645,1,9112.019411,-5953.760193,-3222.844669,9112.019411,-5953.760193,-3222.844669
0.2646,1,5673.731047,-3880.860793,-1603.32507,5673.731047,-3880.860793,-1603.32507
0.2647,1,9881.039786,-6215.317687,-3891.993822,9881.039786,-6215.317687,-3891.993822
0.2648,1,6271.754718,-3923.837788,-2184.80697,6271.754718,-3923.837788,-2184.80697
0.2649,1,8349.663351,-4509.603854,-3867.539099,8349.663351,-4509.603854,-3867.539099
0.265,1,8369.220117,-5230.906728,-3256.305027,8369.220117,-5230.906728,-3256.305027
0.2651,1,6727.489605,-2897.261532,-3619.474411,6727.489605,-2897.261532,-3619.474411
0.2652,1,9156.083118,-4772.794235,-4590.472383,9156.083118,-4772.794235,-4590.472383
0.2653,1,6815.045458,-3625.836223,-3079.688715,6815.045458,-3625.836223,-3079.688715
0.2654,1,8702.538931,-3067.937293,-5591.297757,8702.538931,-3067.937293,-5591.297757
0.2655,1,7091.52295,-3723.392534,-3552.442907,7091.52295,-3723.392534,-3552.442907
0.2656,1,8685.213147,-2948.50276,-5481.238815,8685.213147,-2948.50276,-5481.238815
0.2657,1,6888.072629,-2487.370426,-4625.1576,6888.072629,-2487.370426,-4625.1576
0.2658,1,8442.053843,-3256.331765,-5079.102643,8442.053843,-3256.331765,-5079.102643
0.2659,1,7652.324348,-1776.701721,-5825.761894,7652.324348,-1776.701721,-5825.761894
0.266,1,6816.97927,-2155.415013,-4838.171562,6816.97927,-2155.415013,-4838.171562
0.2661,1,9190.12341,-2612.969246,-6354.575783,9190.12341,-2612.969246,-6354.575783
0.2662,1,5669.568792,-601.830194,-5235.477196,5669.568792,-601.830194,-5235.477196
0.2663,1,8813.46915,-2126.321567,-6647.508005,8813.46915,-2126.321567,-6647.508005
0.2664,1,6931.085115,-1211.487586,-5612.799178,6931.085115,-1211.487586,-5612.799178
0.2665,1,6644.874108,-198.510238,-6651.281518,6644.874108,-198.510238,-6651.281518
0.2666,1,8522.931563,-1815.14153,-6494.556922,8522.931563,-1815.14153,-6494.556922
0.2667,1,5446.122853,638.891004,-6210.121784,5446.122853,638.891004,-6210.121784
0.2668,1,8261.862094,-833.798563,-7448.37174,8261.862094,-833.798563,-7448.37174
0.2669,1,5940.794063,21.259394,-5798.893096,5940.794063,21.259394,-5798.893096
0.267,1,7189.124792,679.072152,-8108.719388,7189.124792,679.072152,-8108.719388
0.2671,1,6108.273329,322.825634,-6209.500974,6108.273329,322.825634,-6209.500974
0.2672,1,6891.017724,507.094073,-7510.83839,6891.017724,507.094073,-7510.83839
0.2673,1,5845.086194,1606.415318,-7488.79483,5845.086194,1606.415318,-7488.79483
0.2674,1,6113.772494,811.342936,-6758.68761,6113.772494,811.342936,-6758.68761
0.2675,1,6577.696754,1513.293179,-8308.927968,6577.696754,1513.293179,-8308.927968
0.2676,1,4407.695407,2310.036608,-6544.875763,4407.695407,2310.036608,-6544.875763
0.2677,1,7375.626815,1010.003175,-8435.464551,7375.626815,1010.003175,-8435.464551
0.2678,1,3769.358326,3227.384283,-7091.639967,3769.358326,3227.384283,-7091.639967
0.2679,1,6224.64513,2029.255556,-8053.886183,6224.64513,2029.255556,-8053.886183
0.268,1,5023.701069,2287.091971,-7528.176944,5023.701069,2287.091971,-7528.176944
0.2681,1,3947.646339,3923.632163,-7730.373866,3947.646339,3923.632163,-7730.373866
0.2682,1,6005.283973,2215.293539,-8221.477298,6005.283973,2215.293539,-8221.477298
0.2683,1,3241.101582,3797.101682,-7179.060595,3241.101582,3797.101682,-7179.060595
0.2684,1,4984.344614,3837.884152,-8596.314527,4984.344614,3837.884152,-8596.314527
0.2685,1,3742.983742,3131.676576,-7090.76253,3742.983742,3131.676576,-7090.76253
0.2686,1,3747.380266,4836.818986,-8466.179834,3747.380266,4836.818986,-8466.179834
0.2687,1,3838.465865,3759.903692,-7570.290157,3838.465865,3759.903692,-7570.290157
0.2688,1,3024.172673,4415.705599,-7597.414315,3024.172673,4415.705599,-7597.414315
0.2689,1,3636.572871,4997.560759,-8416.85662,3636.572871,4997.560759,-8416.85662
0.269,1,2054.424124,4761.893662,-6996.737495,2054.424124,4761.893662,-6996.737495
0.2691,1,4157.616136,4525.834658,-8617.602958,4157.616136,4525.834658,-8617.602958
0.2692,1,496.942041,6267.319106,-6686.02541,496.942041,6267.319106,-6686.02541
0.2693,1,4113.14336,4309.343133,-8609.518149,4113.14336,4309.343133,-8609.518149
0.2694,1,743.710356,6321.682662,-6850.150449,743.710356,6321.682662,-6850.150449
0.2695,1,1981.349845,5730.834613,-7860.57571,1981.349845,5730.834613,-7860.57571
0.2696,1,2177.547908,5193.415996,-7353.837689,2177.547908,5193.415996,-7353.837689
0.2697,1,-120.91366,7269.830052,-7024.708585,-120.91366,7269.830052,-7024.708585
0.2698,1,2549.200191,5216.343127,-7978.397048,2549.200191,5216.343127,-7978.397048
0.2699,1,-414.283558,6781.657202,-6154.584823,-414.283558,6781.657202,-6154.584823
0.27,1,997.736757,6759.230972,-7878.971609,997.736757,6759.230972,-7878.971609
0.2701,1,249.553349,6206.128331,-6474.253169,249.553349,6206.128331,-6474.253169
0.2702,1,-40.517033,7099.431571,-6908.014783,-40.517033,7099.431571,-6908.014783
0.2703,1,-312.857029,6920.234286,-6824.032918,-312.857029,6920.234286,-6824.032918
0.2704,1,-422.28377,6743.91034,-6131.233959,-422.28377,6743.91034,-6131.233959
0.2705,1,-537.551516,7483.831099,-7028.472889,-537.551516,7483.831099,-7028.472889
0.2706,1,-1575.138097,7160.61434,-5644.157235,-1575.138097,7160.61434,-5644.157235
0.2707,1,-179.497363,6914.930511,-6562.166863,-179.497363,6914.930511,-6562.166863
0.2708,1,-2766.187888,8124.414125,-5568.390366,-2766.187888,8124.414125,-5568.390366
0.2709,1,-685.683512,6985.290814,-6143.839261,-685.683512,6985.290814,-6143.839261
0.271,1,-2028.655067,7482.015647,-5485.218179,-2028.655067,7482.015647,-5485.218179
0.2711,1,-3332.114928,8292.912139,-5066.548617,-3332.114928,8292.912139,-5066.548617
0.2712,1,-397.339004,6715.980668,-6119.166018,-397.339004,6715.980668,-6119.166018
0.2713,1,-4900.973873,8635.681922,-3941.336363,-4900.973873,8635.681922,-3941.336363
0.2714,1,-1020.884529,7243.376634,-6096.581088,-1020.884529,7243.376634,-6096.581088
0.2715,1,-4286.267821,7730.53819,-3434.028103,-4286.267821,7730.53819,-3434.028103
0.2716,1,-2984.638538,8345.794711,-5502.681956,-2984.638538,8345.794711,-5502.681956
0.2717,1,-3317.930658,7326.317508,-3794.518525,-3317.930658,7326.317508,-3794.518525
0.2718,1,-4192.1348,8046.290866,-4048.644828,-4192.1348,8046.290866,-4048.644828
0.2719,1,-3754.691743,7922.897986,-4074.166645,-3754.691743,7922.897986,-4074.166645
0.272,1,-4422.195209,7834.859031,-3366.413118,-4422.195209,7834.859031,-3366.413118
0.2721,1,-3858.794195,7574.266134,-3879.723359,-3858.794195,7574.266134,-3879.723359
0.2722,1,-5695.960121,8424.901876,-2517.122739,-5695.960121,8424.901876,-2517.122739
0.2723,1,-3444.992243,6909.357448,-3631.643879,-3444.992243,6909.357448,-3631.643879
0.2724,1,-6272.474445,8599.895698,-2274.670262,-6272.474445,8599.895698,-2274.670262
0.2725,1,-4469.327391,7280.87376,-2727.862831,-4469.327391,7280.87376,-2727.862831
0.2726,1,-5223.722091,7338.434221,-2295.36744,-5223.722091,7338.434221,-2295.36744
0.2727,1,-6707.815903,8418.220506,-1512.283058,-6707.815903,8418.220506,-1512.283058
0.2728,1,-3955.546745,6730.099783,-2900.980581,-3955.546745,6730.099783,-2900.980581
0.2729,1,-7545.843509,7839.898678,-295.517796,-7545.843509,7839.898678,-295.517796
0.273,1,-5106.943197,7423.89877,-2184.573812,-5106.943197,7423.89877,-2184.573812
0.2731,1,-6379.228671,6824.392862,-652.89984,-6379.228671,6824.392862,-652.89984
0.2732,1,-6743.195594,7810.726053,-870.675523,-6743.195594,7810.726053,-870.675523
0.2733,1,-5843.402535,6631.023545,-889.603921,-5843.402535,6631.023545,-889.603921
0.2734,1,-7375.035094,6979.506762,360.911314,-7375.035094,6979.506762,360.911314
0.2735,1,-6080.509854,7116.635281,-879.083907,-6080.509854,7116.635281,-879.083907
0.2736,1,-7598.429118,6582.338391,804.45822,-7598.429118,6582.338391,804.45822
0.2737,1,-6066.775808,6389.774179,-144.882837,-6066.775808,6389.774179,-144.882837
0.2738,1,-8371.82555,6871.472812,1430.332036,-8371.82555,6871.472812,1430.332036
0.2739,1,-5959.699026,5917.281211,-20.738186,-5959.699026,5917.281211,-20.738186
0.274,1,-8002.407824,6290.654382,1877.275206,-8002.407824,6290.654382,1877.275206
0.2741,1,-7636.032138,6304.971394,1140.32671,-7636.032138,6304.971394,1140.32671
0.2742,1,-6369.215386,5061.631413,1437.63239,-6369.215386,5061.631413,1437.63239
0.2743,1,-9179.095151,6686.068909,2485.193969,-9179.095151,6686.068909,2485.193969
0.2744,1,-5869.103488,4577.620706,1170.593894,-5869.103488,4577.620706,1170.593894
0.2745,1,-8855.463271,5630.76292,3427.040194,-8855.463271,5630.76292,3427.040194
0.2746,1,-7312.492031,5199.489618,1913.991683,-7312.492031,5199.489618,1913.991683
0.2747,1,-7420.861636,4756.111704,2778.65889,-7420.861636,4756.111704,2778.65889
0.2748,1,-8490.114543,4894.604873,3614.456267,-8490.114543,4894.604873,3614.456267
0.2749,1,-7183.498709,4514.125825,2528.306452,-7183.498709,4514.125825,2528.306452
0.275,1,-8355.866935,4284.394164,4274.274757,-8355.866935,4284.394164,4274.274757
0.2751,1,-7338.652692,4273.409913,2888.750386,-7338.652692,4273.409913,2888.750386
0.2752,1,-8550.764553,3937.370712,4689.786716,-8550.764553,3937.370712,4689.786716
0.2753,1,-7004.223726,3446.183987,3613.775712,-7004.223726,3446.183987,3613.775712
0.2754,1,-8725.72346,3847.223137,4717.95739,-8725.72346,3847.223137,4717.95739
0.2755,1,-7171.087767,3158.023652,4207.853248,-7171.087767,3158.023652,4207.853248
0.2756,1,-7735.893237,2694.943529,4899.204729,-7735.893237,2694.943529,4899.204729
0.2757,1,-8750.616577,3482.242184,5294.790798,-8750.616577,3482.242184,5294.790798
0.2758,1,-6066.546458,1914.082114,4255.953986,-6066.546458,1914.082114,4255.953986
0.2759,1,-9381.074761,2818.058655,6372.977956,-9381.074761,2818.058655,6372.977956
0.276,1,-6056.920472,1842.287659,4412.795524,-6056.920472,1842.287659,4412.795524
0.2761,1,-8262.30999,1719.872708,6419.876488,-8262.30999,1719.872708,6419.876488
0.2762,1,-7510.609849,2155.266581,5353.374113,-7510.609849,2155.266581,5353.374113
0.2763,1,-6837.947046,916.946379,6044.734922,-6837.947046,916.946379,6044.734922
0.2764,1,-8058.400741,1329.015874,6541.095287,-8058.400741,1329.015874,6541.095287
0.2765,1,-6507.453853,960.155543,5717.290574,-6507.453853,960.155543,5717.290574
0.2766,1,-7717.653067,739.012533,6903.820956,-7717.653067,739.012533,6903.820956
0.2767,1,-6407.317863,139.977252,6213.194036,-6407.317863,139.977252,6213.194036
0.2768,1,-7540.063247,566.068212,7137.458555,-7540.063247,566.068212,7137.458555
0.2769,1,-6112.03943,-492.707115,6400.567249,-6112.03943,-492.707115,6400.567249
0.277,1,-7116.988287,79.521155,7198.438698,-7116.988287,79.521155,7198.438698
0.2771,1,-6487.108611,-685.805481,7122.434359,-6487.108611,-685.805481,7122.434359
0.2772,1,-5792.583553,-1202.224837,6916.97747,-5792.583553,-1202.224837,6916.97747
0.2773,1,-7360.392281,-286.223953,7817.791096,-7360.392281,-286.223953,7817.791096
0.2774,1,-4737.39094,-1987.875007,6537.247873,-4737.39094,-1987.875007,6537.247873
0.2775,1,-6965.397476,-1265.730889,8355.148308,-6965.397476,-1265.730889,8355.148308
0.2776,1,-5257.942561,-1637.510261,6889.818133,-5257.942561,-1637.510261,6889.818133
0.2777,1,-5355.406729,-2414.317593,7656.470477,-5355.406729,-2414.317593,7656.470477
0.2778,1,-6174.775886,-1694.419923,8051.942455,-6174.775886,-1694.419923,8051.942455
0.2779,1,-4165.181982,-3125.285897,7120.190556,-4165.181982,-3125.285897,7120.190556
0.278,1,-6107.502702,-2356.30648,8546.537606,-6107.502702,-2356.30648,8546.537606
0.2781,1,-3873.478475,-3032.651198,6950.872022,-3873.478475,-3032.651198,6950.872022
0.2782,1,-5479.775839,-3155.229429,8479.262856,-5479.775839,-3155.229429,8479.262856
0.2783,1,-3617.536953,-3672.349434,7494.945162,-3617.536953,-3672.349434,7494.945162
0.2784,1,-4997.893072,-3257.64471,8085.622301,-4997.893072,-3257.64471,8085.622301
0.2785,1,-3495.096492,-4109.672318,7672.587558,-3495.096492,-4109.672318,7672.587558
0.2786,1,-3813.402148,-4096.287827,7968.910404,-3813.402148,-4096.287827,7968.910404
0.2787,1,-4252.333305,-4027.918338,8125.569043,-4252.333305,-4027.918338,8125.569043
0.2788,1,-2075.687444,-5013.17751,7268.85853,-2075.687444,-5013.17751,7268.85853
0.2789,1,-4755.646768,-3954.26769,8587.015635,-4755.646768,-3954.26769,8587.015635
0.279,1,-1397.543627,-5573.521762,6981.815965,-1397.543627,-5573.521762,6981.815965
0.2791,1,-3640.110993,-4811.619316,8561.263573,-3640.110993,-4811.619316,8561.263573
0.2792,1,-2253.909051,-5099.576857,7169.883799,-2253.909051,-5099.576857,7169.883799
0.2793,1,-1705.470097,-5775.167039,7661.855237,-1705.470097,-5775.167039,7661.855237
0.2794,1,-2819.220744,-5355.656105,8073.80101,-2819.220744,-5355.656105,8073.80101
0.2795,1,-860.068578,-6029.955663,6869.443174,-860.068578,-6029.955663,6869.443174
0.2796,1,-2170.249401,-5767.102193,8071.128527,-2170.249401,-5767.102193,8071.128527
0.2797,1,-743.998393,-6219.373866,6775.169895,-743.998393,-6219.373866,6775.169895
0.2798,1,-1367.10754,-6231.54184,7761.62701,-1367.10754,-6231.54184,7761.62701
0.2799,1,-414.256679,-6562.127256,6908.962308,-414.256679,-6562.127256,6908.962308
0.28,1,-769.486179,-6350.175842,7064.75688,-769.486179,-6350.175842,7064.75688
0.2801,1,-217.021319,-6710.539064,7080.704962,-217.021319,-6710.539064,7080.704962
0.2802,1,435.319108,-7198.326414,6580.123096,435.319108,-7198.326414,6580.123096
0.2803,1,-771.097151,-6308.316429,7212.757001,-771.097151,-6308.316429,7212.757001
0.2804,1,1905.232919,-7685.782558,5756.784255,1905.232919,-7685.782558,5756.784255
0.2805,1,-680.154258,-6708.967818,7292.293001,-680.154258,-6708.967818,7292.293001
0.2806,1,1979.436212,-7455.147692,5654.649374,1979.436212,-7455.147692,5654.649374
0.2807,1,950.775063,-7548.796374,6412.290094,950.775063,-7548.796374,6412.290094
0.2808,1,975.918896,-6871.760349,6012.805541,975.918896,-6871.760349,6012.805541
0.2809,1,2796.585631,-8202.302969,5404.88955,2796.585631,-8202.302969,5404.88955
0.281,1,660.08596,-7100.87625,6330.639486,660.08596,-7100.87625,6330.639486
0.2811,1,3363.521254,-7914.78214,4721.177359,3363.521254,-7914.78214,4721.177359
0.2812,1,1560.051101,-7494.441183,5783.824604,1560.051101,-7494.441183,5783.824604
0.2813,1,3270.800531,-8037.39811,4829.036653,3270.800531,-8037.39811,4829.036653
0.2814,1,2488.664471,-7488.574546,5058.450266,2488.664471,-7488.574546,5058.450266
0.2815,1,3351.603686,-8117.323569,4607.478501,3351.603686,-8117.323569,4607.478501
0.2816,1,3403.265623,-7619.555617,4412.048963,3403.265623,-7619.555617,4412.048963
0.2817,1,3133.420425,-7913.890864,4627.653311,3133.420425,-7913.890864,4627.653311
0.2818,1,4703.506442,-8208.413991,3554.580628,4703.506442,-8208.413991,3554.580628
0.2819,1,2713.242014,-7223.455353,4582.052721,2713.242014,-7223.455353,4582.052721
0.282,1,5634.382385,-8553.767326,2761.152504,5634.382385,-8553.767326,2761.152504
0.2821,1,3301.612017,-7459.012568,4332.910119,3301.612017,-7459.012568,4332.910119
0.2822,1,5141.850827,-7904.747311,2647.319582,5141.850827,-7904.747311,2647.319582
0.2823,1,5036.262732,-7999.757403,2971.235426,5036.262732,-7999.757403,2971.235426
0.2824,1,4259.981031,-7411.407098,3253.593163,4259.981031,-7411.407098,3253.593163
0.2825,1,6228.176409,-8133.558391,1741.919967,6228.176409,-8133.558391,1741.919967
0.2826,1,4431.466162,-7428.565203,3147.683986,4431.466162,-7428.565203,3147.683986
0.2827,1,6289.892844,-7588.647168,1232.812625,6289.892844,-7588.647168,1232.812625
0.2828,1,5313.411292,-7730.715261,2364.266129,5313.411292,-7730.715261,2364.266129
0.2829,1,6142.633487,-7325.206671,1340.741684,6142.633487,-7325.206671,1340.741684
0.283,1,5966.759345,-7477.610158,1307.769086,5966.759345,-7477.610158,1307.769086
0.2831,1,6176.76531,-7136.320913,1130.786641,6176.76531,-7136.320913,1130.786641
0.2832,1,6730.956122,-7527.213275,721.507444,6730.956122,-7527.213275,721.507444
0.2833,1,5742.642789,-6641.82752,856.424622,5742.642789,-6641.82752,856.424622
0.2834,1,7821.976492,-7539.270178,-149.495294,7821.976492,-7539.270178,-149.495294
0.2835,1,5466.32738,-6268.034304,645.109515,5466.32738,-6268.034304,645.109515
0.2836,1,8015.53331,-7238.973714,-670.279289,8015.53331,-7238.973714,-670.279289
0.2837,1,6494.210239,-6447.562855,-50.233247,6494.210239,-6447.562855,-50.233247
0.2838,1,6887.281093,-6255.759047,-734.894306,6887.281093,-6255.759047,-734.894306
0.2839,1,8193.807614,-6761.29004,-1263.872616,8193.807614,-6761.29004,-1263.872616
0.284,1,5979.173128,-5755.20897,-384.11103,5979.173128,-5755.20897,-384.11103
0.2841,1,8759.010635,-6371.237849,-2306.157967,8759.010635,-6371.237849,-2306.157967
0.2842,1,6475.225458,-5580.218557,-857.864952,6475.225458,-5580.218557,-857.864952
0.2843,1,8180.292938,-5900.843415,-2424.373352,8180.292938,-5900.843415,-2424.373352
0.2844,1,7381.84019,-5374.707405,-1807.879682,7381.84019,-5374.707405,-1807.879682
0.2845,1,7730.194938,-5494.852278,-2411.749254,7730.194938,-5494.852278,-2411.749254
0.2846,1,7851.826861,-4958.858571,-2803.357222,7851.826861,-4958.858571,-2803.357222
0.2847,1,7527.495339,-5077.353112,-2425.210395,7527.495339,-5077.353112,-2425.210395
0.2848,1,8342.589724,-4905.734545,-3552.447542,8342.589724,-4905.734545,-3552.447542
0.2849,1,7014.163229,-4197.666367,-2670.804187,7014.163229,-4197.666367,-2670.804187
0.285,1,8942.491747,-4785.23649,-4258.355343,8942.491747,-4785.23649,-4258.355343
0.2851,1,6855.530908,-3892.649861,-2958.554249,6855.530908,-3892.649861,-2958.554249
0.2852,1,8533.638508,-3960.030985,-4470.17648,8533.638508,-3960.030985,-4470.17648
0.2853,1,7874.017986,-4009.729114,-4036.294419,7874.017986,-4009.729114,-4036.294419
0.2854,1,7205.844867,-2956.743754,-4077.048441,7205.844867,-2956.743754,-4077.048441
0.2855,1,9019.473721,-3950.79331,-5168.250384,9019.473721,-3950.79331,-5168.250384
0.2856,1,6508.654269,-2551.03172,-3971.870295,6508.654269,-2551.03172,-3971.870295
0.2857,1,8908.045845,-3024.156779,-5759.331472,8908.045845,-3024.156779,-5759.331472
0.2858,1,7049.675755,-2632.285956,-4601.371698,7049.675755,-2632.285956,-4601.371698
0.2859,1,7954.740003,-2238.147598,-5545.565155,7954.740003,-2238.147598,-5545.565155
0.286,1,7728.231305,-2258.850383,-5560.439105,7728.231305,-2258.850383,-5560.439105
0.2861,1,7274.880706,-1740.931059,-5551.97347,7274.880706,-1740.931059,-5551.97347
0.2862,1,7982.970061,-1804.131864,-6068.505563,7982.970061,-1804.131864,-6068.505563
0.2863,1,6744.291331,-1179.038168,-5708.903443,6744.291331,-1179.038168,-5708.903443
0.2864,1,8251.693744,-1535.074607,-6610.927619,8251.693744,-1535.074607,-6610.927619
0.2865,1,6158.854359,-330.927195,-5839.090991,6158.854359,-330.927195,-5839.090991
0.2866,1,8180.646614,-1259.727073,-7017.461068,8180.646614,-1259.727073,-7017.461068
0.2867,1,6280.007315,-1.644374,-6106.116768,6280.007315,-1.644374,-6106.116768
0.2868,1,7081.471927,-208.921181,-7052.886668,7081.471927,-208.921181,-7052.886668
0.2869,1,7284.959656,-192.190719,-6974.558448,7284.959656,-192.190719,-6974.558448
0.287,1,5649.107491,808.040026,-6466.379661,5649.107491,808.040026,-6466.379661
0.2871,1,7723.111494,45.399018,-7867.736186,7723.111494,45.399018,-7867.736186
0.2872,1,5362.587575,1250.180948,-6448.48294,5362.587575,1250.180948,-6448.48294
0.2873,1,6797.544636,933.908839,-7889.269585,6797.544636,933.908839,-7889.269585
0.2874,1,5971.852658,1214.081564,-7099.383326,5971.852658,1214.081564,-7099.383326
0.2875,1,5652.082275,1791.530397,-7424.534453,5652.082275,1791.530397,-7424.534453
0.2876,1,6246.308803,1546.227405,-7902.557569,6246.308803,1546.227405,-7902.557569
0.2877,1,4981.02493,2326.732571,-7159.844054,4981.02493,2326.732571,-7159.844054
0.2878,1,6049.558056,1947.19177,-8110.202307,6049.558056,1947.19177,-8110.202307
0.2879,1,4449.929397,2924.892557,-7352.03254,4449.929397,2924.892557,-7352.03254
0.288,1,5949.792379,2307.209689,-8169.38663,5949.792379,2307.209689,-8169.38663
0.2881,1,3870.09429,3419.320325,-7458.003944,3870.09429,3419.320325,-7458.003944
0.2882,1,5337.002062,2922.267002,-8071.741282,5337.002062,2922.267002,-8071.741282
0.2883,1,4291.084595,3439.702255,-7865.019517,4291.084595,3439.702255,-7865.019517
0.2884,1,3661.235329,4008.668312,-7636.561182,3661.235329,4008.668312,-7636.561182
0.2885,1,5210.660373,3284.84322,-8421.023838,5210.660373,3284.84322,-8421.023838
0.2886,1,2203.880383,4751.728553,-7097.553948,2203.880383,4751.728553,-7097.553948
0.2887,1,5168.875113,3744.51438,-8769.80798,5168.875113,3744.51438,-8769.80798
0.2888,1,2158.561016,4890.088849,-7127.114728,2158.561016,4890.088849,-7127.114728
0.2889,1,3709.411892,4524.314731,-8255.116547,3709.411892,4524.314731,-8255.116547
0.289,1,2884.753167,4944.89595,-7716.581049,2884.753167,4944.89595,-7716.581049
0.2891,1,2335.708784,5114.257027,-7603.15343,2335.708784,5114.257027,-7603.15343
0.2892,1,2917.213906,5286.334905,-8078.807685,2917.213906,5286.334905,-8078.807685
0.2893,1,1638.278951,5490.240719,-7164.805522,1638.278951,5490.240719,-7164.805522
0.2894,1,2556.683127,5515.962801,-8146.266675,2556.683127,5515.962801,-8146.266675
0.2895,1,1091.117205,6068.135116,-6998.118879,1091.117205,6068.135116,-6998.118879
0.2896,1,2085.248699,5697.879135,-7970.931123,2085.248699,5697.879135,-7970.931123
0.2897,1,714.61584,6307.814615,-6877.27815,714.61584,6307.814615,-6877.27815
0.2898,1,1197.963117,6362.986729,-7611.019009,1197.963117,6362.986729,-7611.019009
0.2899,1,1034.527751,6055.635361,-7144.600642,1034.527751,6055.635361,-7144.600642
0.29,1,-370.6571,7252.890106,-6756.30234,-370.6571,7252.890106,-6756.30234
0.2901,1,1450.490665,5909.710274,-7492.857335,1450.490665,5909.710274,-7492.857335
0.2902,1,-1228.775587,7533.67833,-6229.659792,-1228.775587,7533.67833,-6229.659792
0.2903,1,653.810241,6572.416167,-7204.386958,653.810241,6572.416167,-7204.386958
0.2904,1,-902.211908,7126.584707,-6337.201366,-902.211908,7126.584707,-6337.201366
0.2905,1,-929.241944,7383.117014,-6295.264695,-929.241944,7383.117014,-6295.264695
0.2906,1,-318.685806,6938.462726,-6755.27067,-318.685806,6938.462726,-6755.27067
0.2907,1,-2206.237499,7766.791785,-5506.992453,-2206.237499,7766.791785,-5506.992453
0.2908,1,-451.33906,7077.813378,-6570.689656,-451.33906,7077.813378,-6570.689656
0.2909,1,-2751.362825,7907.218817,-5301.043561,-2751.362825,7907.218817,-5301.043561
0.291,1,-952.488732,7192.721435,-6060.456252,-952.488732,7192.721435,-6060.456252
0.2911,1,-3171.179063,8160.153147,-5132.918119,-3171.179063,8160.153147,-5132.918119
0.2912,1,-1703.986957,7238.882609,-5478.828308,-1703.986957,7238.882609,-5478.828308
0.2913,1,-3024.073786,8106.613081,-5034.904802,-3024.073786,8106.613081,-5034.904802
0.2914,1,-3091.786189,7749.429615,-4778.255945,-3091.786189,7749.429615,-4778.255945
0.2915,1,-2426.640683,7636.151653,-5075.38666,-2426.640683,7636.151653,-5075.38666
0.2916,1,-4512.050922,8273.729049,-3843.057768,-4512.050922,8273.729049,-3843.057768
0.2917,1,-2295.636616,7425.475963,-5141.393712,-2295.636616,7425.475963,-5141.393712
0.2918,1,-4875.920309,8257.694565,-3276.524821,-4875.920309,8257.694565,-3276.524821
0.2919,1,-3489.025764,7769.653734,-4436.506611,-3489.025764,7769.653734,-4436.506611
0.292,1,-4194.157008,7768.810178,-3432.379371,-4194.157008,7768.810178,-3432.379371
0.2921,1,-4919.156352,8154.944004,-3302.717729,-4919.156352,8154.944004,-3302.717729
0.2922,1,-3929.442587,7543.869501,-3651.372379,-3929.442587,7543.869501,-3651.372379
0.2923,1,-5645.383459,8115.304842,-2342.073348,-5645.383459,8115.304842,-2342.073348
0.2924,1,-4288.928504,7523.63528,-3400.382826,-4288.928504,7523.63528,-3400.382826
0.2925,1,-5858.776707,7980.188532,-1984.369652,-5858.776707,7980.188532,-1984.369652
0.2926,1,-4887.861335,7504.812757,-2669.76587,-4887.861335,7504.812757,-2669.76587
0.2927,1,-6010.105686,7729.520154,-1767.932803,-6010.105686,7729.520154,-1767.932803
0.2928,1,-5560.268277,7609.790153,-1923.94854,-5560.268277,7609.790153,-1923.94854
0.2929,1,-5716.711624,7212.9312,-1639.946533,-5716.711624,7212.9312,-1639.946533
0.293,1,-6813.68761,7940.997998,-1029.266937,-6813.68761,7940.997998,-1029.266937
0.2931,1,-5113.303542,6599.745765,-1493.576743,-5113.303542,6599.745765,-1493.576743
0.2932,1,-7713.163493,7919.681619,-293.386048,-7713.163493,7919.681619,-293.386048
0.2933,1,-5374.38535,6580.300915,-1061.238447,-5374.38535,6580.300915,-1061.238447
0.2934,1,-7444.992348,7247.81308,58.492588,-7444.992348,7247.81308,58.492588
0.2935,1,-6661.288151,6903.654305,-169.391595,-6661.288151,6903.654305,-169.391595
0.2936,1,-6446.306677,6519.322561,-46.406656,-6446.306677,6519.322561,-46.406656
0.2937,1,-7912.263088,6982.082284,814.706984,-7912.263088,6982.082284,814.706984
0.2938,1,-6164.170132,6125.377229,196.396555,-6164.170132,6125.377229,196.396555
0.2939,1,-8194.065964,6654.700575,1406.469063,-8194.065964,6654.700575,1406.469063
0.294,1,-6570.021015,5850.224224,773.670956,-6570.021015,5850.224224,773.670956
0.2941,1,-8024.505157,6433.843196,1638.551469,-8024.505157,6433.843196,1638.551469
0.2942,1,-7174.605153,5427.097327,1620.249918,-7174.605153,5427.097327,1620.249918
0.2943,1,-7673.907811,6062.688795,1764.262648,-7673.907811,6062.688795,1764.262648
0.2944,1,-7887.519328,5329.551151,2444.758131,-7887.519328,5329.551151,2444.758131
0.2945,1,-7106.664117,5316.645677,1818.057892,-7106.664117,5316.645677,1818.057892
0.2946,1,-8721.545446,5441.949879,3346.452397,-8721.545446,5441.949879,3346.452397
0.2947,1,-6657.766738,4546.987491,1982.935085,-6657.766738,4546.987491,1982.935085
0.2948,1,-8914.628061,5117.629045,3927.212022,-8914.628061,5117.629045,3927.212022
0.2949,1,-7183.355077,4437.246463,2675.428625,-7183.355077,4437.246463,2675.428625
0.295,1,-8060.725928,4162.906994,3874.698238,-8060.725928,4162.906994,3874.698238
0.2951,1,-8248.803455,4631.20962,3730.293418,-8248.803455,4631.20962,3730.293418
0.2952,1,-7143.81617,3360.508043,3626.134407,-7143.81617,3360.508043,3626.134407
0.2953,1,-8878.709203,4266.935359,4750.739104,-8878.709203,4266.935359,4750.739104
0.2954,1,-6925.423686,3046.842905,3815.38397,-6925.423686,3046.842905,3815.38397
0.2955,1,-8669.959973,3515.926724,5117.594812,-8669.959973,3515.926724,5117.594812
0.2956,1,-7235.151582,2926.56187,4428.904191,-7235.151582,2926.56187,4428.904191
0.2957,1,-8202.422451,2833.201278,5217.458201,-8202.422451,2833.201278,5217.458201
0.2958,1,-7612.887465,2635.27411,5098.489,-7612.887465,2635.27411,5098.489
0.2959,1,-7517.991559,2200.463587,5277.021546,-7517.991559,2200.463587,5277.021546
0.296,1,-8243.392796,2509.663688,5682.445571,-8243.392796,2509.663688,5682.445571
0.2961,1,-6647.313967,1266.022234,5497.132453,-6647.313967,1266.022234,5497.132453
0.2962,1,-8650.633723,2327.732178,6200.411434,-8650.633723,2327.732178,6200.411434
0.2963,1,-6285.705992,593.986453,5761.577285,-6285.705992,593.986453,5761.577285
0.2964,1,-8144.849909,1714.033013,6452.514743,-8144.849909,1714.033013,6452.514743
0.2965,1,-6953.041873,522.565224,6319.705258,-6953.041873,522.565224,6319.705258
0.2966,1,-6800.04623,653.661712,6307.258816,-6800.04623,653.661712,6307.258816
0.2967,1,-7859.010403,679.905254,7031.101217,-7859.010403,679.905254,7031.101217
0.2968,1,-5891.584679,-204.954205,6175.591517,-5891.584679,-204.954205,6175.591517
0.2969,1,-7728.396213,149.076869,7598.643183,-7728.396213,149.076869,7598.643183
0.297,1,-5860.728343,-616.412159,6373.067725,-5860.728343,-616.412159,6373.067725
0.2971,1,-6985.634516,-449.949134,7577.938985,-6985.634516,-449.949134,7577.938985
0.2972,1,-6200.81079,-896.106914,6979.455252,-6200.81079,-896.106914,6979.455252
0.2973,1,-6137.660081,-1151.187837,7332.836752,-6137.660081,-1151.187837,7332.836752
0.2974,1,-6378.211933,-1187.562179,7612.486981,-6378.211933,-1187.562179,7612.486981
0.2975,1,-5381.634675,-1810.209147,7079.822963,-5381.634675,-1810.209147,7079.822963
0.2976,1,-6578.647639,-1379.126347,8082.343066,-6578.647639,-1379.126347,8082.343066
0.2977,1,-4478.467059,-2693.486429,7096.043894,-4478.467059,-2693.486429,7096.043894
0.2978,1,-6490.690437,-1686.445349,8165.369052,-6490.690437,-1686.445349,8165.369052
0.2979,1,-4355.962806,-2913.797039,7373.102853,-4355.962806,-2913.797039,7373.102853
0.298,1,-5434.509466,-2689.131349,7965.849508,-5434.509466,-2689.131349,7965.849508
0.2981,1,-4983.423364,-2759.470427,7896.826205,-4983.423364,-2759.470427,7896.826205
0.2982,1,-3906.586557,-3732.075942,7547.280643,-3906.586557,-3732.075942,7547.280643
0.2983,1,-5548.926403,-2768.154983,8315.856568,-5548.926403,-2768.154983,8315.856568
0.2984,1,-3010.262697,-4313.014418,7409.989277,-3010.262697,-4313.014418,7409.989277
0.2985,1,-5017.532434,-3438.502806,8328.799869,-5017.532434,-3438.502806,8328.799869
0.2986,1,-3101.976298,-4368.845937,7579.44384,-3101.976298,-4368.845937,7579.44384
0.2987,1,-3946.527367,-4096.954283,8005.236028,-3946.527367,-4096.954283,8005.236028
0.2988,1,-3314.699656,-4695.264251,7959.822449,-3314.699656,-4695.264251,7959.822449
0.2989,1,-2821.11257,-4632.384609,7572.645253,-2821.11257,-4632.384609,7572.645253
0.299,1,-3475.455796,-4861.643211,8201.338258,-3475.455796,-4861.643211,8201.338258
0.2991,1,-1891.135665,-5282.783516,7267.582511,-1891.135665,-5282.783516,7267.582511
0.2992,1,-3342.36364,-4971.647955,8306.215114,-3342.36364,-4971.647955,8306.215114
0.2993,1,-1227.676333,-5923.050977,7066.729109,-1227.676333,-5923.050977,7066.729109
0.2994,1,-2741.002791,-5212.341914,8098.742104,-2741.002791,-5212.341914,8098.742104
0.2995,1,-1358.244516,-6004.750669,7213.914665,-1358.244516,-6004.750669,7213.914665
0.2996,1,-1290.091179,-6165.754827,7552.37787,-1290.091179,-6165.754827,7552.37787
0.2997,1,-1851.344182,-5666.377584,7508.531101,-1851.344182,-5666.377584,7508.531101
0.2998,1,-62.775743,-6907.132623,6897.1678,-62.775743,-6907.132623,6897.1678
0.2999,1,-1757.745681,-5821.979381,7695.482751,-1757.745681,-5821.979381,7695.482751
0.3,1,436.109655,-7085.890089,6550.432268,436.109655,-7085.890089,6550.432268
