t,node,Va,Vb,Vc,Ia,Ib,Ic
0.00000,1,-503.103625,-6579.721982,7082.825607,-503.103625,-6579.721982,7082.825607
0.00010,1,-112.806322,-6104.829172,6225.151081,-112.806322,-6104.829172,6225.151081
0.00020,1,-28.478647,-6618.514573,6687.656510,-28.478647,-6618.514573,6687.656510
0.00030,1,205.232513,-7150.909524,7067.843687,205.232513,-7150.909524,7067.843687
0.00040,1,608.635167,-7140.535854,6769.341524,608.635167,-7140.535854,6769.341524
0.00050,1,860.667802,-6852.354228,6288.819910,860.667802,-6852.354228,6288.819910
0.00060,1,1004.143090,-7085.441266,6343.959165,1004.143090,-7085.441266,6343.959165
0.00070,1,1281.092642,-7545.527802,6496.264727,1281.092642,-7545.527802,6496.264727
0.00080,1,1585.254193,-7432.073538,6106.544222,1585.254193,-7432.073538,6106.544222
0.00090,1,1829.651703,-7191.915366,5662.925133,1829.651703,-7191.915366,5662.925133
0.00100,1,2018.174782,-7512.250939,5824.307918,2018.174782,-7512.250939,5824.307918
0.00110,1,2273.262970,-7798.695304,5852.376609,2273.262970,-7798.695304,5852.376609
0.00120,1,2594.738816,-7565.668763,5286.941079,2594.738816,-7565.668763,5286.941079
0.00130,1,2777.433481,-7486.401767,5059.843203,2777.433481,-7486.401767,5059.843203
0.00140,1,2968.449338,-7774.411130,5191.711086,2968.449338,-7774.411130,5191.711086
0.00150,1,3270.232236,-7885.854417,4991.184339,3270.232236,-7885.854417,4991.184339
0.00160,1,3514.628602,-7678.044345,4529.623793,3514.628602,-7678.044345,4529.623793
0.00170,1,3695.310354,-7610.365483,4329.674400,3695.310354,-7610.365483,4329.674400
0.00180,1,3910.099713,-7896.172805,4426.347441,3910.099713,-7896.172805,4426.347441
0.00190,1,4162.491708,-7889.578170,4126.182279,4162.491708,-7889.578170,4126.182279
0.00200,1,4403.947279,-7613.418524,3634.453730,4403.947279,-7613.418524,3634.453730
0.00210,1,4569.851581,-7688.681827,3595.192049,4569.851581,-7688.681827,3595.192049
0.00220,1,4747.466788,-7847.042270,3558.851948,4747.466788,-7847.042270,3558.851948
0.00230,1,5031.508576,-7729.326489,3141.027927,5031.508576,-7729.326489,3141.027927
0.00240,1,5209.595211,-7527.009492,2795.404581,5209.595211,-7527.009492,2795.404581
0.00250,1,5343.204090,-7573.101878,2741.363361,5343.204090,-7573.101878,2741.363361
0.00260,1,5567.753674,-7677.623221,2589.830245,5567.753674,-7677.623221,2589.830245
0.00270,1,5770.634281,-7480.335812,2196.323537,5770.634281,-7480.335812,2196.323537
0.00280,1,5943.092124,-7284.789951,1863.885102,5943.092124,-7284.789951,1863.885102
0.00290,1,6064.134832,-7377.782821,1833.054838,6064.134832,-7377.782821,1833.054838
0.00300,1,6248.140474,-7354.091598,1626.591835,6248.140474,-7354.091598,1626.591835
0.00310,1,6465.362243,-7098.529122,1144.326920,6465.362243,-7098.529122,1144.326920
0.00320,1,6558.202406,-6996.884477,980.938278,6558.202406,-6996.884477,980.938278
0.00330,1,6678.410415,-7001.720629,873.300444,6678.410415,-7001.720629,873.300444
0.00340,1,6874.741328,-6909.745654,560.968335,6874.741328,-6909.745654,560.968335
0.00350,1,7005.253406,-6668.908819,204.870126,7005.253406,-6668.908819,204.870126
0.00360,1,7090.473794,-6578.593156,0.668161,7090.473794,-6578.593156,0.668161
0.00370,1,7156.178597,-6565.319188,-163.540261,7156.178597,-6565.319188,-163.540261
0.00380,1,7270.212665,-6422.805201,-545.440958,7270.212665,-6422.805201,-545.440958
0.00390,1,7380.973406,-6206.406982,-941.506976,7380.973406,-6206.406982,-941.506976
0.00400,1,7409.046251,-6130.063726,-1037.519991,7409.046251,-6130.063726,-1037.519991
0.00410,1,7497.723007,-6030.332001,-1187.155536,7497.723007,-6030.332001,-1187.155536
0.00420,1,7671.214837,-5764.746776,-1595.447358,7671.214837,-5764.746776,-1595.447358
0.00430,1,7715.773346,-5569.173312,-1860.070284,7715.773346,-5569.173312,-1860.070284
0.00440,1,7696.208654,-5495.299502,-1985.898841,7696.208654,-5495.299502,-1985.898841
0.00450,1,7767.793293,-5353.223285,-2234.206870,7767.793293,-5353.223285,-2234.206870
0.00460,1,7878.706323,-5082.386883,-2583.930467,7878.706323,-5082.386883,-2583.930467
0.00470,1,7900.617710,-4871.293768,-2825.490722,7900.617710,-4871.293768,-2825.490722
0.00480,1,7856.099067,-4788.808722,-2930.918131,7856.099067,-4788.808722,-2930.918131
0.00490,1,7914.544409,-4583.160102,-3190.336634,7914.544409,-4583.160102,-3190.336634
0.00500,1,8001.789463,-4283.608536,-3550.599136,8001.789463,-4283.608536,-3550.599136
0.00510,1,7946.917775,-4119.181527,-3716.626078,7946.917775,-4119.181527,-3716.626078
0.00520,1,7885.692775,-3995.929883,-3832.820224,7885.692775,-3995.929883,-3832.820224
0.00530,1,7953.889756,-3731.171828,-4137.823195,7953.889756,-3731.171828,-4137.823195
0.00540,1,7968.967132,-3449.712870,-4421.878917,7968.967132,-3449.712870,-4421.878917
0.00550,1,7868.754358,-3292.643658,-4555.673111,7868.754358,-3292.643658,-4555.673111
0.00560,1,7822.895728,-3119.486231,-4705.537577,7822.895728,-3119.486231,-4705.537577
0.00570,1,7839.432386,-2835.812845,-4970.264462,7839.432386,-2835.812845,-4970.264462
0.00580,1,7815.448289,-2561.138123,-5253.068484,7815.448289,-2561.138123,-5253.068484
0.00590,1,7681.360215,-2408.090765,-5326.184496,7681.360215,-2408.090765,-5326.184496
0.00600,1,7610.290741,-2201.945509,-5468.367279,7610.290741,-2201.945509,-5468.367279
0.00610,1,7628.904576,-1880.493749,-5786.309405,7628.904576,-1880.493749,-5786.309405
0.00620,1,7517.729487,-1654.174015,-5943.406365,7517.729487,-1654.174015,-5943.406365
0.00630,1,7371.033262,-1476.464103,-6020.994097,7371.033262,-1476.464103,-6020.994097
0.00640,1,7309.910387,-1228.477434,-6194.912024,7309.910387,-1228.477434,-6194.912024
0.00650,1,7253.291491,-932.908295,-6441.265477,7253.291491,-932.908295,-6441.265477
0.00660,1,7126.566962,-696.010618,-6581.216330,7126.566962,-696.010618,-6581.216330
0.00670,1,6951.357164,-523.623208,-6620.468890,6951.357164,-523.623208,-6620.468890
0.00680,1,6864.621640,-249.671749,-6798.045698,6864.621640,-249.671749,-6798.045698
0.00690,1,6778.321519,52.028829,-6972.922914,6778.321519,52.028829,-6972.922914
0.00700,1,6692.557398,266.896565,-7005.439350,6692.557398,266.896565,-7005.439350
0.00710,1,6555.325150,593.269561,-7062.920704,6555.325150,593.269561,-7062.920704
0.00720,1,6401.858376,941.798251,-7221.348831,6401.858376,941.798251,-7221.348831
0.00730,1,6284.784028,1077.051717,-7328.338500,6284.784028,1077.051717,-7328.338500
0.00740,1,6111.749209,1234.450629,-7391.988434,6111.749209,1234.450629,-7391.988434
0.00750,1,5874.014754,1585.273019,-7511.660325,5874.014754,1585.273019,-7511.660325
0.00760,1,5732.309979,1840.519615,-7615.703599,5732.309979,1840.519615,-7615.703599
0.00770,1,5621.410907,2011.505046,-7650.210643,5621.410907,2011.505046,-7650.210643
0.00780,1,5433.651602,2264.342949,-7657.457617,5433.651602,2264.342949,-7657.457617
0.00790,1,5212.822489,2572.167565,-7735.880243,5212.822489,2572.167565,-7735.880243
0.00800,1,5027.515789,2804.315948,-7835.287085,5027.515789,2804.315948,-7835.287085
0.00810,1,4872.755064,2941.360717,-7836.196012,4872.755064,2941.360717,-7836.196012
0.00820,1,4645.682122,3180.586819,-7836.725168,4645.682122,3180.586819,-7836.725168
0.00830,1,4396.312288,3496.596303,-7910.728854,4396.312288,3496.596303,-7910.728854
0.00840,1,4236.462272,3688.342930,-7932.475299,4236.462272,3688.342930,-7932.475299
0.00850,1,4068.586886,3833.533924,-7879.066198,4068.586886,3833.533924,-7879.066198
0.00860,1,3793.261620,4106.612332,-7883.705939,3793.261620,4106.612332,-7883.705939
0.00870,1,3551.868130,4359.341219,-7920.945322,3551.868130,4359.341219,-7920.945322
0.00880,1,3382.414448,4511.627713,-7899.599979,3382.414448,4511.627713,-7899.599979
0.00890,1,3154.829597,4681.917811,-7837.715262,3154.829597,4681.917811,-7837.715262
0.00900,1,2887.695068,4906.807422,-7804.976040,2887.695068,4906.807422,-7804.976040
0.00910,1,2645.302315,5170.803351,-7816.404677,2645.302315,5170.803351,-7816.404677
0.00920,1,2465.409284,5284.767657,-7738.895262,2465.409284,5284.767657,-7738.895262
0.00930,1,2226.654357,5421.723655,-7645.855652,2226.654357,5421.723655,-7645.855652
0.00940,1,1919.802854,5696.912652,-7621.107039,1919.802854,5696.912652,-7621.107039
0.00950,1,1711.113765,5855.774470,-7568.149260,1711.113765,5855.774470,-7568.149260
0.00960,1,1505.536165,5960.457695,-7466.612648,1505.536165,5960.457695,-7466.612648
0.00970,1,1229.431650,6124.683097,-7357.832433,1229.431650,6124.683097,-7357.832433
0.00980,1,958.577415,6332.028678,-7290.292997,958.577415,6332.028678,-7290.292997
0.00990,1,732.974429,6486.321624,-7215.198681,732.974429,6486.321624,-7215.198681
0.01000,1,518.622194,6552.129657,-7069.726153,518.622194,6552.129657,-7069.726153
0.01010,1,238.859650,6699.304000,-6940.328608,238.859650,6699.304000,-6940.328608
0.01020,1,-43.621192,6907.450561,-6865.393827,-43.621192,6907.450561,-6865.393827
0.01030,1,-245.185109,6981.582940,-6734.989012,-245.185109,6981.582940,-6734.989012
0.01040,1,-475.933093,7036.751473,-6562.092311,-475.933093,7036.751473,-6562.092311
0.01050,1,-774.937135,7205.430614,-6432.313941,-774.937135,7205.430614,-6432.313941
0.01060,1,-1018.354783,7329.604970,-6307.906060,-1018.354783,7329.604970,-6307.906060
0.01070,1,-1228.446339,7385.025700,-6155.689695,-1228.446339,7385.025700,-6155.689695
0.01080,1,-1476.650554,7433.566976,-5960.345253,-1476.650554,7433.566976,-5960.345253
0.01090,1,-1750.594069,7554.539960,-5803.248958,-1750.594069,7554.539960,-5803.248958
0.01100,1,-1996.550133,7670.236047,-5671.631292,-1996.550133,7670.236047,-5671.631292
0.01110,1,-2192.016714,7658.121735,-5468.867438,-2192.016714,7658.121735,-5468.867438
0.01120,1,-2439.672613,7699.074398,-5259.803209,-2439.672613,7699.074398,-5259.803209
0.01130,1,-2719.372457,7823.188345,-5100.589099,-2719.372457,7823.188345,-5100.589099
0.01140,1,-2924.254165,7848.386377,-4925.511037,-2924.254165,7848.386377,-4925.511037
0.01150,1,-3124.554528,7824.346674,-4701.834896,-3124.554528,7824.346674,-4701.834896
0.01160,1,-3380.183055,7868.934601,-4486.404248,-3380.183055,7868.934601,-4486.404248
0.01170,1,-3621.654128,7924.319387,-4302.761290,-3621.654128,7924.319387,-4302.761290
0.01180,1,-3819.179633,7927.578095,-4110.656420,-3819.179633,7927.578095,-4110.656420
0.01190,1,-4013.477963,7876.639053,-3861.570871,-4013.477963,7876.639053,-3861.570871
0.01200,1,-4248.547497,7880.381588,-3630.882791,-4248.547497,7880.381588,-3630.882791
0.01210,1,-4486.235289,7939.966135,-3455.621779,-4486.235289,7939.966135,-3455.621779
0.01220,1,-4642.521230,7857.355071,-3214.241692,-4642.521230,7857.355071,-3214.241692
0.01230,1,-4834.072810,7795.424674,-2960.547207,-4834.072810,7795.424674,-2960.547207
0.01240,1,-5073.949389,7812.610047,-2739.685782,-5073.949389,7812.610047,-2739.685782
0.01250,1,-5248.460142,7772.518016,-2523.954520,-5248.460142,7772.518016,-2523.954520
0.01260,1,-5409.708766,7696.182033,-2286.028171,-5409.708766,7696.182033,-2286.028171
0.01270,1,-5588.270886,7601.762241,-2013.566778,-5588.270886,7601.762241,-2013.566778
0.01280,1,-5790.343532,7579.314863,-1789.366488,-5790.343532,7579.314863,-1789.366488
0.01290,1,-5955.810972,7530.060739,-1573.801611,-5955.810972,7530.060739,-1573.801611
0.01300,1,-6077.835065,7381.905476,-1304.349530,-6077.835065,7381.905476,-1304.349530
0.01310,1,-6251.009866,7290.565175,-1039.607760,-6251.009866,7290.565175,-1039.607760
0.01320,1,-6432.227292,7254.568749,-821.862545,-6432.227292,7254.568749,-821.862545
0.01330,1,-6547.187911,7127.313686,-580.988230,-6547.187911,7127.313686,-580.988230
0.01340,1,-6662.746366,6974.778755,-311.232803,-6662.746366,6974.778755,-311.232803
0.01350,1,-6821.266777,6877.043568,-55.814612,-6821.266777,6877.043568,-55.814612
0.01360,1,-6953.334336,6778.634554,173.973215,-6953.334336,6778.634554,173.973215
0.01370,1,-7050.049897,6642.372548,408.334967,-7050.049897,6642.372548,408.334967
0.01380,1,-7143.769302,6453.970938,689.916396,-7143.769302,6453.970938,689.916396
0.01390,1,-7268.949820,6331.517423,936.871664,-7268.949820,6331.517423,936.871664
0.01400,1,-7383.367231,6234.006757,1149.456998,-7383.367231,6234.006757,1149.456998
0.01410,1,-7428.138945,6018.371681,1410.488378,-7428.138945,6018.371681,1410.488378
0.01420,1,-7512.461973,5839.573427,1672.164742,-7512.461973,5839.573427,1672.164742
0.01430,1,-7618.787312,5714.425805,1904.230859,-7618.787312,5714.425805,1904.230859
0.01440,1,-7669.344942,5541.601722,2128.588757,-7669.344942,5541.601722,2128.588757
0.01450,1,-7709.398903,5336.365511,2372.531253,-7709.398903,5336.365511,2372.531253
0.01460,1,-7763.423585,5130.962422,2632.032854,-7763.423585,5130.962422,2632.032854
0.01470,1,-7828.706283,4978.923594,2850.666039,-7828.706283,4978.923594,2850.666039
0.01480,1,-7857.675882,4799.195926,3058.185142,-7857.675882,4799.195926,3058.185142
0.01490,1,-7855.403364,4543.640752,3311.210101,-7855.403364,4543.640752,3311.210101
0.01500,1,-7890.169579,4343.585033,3547.381492,-7890.169579,4343.585033,3547.381492
0.01510,1,-7930.471705,4190.472968,3739.754679,-7930.471705,4190.472968,3739.754679
0.01520,1,-7901.115890,3941.516186,3959.287913,-7901.115890,3941.516186,3959.287913
0.01530,1,-7889.368051,3703.834011,4185.901167,-7889.368051,3703.834011,4185.901167
0.01540,1,-7900.458083,3499.495533,4401.005506,-7900.458083,3499.495533,4401.005506
0.01550,1,-7882.778197,3293.906888,4588.616410,-7882.778197,3293.906888,4588.616410
0.01560,1,-7843.455480,3065.992022,4777.556641,-7843.455480,3065.992022,4777.556641
0.01570,1,-7790.798567,2784.237913,5006.859381,-7790.798567,2784.237913,5006.859381
0.01580,1,-7776.041700,2589.743829,5185.902772,-7776.041700,2589.743829,5185.902772
0.01590,1,-7731.767691,2381.599157,5350.329668,-7731.767691,2381.599157,5350.329668
0.01600,1,-7639.607194,2097.220808,5542.667018,-7639.607194,2097.220808,5542.667018
0.01610,1,-7582.353013,1849.692898,5732.203756,-7582.353013,1849.692898,5732.203756
0.01620,1,-7533.345592,1644.058828,5889.593189,-7533.345592,1644.058828,5889.593189
0.01630,1,-7438.960156,1398.591412,6040.509889,-7438.960156,1398.591412,6040.509889
0.01640,1,-7335.841851,1129.644243,6205.773337,-7335.841851,1129.644243,6205.773337
0.01650,1,-7247.821482,875.178760,6373.052221,-7247.821482,875.178760,6373.052221
0.01660,1,-7161.552055,656.435698,6505.065911,-7161.552055,656.435698,6505.065911
0.01670,1,-7045.647866,422.017581,6623.427031,-7045.647866,422.017581,6623.427031
0.01680,1,-6904.502589,121.529992,6783.207980,-6904.502589,121.529992,6783.207980
0.01690,1,-6798.917779,-110.881104,6909.771874,-6798.917779,-110.881104,6909.771874
0.01700,1,-6689.702823,-316.954661,7006.672078,-6689.702823,-316.954661,7006.672078
0.01710,1,-6520.828214,-602.479155,7123.115826,-6520.828214,-602.479155,7123.115826
0.01720,1,-6378.972652,-856.704132,7236.113979,-6378.972652,-856.704132,7236.113979
0.01730,1,-6246.015216,-1093.847733,7339.571372,-6246.015216,-1093.847733,7339.571372
0.01740,1,-6090.876831,-1320.089051,7410.852359,-6090.876831,-1320.089051,7410.852359
0.01750,1,-5918.838423,-1571.430014,7490.799939,-5918.838423,-1571.430014,7490.799939
0.01760,1,-5738.350611,-1853.208012,7591.075035,-5738.350611,-1853.208012,7591.075035
0.01770,1,-5591.680249,-2055.742095,7647.585002,-5591.680249,-2055.742095,7647.585002
0.01780,1,-5412.325049,-2278.290920,7690.794106,-5412.325049,-2278.290920,7690.794106
0.01790,1,-5202.159426,-2554.602912,7756.634687,-5202.159426,-2554.602912,7756.634687
0.01800,1,-5022.636458,-2789.622027,7812.183024,-5022.636458,-2789.622027,7812.183024
0.01810,1,-4848.849809,-2987.130200,7836.229353,-4848.849809,-2987.130200,7836.229353
0.01820,1,-4633.129583,-3227.738889,7860.763005,-4633.129583,-3227.738889,7860.763005
0.01830,1,-4422.349848,-3463.541186,7885.821743,-4422.349848,-3463.541186,7885.821743
0.01840,1,-4219.934666,-3696.666909,7916.775779,-4219.934666,-3696.666909,7916.775779
0.01850,1,-4020.823522,-3885.241750,7906.031671,-4020.823522,-3885.241750,7906.031671
0.01860,1,-3799.001160,-4093.201783,7892.174029,-3799.001160,-4093.201783,7892.174029
0.01870,1,-3556.494096,-4351.956208,7908.424408,-3556.494096,-4351.956208,7908.424408
0.01880,1,-3356.191236,-4528.660141,7885.145666,-3356.191236,-4528.660141,7885.145666
0.01890,1,-3138.630272,-4709.184646,7847.402284,-3138.630272,-4709.184646,7847.402284
0.01900,1,-2883.906890,-4932.442866,7816.692862,-2883.906890,-4932.442866,7816.692862
0.01910,1,-2655.635258,-5130.403363,7786.046389,-2655.635258,-5130.403363,7786.046389
0.01920,1,-2432.389905,-5307.246340,7739.361227,-2432.389905,-5307.246340,7739.361227
0.01930,1,-2195.387231,-5472.686606,7668.477240,-2195.387231,-5472.686606,7668.477240
0.01940,1,-1944.445509,-5661.326371,7605.524891,-1944.445509,-5661.326371,7605.524891
0.01950,1,-1696.369565,-5857.383111,7553.856732,-1696.369565,-5857.383111,7553.856732
0.01960,1,-1473.721052,-5991.296674,7465.038650,-1473.721052,-5991.296674,7465.038650
0.01970,1,-1226.799307,-6137.190811,7364.005980,-1226.799307,-6137.190811,7364.005980
0.01980,1,-958.327744,-6329.302768,7287.663948,-958.327744,-6329.302768,7287.663948
0.01990,1,-723.362768,-6466.883663,7190.160082,-723.362768,-6466.883663,7190.160082
0.02000,1,-491.428404,-6582.088808,7073.727881,-491.428404,-6582.088808,7073.727881
0.02010,1,73.168486,-6924.524498,6851.221323,73.168486,-6924.524498,6851.221323
0.02020,1,116.489298,-6907.263315,6790.756435,116.489298,-6907.263315,6790.756435
0.02030,1,80.543213,-6863.798601,6783.500961,80.543213,-6863.798601,6783.500961
0.02040,1,405.135523,-7011.584897,6606.221081,405.135523,-7011.584897,6606.221081
0.02050,1,977.164568,-7316.745202,6339.660845,977.164568,-7316.745202,6339.660845
0.02060,1,1104.162926,-7366.334239,6262.360783,1104.162926,-7366.334239,6262.360783
0.02070,1,1021.864140,-7234.006569,6211.892097,1021.864140,-7234.006569,6211.892097
0.02080,1,1448.828448,-7423.350454,5974.723240,1448.828448,-7423.350454,5974.723240
0.02090,1,2004.486204,-7716.603065,5712.107339,2004.486204,-7716.603065,5712.107339
0.02100,1,1993.063412,-7626.065180,5632.952282,1993.063412,-7626.065180,5632.952282
0.02110,1,1930.346236,-7486.872352,5556.627609,1930.346236,-7486.872352,5556.627609
0.02120,1,2588.236451,-7811.370441,5223.056979,2588.236451,-7811.370441,5223.056979
0.02130,1,2884.952015,-7892.681524,5007.899345,2884.952015,-7892.681524,5007.899345
0.02140,1,2814.342774,-7762.812600,4948.286852,2814.342774,-7762.812600,4948.286852
0.02150,1,3020.219150,-7757.308604,4737.260618,3020.219150,-7757.308604,4737.260618
0.02160,1,3439.180764,-7895.204737,4456.046322,3439.180764,-7895.204737,4456.046322
0.02170,1,3843.685397,-8056.568123,4212.735248,3843.685397,-8056.568123,4212.735248
0.02180,1,3644.846976,-7787.932882,4143.308572,3644.846976,-7787.932882,4143.308572
0.02190,1,3861.996892,-7775.678431,3913.606425,3861.996892,-7775.678431,3913.606425
0.02200,1,4521.772015,-8061.062527,3539.241915,4521.772015,-8061.062527,3539.241915
0.02210,1,4479.860340,-7897.622088,3417.922827,4479.860340,-7897.622088,3417.922827
0.02220,1,4509.130775,-7763.486373,3254.289042,4509.130775,-7763.486373,3254.289042
0.02230,1,4785.238072,-7767.082284,2981.817721,4785.238072,-7767.082284,2981.817721
0.02240,1,5263.314240,-7908.429334,2645.281183,5263.314240,-7908.429334,2645.281183
0.02250,1,5261.450905,-7772.764397,2511.151864,5261.450905,-7772.764397,2511.151864
0.02260,1,5227.761935,-7561.635997,2334.059424,5227.761935,-7561.635997,2334.059424
0.02270,1,5601.727816,-7600.984913,1999.130681,5601.727816,-7600.984913,1999.130681
0.02280,1,5990.602494,-7705.445533,1714.965344,5990.602494,-7705.445533,1714.965344
0.02290,1,5905.140148,-7464.948302,1559.819734,5905.140148,-7464.948302,1559.819734
0.02300,1,5851.187713,-7234.382427,1383.066675,5851.187713,-7234.382427,1383.066675
0.02310,1,6433.872405,-7403.613053,970.041435,6433.872405,-7403.613053,970.041435
0.02320,1,6504.647940,-7272.214834,767.281732,6504.647940,-7272.214834,767.281732
0.02330,1,6446.572335,-7061.216415,614.839419,6446.572335,-7061.216415,614.839419
0.02340,1,6578.143338,-6907.001726,328.902603,6578.143338,-6907.001726,328.902603
0.02350,1,6877.629889,-6895.756983,17.962223,6877.629889,-6895.756983,17.962223
0.02360,1,7139.606046,-6893.562706,-245.804999,7139.606046,-6893.562706,-245.804999
0.02370,1,6814.555423,-6474.833361,-339.856962,6814.555423,-6474.833361,-339.856962
0.02380,1,7110.047459,-6419.375324,-690.599084,7110.047459,-6419.375324,-690.599084
0.02390,1,7435.321088,-6433.893635,-1001.385305,7435.321088,-6433.893635,-1001.385305
0.02400,1,7394.175595,-6217.656600,-1176.578983,7394.175595,-6217.656600,-1176.578983
0.02410,1,7250.429557,-5906.418030,-1343.870402,7250.429557,-5906.418030,-1343.870402
0.02420,1,7534.025375,-5838.291961,-1695.860128,7534.025375,-5838.291961,-1695.860128
0.02430,1,7748.995347,-5774.945186,-1973.917400,7748.995347,-5774.945186,-1973.917400
0.02440,1,7632.841079,-5526.698380,-2106.149633,7632.841079,-5526.698380,-2106.149633
0.02450,1,7587.622321,-5241.661266,-2346.014337,7587.622321,-5241.661266,-2346.014337
0.02460,1,7731.903735,-5093.544275,-2638.238216,7731.903735,-5093.544275,-2638.238216
0.02470,1,8060.034340,-5121.176381,-2938.875268,8060.034340,-5121.176381,-2938.875268
0.02480,1,7693.807812,-4690.655856,-3003.218578,7693.807812,-4690.655856,-3003.218578
0.02490,1,7732.224275,-4454.937641,-3277.096497,7732.224275,-4454.937641,-3277.096497
0.02500,1,8038.231226,-4422.742587,-3615.632982,8038.231226,-4422.742587,-3615.632982
0.02510,1,7933.878726,-4179.211915,-3754.582781,7933.878726,-4179.211915,-3754.582781
0.02520,1,7856.525045,-3927.772273,-3928.671687,7856.525045,-3927.772273,-3928.671687
0.02530,1,7739.805592,-3589.832133,-4150.121274,7739.805592,-3589.832133,-4150.121274
0.02540,1,8046.171863,-3564.361082,-4481.569084,8046.171863,-3564.361082,-4481.569084
0.02550,1,7923.188207,-3340.206226,-4583.198818,7923.188207,-3340.206226,-4583.198818
0.02560,1,7691.453498,-2961.145436,-4730.087352,7691.453498,-2961.145436,-4730.087352
0.02570,1,7736.435787,-2733.734703,-5002.801109,7736.435787,-2733.734703,-5002.801109
0.02580,1,7925.129092,-2672.082341,-5253.032642,7925.129092,-2672.082341,-5253.032642
0.02590,1,7719.152085,-2380.666459,-5338.346731,7719.152085,-2380.666459,-5338.346731
0.02600,1,7447.201205,-1985.863064,-5461.489034,7447.201205,-1985.863064,-5461.489034
0.02610,1,7673.245684,-1876.043041,-5797.062223,7673.245684,-1876.043041,-5797.062223
0.02620,1,7547.419450,-1646.939947,-5900.471033,7547.419450,-1646.939947,-5900.471033
0.02630,1,7471.120301,-1445.105180,-6026.088960,7471.120301,-1445.105180,-6026.088960
0.02640,1,7156.732303,-1009.094436,-6147.498305,7156.732303,-1009.094436,-6147.498305
0.02650,1,7278.239540,-865.656278,-6412.629564,7278.239540,-865.656278,-6412.629564
0.02660,1,7323.180028,-771.336535,-6551.863234,7323.180028,-771.336535,-6551.863234
0.02670,1,6870.770273,-330.393936,-6540.222535,6870.770273,-330.393936,-6540.222535
0.02680,1,6853.762624,-78.803062,-6775.133833,6853.762624,-78.803062,-6775.133833
0.02690,1,6862.152801,88.360340,-6950.294962,6862.152801,88.360340,-6950.294962
0.02700,1,6741.174183,275.488224,-7016.799109,6741.174183,275.488224,-7016.799109
0.02710,1,6413.005652,637.170304,-7050.095369,6413.005652,637.170304,-7050.095369
0.02720,1,6314.911149,923.069348,-7237.900897,6314.911149,923.069348,-7237.900897
0.02730,1,6322.471525,1058.873608,-7381.498300,6322.471525,1058.873608,-7381.498300
0.02740,1,6140.636865,1254.009921,-7394.411783,6140.636865,1254.009921,-7394.411783
0.02750,1,5779.593897,1652.309088,-7432.052416,5779.593897,1652.309088,-7432.052416
0.02760,1,5683.994553,1903.941127,-7587.869086,5683.994553,1903.941127,-7587.869086
0.02770,1,5759.358499,1952.295995,-7711.555728,5759.358499,1952.295995,-7711.555728
0.02780,1,5324.075149,2304.507209,-7628.718722,5324.075149,2304.507209,-7628.718722
0.02790,1,5116.624386,2598.057198,-7714.512452,5116.624386,2598.057198,-7714.512452
0.02800,1,5045.258071,2797.687479,-7843.014527,5045.258071,2797.687479,-7843.014527
0.02810,1,4897.994763,2949.970236,-7847.940033,4897.994763,2949.970236,-7847.940033
0.02820,1,4638.527039,3185.124032,-7823.575469,4638.527039,3185.124032,-7823.575469
0.02830,1,4266.222218,3569.045601,-7835.335150,4266.222218,3569.045601,-7835.335150
0.02840,1,4283.421014,3674.360195,-7957.687765,4283.421014,3674.360195,-7957.687765
0.02850,1,4124.291734,3793.403863,-7917.705829,4124.291734,3793.403863,-7917.705829
0.02860,1,3662.259088,4160.002961,-7822.279861,3662.259088,4160.002961,-7822.279861
0.02870,1,3519.146234,4377.297893,-7896.338285,3519.146234,4377.297893,-7896.338285
0.02880,1,3416.482077,4502.601013,-7919.151895,3416.482077,4502.601013,-7919.151895
0.02890,1,3186.916977,4655.406151,-7842.285755,3186.916977,4655.406151,-7842.285755
0.02900,1,2765.134218,4976.959721,-7741.979566,2765.134218,4976.959721,-7741.979566
0.02910,1,2649.896810,5155.832040,-7805.913205,2649.896810,5155.832040,-7805.913205
0.02920,1,2465.836095,5282.755466,-7748.326936,2465.836095,5282.755466,-7748.326936
0.02930,1,2268.396671,5394.404070,-7662.983874,2268.396671,5394.404070,-7662.983874
0.02940,1,1789.233154,5748.293672,-7537.420835,1789.233154,5748.293672,-7537.420835
0.02950,1,1688.901990,5874.699250,-7563.532307,1688.901990,5874.699250,-7563.532307
0.02960,1,1628.988368,5883.889311,-7513.024265,1628.988368,5883.889311,-7513.024265
0.02970,1,1098.607822,6189.251803,-7287.616296,1098.607822,6189.251803,-7287.616296
0.02980,1,953.315232,6323.185175,-7276.700095,953.315232,6323.185175,-7276.700095
0.02990,1,695.222367,6496.973317,-7192.025951,695.222367,6496.973317,-7192.025951
0.03000,1,589.666516,6509.254286,-7098.950302,589.666516,6509.254286,-7098.950302
0.03010,1,177.756205,6720.774238,-6898.564657,177.756205,6720.774238,-6898.564657
0.03020,1,-128.163985,6937.387333,-6809.096184,-128.163985,6937.387333,-6809.096184
0.03030,1,-191.295702,6949.565416,-6758.347431,-191.295702,6949.565416,-6758.347431
0.03040,1,-449.636338,7014.872025,-6565.191069,-449.636338,7014.872025,-6565.191069
0.03050,1,-850.103814,7225.349035,-6375.167957,-850.103814,7225.349035,-6375.167957
0.03060,1,-1084.833835,7359.395199,-6274.651197,-1084.833835,7359.395199,-6274.651197
0.03070,1,-1128.168576,7317.150135,-6188.869610,-1128.168576,7317.150135,-6188.869610
0.03080,1,-1524.190523,7452.187687,-5927.999731,-1524.190523,7452.187687,-5927.999731
0.03090,1,-1796.172193,7561.834827,-5765.718624,-1796.172193,7561.834827,-5765.718624
0.03100,1,-2018.019072,7665.837964,-5647.649115,-2018.019072,7665.837964,-5647.649115
0.03110,1,-2164.709464,7640.979793,-5476.430761,-2164.709464,7640.979793,-5476.430761
0.03120,1,-2394.932993,7658.258727,-5263.161246,-2394.932993,7658.258727,-5263.161246
0.03130,1,-2871.885901,7884.179012,-5012.335944,-2871.885901,7884.179012,-5012.335944
0.03140,1,-2858.743779,7806.728756,-4948.015474,-2858.743779,7806.728756,-4948.015474
0.03150,1,-3083.079182,7791.501549,-4708.257461,-3083.079182,7791.501549,-4708.257461
0.03160,1,-3444.218523,7883.459753,-4439.415621,-3444.218523,7883.459753,-4439.415621
0.03170,1,-3648.108596,7924.251201,-4275.956310,-3648.108596,7924.251201,-4275.956310
0.03180,1,-3817.270052,7916.262026,-4099.055563,-3817.270052,7916.262026,-4099.055563
0.03190,1,-3947.453726,7827.267170,-3879.819785,-3947.453726,7827.267170,-3879.819785
0.03200,1,-4327.110327,7907.896307,-3580.663580,-4327.110327,7907.896307,-3580.663580
0.03210,1,-4502.589156,7926.176458,-3423.691668,-4502.589156,7926.176458,-3423.691668
0.03220,1,-4628.310878,7847.904636,-3219.494436,-4628.310878,7847.904636,-3219.494436
0.03230,1,-4763.151696,7739.655535,-2976.491258,-4763.151696,7739.655535,-2976.491258
0.03240,1,-5183.844656,7848.474896,-2664.674325,-5183.844656,7848.474896,-2664.674325
0.03250,1,-5248.114870,7767.835277,-2519.609845,-5248.114870,7767.835277,-2519.609845
0.03260,1,-5323.685227,7630.381101,-2306.746379,-5323.685227,7630.381101,-2306.746379
0.03270,1,-5652.746898,7627.486954,-1974.720653,-5652.746898,7627.486954,-1974.720653
0.03280,1,-5771.786802,7547.153249,-1775.262098,-5771.786802,7547.153249,-1775.262098
0.03290,1,-6019.239073,7551.821164,-1532.718364,-6019.239073,7551.821164,-1532.718364
0.03300,1,-5977.200570,7320.737470,-1343.347127,-5977.200570,7320.737470,-1343.347127
0.03310,1,-6275.658994,7284.349323,-1008.791292,-6275.658994,7284.349323,-1008.791292
0.03320,1,-6507.408940,7275.210271,-767.770654,-6507.408940,7275.210271,-767.770654
0.03330,1,-6488.052733,7091.121479,-602.939938,-6488.052733,7091.121479,-602.939938
0.03340,1,-6629.854662,6942.220017,-312.545511,-6629.854662,6942.220017,-312.545511
0.03350,1,-6853.489324,6875.441467,-21.716555,-6853.489324,6875.441467,-21.716555
0.03360,1,-6989.632779,6786.577930,202.912518,-6989.632779,6786.577930,202.912518
0.03370,1,-6995.001565,6601.157309,393.918105,-6995.001565,6601.157309,393.918105
0.03380,1,-7125.625076,6433.658408,692.041745,-7125.625076,6433.658408,692.041745
0.03390,1,-7295.544023,6328.894640,966.532974,-7295.544023,6328.894640,966.532974
0.03400,1,-7402.480928,6226.895357,1175.759986,-7402.480928,6226.895357,1175.759986
0.03410,1,-7398.935644,6003.276058,1395.558502,-7398.935644,6003.276058,1395.558502
0.03420,1,-7431.006768,5776.928545,1654.143587,-7431.006768,5776.928545,1654.143587
0.03430,1,-7750.088617,5767.551302,1982.583139,-7750.088617,5767.551302,1982.583139
0.03440,1,-7587.228616,5493.746345,2093.432270,-7587.228616,5493.746345,2093.432270
0.03450,1,-7693.030322,5314.829199,2378.276263,-7693.030322,5314.829199,2378.276263
0.03460,1,-7763.922782,5121.702374,2642.241083,-7763.922782,5121.702374,2642.241083
0.03470,1,-7833.119302,4963.546243,2869.513641,-7833.119302,4963.546243,2869.513641
0.03480,1,-7890.048924,4811.444692,3078.752258,-7890.048924,4811.444692,3078.752258
0.03490,1,-7741.775245,4477.238948,3264.428227,-7741.775245,4477.238948,3264.428227
0.03500,1,-7952.952765,4362.488005,3590.546927,-7952.952765,4362.488005,3590.546927
0.03510,1,-7925.606820,4171.721733,3753.939695,-7925.606820,4171.721733,3753.939695
0.03520,1,-7894.892872,3943.359879,3951.417756,-7894.892872,3943.359879,3951.417756
0.03530,1,-7801.887257,3643.250747,4158.845830,-7801.887257,3643.250747,4158.845830
0.03540,1,-7973.766474,3524.677711,4448.921134,-7973.766474,3524.677711,4448.921134
0.03550,1,-7865.331710,3282.832671,4582.639381,-7865.331710,3282.832671,4582.639381
0.03560,1,-7794.442271,3029.850372,4764.587242,-7794.442271,3029.850372,4764.587242
0.03570,1,-7795.391619,2787.490249,5007.847721,-7795.391619,2787.490249,5007.847721
0.03580,1,-7743.218533,2553.071699,5190.292044,-7743.218533,2553.071699,5190.292044
0.03590,1,-7806.329310,2419.819458,5386.408460,-7806.329310,2419.819458,5386.408460
0.03600,1,-7524.153692,2038.539870,5485.688723,-7524.153692,2038.539870,5485.688723
0.03610,1,-7590.224784,1840.663579,5749.613149,-7590.224784,1840.663579,5749.613149
0.03620,1,-7583.093493,1662.499419,5920.504585,-7583.093493,1662.499419,5920.504585
0.03630,1,-7379.709617,1369.171277,6010.689242,-7379.709617,1369.171277,6010.689242
0.03640,1,-7326.317061,1122.265833,6203.973745,-7326.317061,1122.265833,6203.973745
0.03650,1,-7213.983751,848.485717,6365.531762,-7213.983751,848.485717,6365.531762
0.03660,1,-7211.217795,679.304394,6532.005578,-7211.217795,679.304394,6532.005578
0.03670,1,-6996.639770,394.732950,6601.792476,-6996.639770,394.732950,6601.792476
0.03680,1,-6877.426149,112.055106,6765.527128,-6877.426149,112.055106,6765.527128
0.03690,1,-6785.853849,-129.478984,6915.264276,-6785.853849,-129.478984,6915.264276
0.03700,1,-6733.004894,-297.494294,7030.520433,-6733.004894,-297.494294,7030.520433
0.03710,1,-6469.464719,-617.809708,7087.371898,-6469.464719,-617.809708,7087.371898
0.03720,1,-6321.077371,-896.613912,7217.587308,-6321.077371,-896.613912,7217.587308
0.03730,1,-6321.357896,-1056.348808,7377.831750,-6321.357896,-1056.348808,7377.831750
0.03740,1,-6028.456890,-1349.737063,7378.176932,-6028.456890,-1349.737063,7378.176932
0.03750,1,-5928.299464,-1566.320101,7494.575493,-5928.299464,-1566.320101,7494.575493
0.03760,1,-5688.410904,-1874.383859,7562.959580,-5688.410904,-1874.383859,7562.959580
0.03770,1,-5608.846754,-2056.823153,7665.507922,-5608.846754,-2056.823153,7665.507922
0.03780,1,-5442.022416,-2255.300521,7697.491995,-5442.022416,-2255.300521,7697.491995
0.03790,1,-5105.478487,-2598.049963,7703.476944,-5105.478487,-2598.049963,7703.476944
0.03800,1,-5052.332839,-2779.548337,7831.871843,-5052.332839,-2779.548337,7831.871843
0.03810,1,-4856.931824,-2983.499468,7840.553439,-4856.931824,-2983.499468,7840.553439
0.03820,1,-4613.407829,-3227.660894,7840.957137,-4613.407829,-3227.660894,7840.957137
0.03830,1,-4380.283033,-3485.132374,7865.534893,-4380.283033,-3485.132374,7865.534893
0.03840,1,-4227.167363,-3692.328193,7919.479903,-4227.167363,-3692.328193,7919.479903
0.03850,1,-4036.488953,-3874.333635,7910.803101,-4036.488953,-3874.333635,7910.803101
0.03860,1,-3763.461672,-4107.803472,7871.364386,-3763.461672,-4107.803472,7871.364386
0.03870,1,-3544.197464,-4346.535798,7890.678401,-3544.197464,-4346.535798,7890.678401
0.03880,1,-3324.456717,-4554.398927,7878.891338,-3324.456717,-4554.398927,7878.891338
0.03890,1,-3212.023241,-4662.063453,7874.167959,-3212.023241,-4662.063453,7874.167959
0.03900,1,-2788.385815,-4971.030075,7759.304505,-2788.385815,-4971.030075,7759.304505
0.03910,1,-2660.679371,-5130.229234,7791.078223,-2660.679371,-5130.229234,7791.078223
0.03920,1,-2465.773254,-5284.156699,7749.834654,-2465.773254,-5284.156699,7749.834654
0.03930,1,-2147.374749,-5493.187992,7640.611659,-2147.374749,-5493.187992,7640.611659
0.03940,1,-1970.973983,-5637.942075,7608.999908,-1970.973983,-5637.942075,7608.999908
0.03950,1,-1621.056711,-5892.739649,7513.680119,-1621.056711,-5892.739649,7513.680119
0.03960,1,-1543.130511,-5954.318687,7497.616644,-1543.130511,-5954.318687,7497.616644
0.03970,1,-1191.869831,-6146.701531,7338.487574,-1191.869831,-6146.701531,7338.487574
0.03980,1,-930.761220,-6331.545923,7262.338464,-930.761220,-6331.545923,7262.338464
0.03990,1,-717.127879,-6471.625312,7188.855342,-717.127879,-6471.625312,7188.855342
0.04000,1,-521.231012,-6562.071946,7083.172051,-521.231012,-6562.071946,7083.172051
0.04010,1,-200.781887,-6728.390118,6929.349103,-200.781887,-6728.390118,6929.349103
0.04020,1,67.484953,-6883.559696,6815.983875,67.484953,-6883.559696,6815.983875
0.04030,1,225.151756,-6962.408149,6737.298100,225.151756,-6962.408149,6737.298100
0.04040,1,545.069262,-7094.660438,6549.672510,545.069262,-7094.660438,6549.672510
0.04050,1,732.109320,-7161.202401,6428.997710,732.109320,-7161.202401,6428.997710
0.04060,1,1087.494271,-7344.186251,6256.821502,1087.494271,-7344.186251,6256.821502
0.04070,1,1227.554543,-7379.372094,6151.775218,1227.554543,-7379.372094,6151.775218
0.04080,1,1448.850096,-7423.102064,5974.260600,1448.850096,-7423.102064,5974.260600
0.04090,1,1846.183041,-7597.142345,5751.042861,1846.183041,-7597.142345,5751.042861
0.04100,1,1936.781276,-7600.620422,5663.780432,1936.781276,-7600.620422,5663.780432
0.04110,1,2246.827751,-7692.150125,5445.378636,2246.827751,-7692.150125,5445.378636
0.04120,1,2435.094308,-7707.122862,5272.084875,2435.094308,-7707.122862,5272.084875
0.04130,1,2736.097584,-7794.465249,5058.268033,2736.097584,-7794.465249,5058.268033
0.04140,1,2946.709782,-7844.518241,4897.994445,2946.709782,-7844.518241,4897.994445
0.04150,1,3116.754434,-7827.495249,4710.596675,3116.754434,-7827.495249,4710.596675
0.04160,1,3402.623948,-7868.551912,4466.047949,3402.623948,-7868.551912,4466.047949
0.04170,1,3625.226122,-7904.742330,4279.528539,3625.226122,-7904.742330,4279.528539
0.04180,1,3859.887709,-7930.393087,4070.436494,3859.887709,-7930.393087,4070.436494
0.04190,1,3950.056706,-7842.043989,3892.148811,3950.056706,-7842.043989,3892.148811
0.04200,1,4349.432540,-7935.998928,3586.443427,4349.432540,-7935.998928,3586.443427
0.04210,1,4421.712412,-7860.912022,3439.304854,4421.712412,-7860.912022,3439.304854
0.04220,1,4685.080181,-7877.023088,3191.955699,4685.080181,-7877.023088,3191.955699
0.04230,1,4843.024707,-7807.044439,2963.972537,4843.024707,-7807.044439,2963.972537
0.04240,1,5043.639133,-7768.178127,2724.653901,5043.639133,-7768.178127,2724.653901
0.04250,1,5317.096617,-7791.726819,2474.573771,5317.096617,-7791.726819,2474.573771
0.04260,1,5357.728108,-7656.453442,2298.755916,5357.728108,-7656.453442,2298.755916
0.04270,1,5613.393479,-7615.417489,2002.105005,5613.393479,-7615.417489,2002.105005
0.04280,1,5810.746047,-7574.320820,1763.478343,5810.746047,-7574.320820,1763.478343
0.04290,1,5937.234801,-7485.876632,1548.780496,5937.234801,-7485.876632,1548.780496
0.04300,1,6090.808302,-7392.038084,1301.173626,6090.808302,-7392.038084,1301.173626
0.04310,1,6250.739438,-7291.635276,1040.910959,6250.739438,-7291.635276,1040.910959
0.04320,1,6441.676164,-7222.897703,781.319872,6441.676164,-7222.897703,781.319872
0.04330,1,6536.849385,-7109.836279,572.884261,6536.849385,-7109.836279,572.884261
0.04340,1,6685.150681,-6987.944502,302.919659,6685.150681,-6987.944502,302.919659
0.04350,1,6783.352123,-6841.968105,58.591654,6783.352123,-6841.968105,58.591654
0.04360,1,7001.242288,-6785.511019,-215.759812,7001.242288,-6785.511019,-215.759812
0.04370,1,7026.715775,-6609.337517,-417.234757,7026.715775,-6609.337517,-417.234757
0.04380,1,7115.565531,-6441.127259,-674.579129,7115.565531,-6441.127259,-674.579129
0.04390,1,7337.749246,-6363.930833,-973.664424,7337.749246,-6363.930833,-973.664424
0.04400,1,7299.781063,-6149.171737,-1150.654249,7299.781063,-6149.171737,-1150.654249
0.04410,1,7497.739975,-6056.930704,-1440.819184,7497.739975,-6056.930704,-1440.819184
0.04420,1,7460.520135,-5813.863166,-1646.535018,7460.520135,-5813.863166,-1646.535018
0.04430,1,7632.967032,-5696.265203,-1936.817329,7632.967032,-5696.265203,-1936.817329
0.04440,1,7683.444128,-5535.317087,-2147.997694,7683.444128,-5535.317087,-2147.997694
0.04450,1,7673.778181,-5307.882570,-2365.925675,7673.778181,-5307.882570,-2365.925675
0.04460,1,7780.095946,-5140.467682,-2639.632716,7780.095946,-5140.467682,-2639.632716
0.04470,1,7817.510132,-4957.261586,-2860.160065,7817.510132,-4957.261586,-2860.160065
0.04480,1,7866.859335,-4777.125491,-3089.787052,7866.859335,-4777.125491,-3089.787052
0.04490,1,7814.304335,-4527.163227,-3287.095044,7814.304335,-4527.163227,-3287.095044
0.04500,1,7935.370818,-4368.430200,-3566.881240,7935.370818,-4368.430200,-3566.881240
0.04510,1,7875.722542,-4128.163279,-3747.642229,7875.722542,-4128.163279,-3747.642229
0.04520,1,7929.451931,-3953.611310,-3975.698103,7929.451931,-3953.611310,-3975.698103
0.04530,1,7877.338408,-3697.392243,-4180.023256,7877.338408,-3697.392243,-4180.023256
0.04540,1,7856.249121,-3463.582745,-4392.623356,7856.249121,-3463.582745,-4392.623356
0.04550,1,7951.808252,-3320.754503,-4630.974234,7951.808252,-3320.754503,-4630.974234
0.04560,1,7753.196702,-2996.973735,-4756.331099,7753.196702,-2996.973735,-4756.331099
0.04570,1,7838.827685,-2822.041395,-5016.623421,7838.827685,-2822.041395,-5016.623421
0.04580,1,7750.535463,-2566.895387,-5183.728070,7750.535463,-2566.895387,-5183.728070
0.04590,1,7715.005528,-2344.830114,-5370.129819,7715.005528,-2344.830114,-5370.129819
0.04600,1,7653.640883,-2110.218230,-5543.342428,7653.640883,-2110.218230,-5543.342428
0.04610,1,7546.740565,-1831.888551,-5714.958702,7546.740565,-1831.888551,-5714.958702
0.04620,1,7547.083568,-1634.350207,-5912.576335,7547.083568,-1634.350207,-5912.576335
0.04630,1,7417.031227,-1377.008392,-6040.103534,7417.031227,-1377.008392,-6040.103534
0.04640,1,7340.875511,-1129.509372,-6211.321995,7340.875511,-1129.509372,-6211.321995
0.04650,1,7206.758400,-853.736071,-6352.954708,7206.758400,-853.736071,-6352.954708
0.04660,1,7199.363795,-669.795062,-6529.644132,7199.363795,-669.795062,-6529.644132
0.04670,1,6997.166010,-372.662767,-6624.393984,6997.166010,-372.662767,-6624.393984
0.04680,1,6900.317176,-131.521476,-6768.821637,6900.317176,-131.521476,-6768.821637
0.04690,1,6821.015528,97.909636,-6918.928721,6821.015528,97.909636,-6918.928721
0.04700,1,6618.475924,381.114472,-6999.496158,6618.475924,381.114472,-6999.496158
0.04710,1,6584.903076,561.878734,-7146.853442,6584.903076,561.878734,-7146.853442
0.04720,1,6300.659705,901.933610,-7202.519836,6300.659705,901.933610,-7202.519836
0.04730,1,6271.015576,1081.611752,-7352.591822,6271.015576,1081.611752,-7352.591822
0.04740,1,6086.020375,1331.334422,-7417.433611,6086.020375,1331.334422,-7417.433611
0.04750,1,5874.615719,1607.475772,-7481.921308,5874.615719,1607.475772,-7481.921308
0.04760,1,5760.630951,1826.096137,-7586.865407,5760.630951,1826.096137,-7586.865407
0.04770,1,5557.998729,2079.938457,-7637.810226,5557.998729,2079.938457,-7637.810226
0.04780,1,5417.142860,2294.223911,-7711.373622,5417.142860,2294.223911,-7711.373622
0.04790,1,5171.918822,2560.753369,-7732.714415,5171.918822,2560.753369,-7732.714415
0.04800,1,5034.874274,2778.604675,-7813.344113,5034.874274,2778.604675,-7813.344113
0.04810,1,4806.002563,3021.909203,-7828.015744,4806.002563,3021.909203,-7828.015744
0.04820,1,4657.329148,3214.374996,-7871.605443,4657.329148,3214.374996,-7871.605443
0.04830,1,4385.534609,3484.923009,-7870.450884,4385.534609,3484.923009,-7870.450884
0.04840,1,4200.198292,3698.963636,-7899.194768,4200.198292,3698.963636,-7899.194768
0.04850,1,4055.984590,3868.547734,-7924.433813,4055.984590,3868.547734,-7924.433813
0.04860,1,3721.936459,4150.747287,-7872.727371,3721.936459,4150.747287,-7872.727371
0.04870,1,3599.795700,4307.134086,-7906.905724,3599.795700,4307.134086,-7906.905724
0.04880,1,3318.032540,4550.445879,-7868.396656,3318.032540,4550.445879,-7868.396656
0.04890,1,3121.262848,4729.498962,-7850.856444,3121.262848,4729.498962,-7850.856444
0.04900,1,2908.286123,4909.865881,-7818.013833,2908.286123,4909.865881,-7818.013833
0.04910,1,2591.781495,5162.034441,-7753.875708,2591.781495,5162.034441,-7753.875708
0.04920,1,2469.191821,5281.429036,-7750.598169,2469.191821,5281.429036,-7750.598169
0.04930,1,2157.299363,5497.063801,-7654.272893,2157.299363,5497.063801,-7654.272893
0.04940,1,1945.700811,5661.490816,-7607.291750,1945.700811,5661.490816,-7607.291750
0.04950,1,1672.277106,5853.698143,-7525.840388,1672.277106,5853.698143,-7525.840388
0.04960,1,1485.169170,5983.823526,-7469.040947,1485.169170,5983.823526,-7469.040947
0.04970,1,1196.765421,6164.191699,-7360.948218,1196.765421,6164.191699,-7360.948218
0.04980,1,952.932859,6314.174502,-7267.009085,952.932859,6314.174502,-7267.009085
0.04990,1,732.999942,6454.805277,-7187.901468,732.999942,6454.805277,-7187.901468
0.05000,1,434.284896,6617.530783,-7051.697735,434.284896,6617.530783,-7051.697735
0.05010,1,288.948648,6686.895985,-6975.867418,288.948648,6686.895985,-6975.867418
0.05020,1,-112.894213,6908.528744,-6795.651297,-112.894213,6908.528744,-6795.651297
0.05030,1,-223.066621,6952.611856,-6729.429736,-223.066621,6952.611856,-6729.429736
0.05040,1,-526.763955,7088.989555,-6562.325494,-526.763955,7088.989555,-6562.325494
0.05050,1,-795.681547,7210.854703,-6415.064418,-795.681547,7210.854703,-6415.064418
0.05060,1,-989.522635,7278.994820,-6289.479354,-989.522635,7278.994820,-6289.479354
0.05070,1,-1302.630379,7415.196408,-6112.595455,-1302.630379,7415.196408,-6112.595455
0.05080,1,-1459.950154,7442.862498,-5982.795274,-1459.950154,7442.862498,-5982.795274
0.05090,1,-1786.503799,7565.226626,-5778.810086,-1786.503799,7565.226626,-5778.810086
0.05100,1,-1982.617628,7618.738925,-5636.035908,-1982.617628,7618.738925,-5636.035908
0.05110,1,-2239.085219,7687.612419,-5448.509163,-2239.085219,7687.612419,-5448.509163
0.05120,1,-2443.941929,7717.281159,-5273.385109,-2443.941929,7717.281159,-5273.385109
0.05130,1,-2726.335040,7796.734469,-5070.282641,-2726.335040,7796.734469,-5070.282641
0.05140,1,-2946.867335,7831.139178,-4884.340105,-2946.867335,7831.139178,-4884.340105
0.05150,1,-3118.901104,7828.684501,-4709.730748,-3118.901104,7828.684501,-4709.730748
0.05160,1,-3444.710078,7906.915458,-4462.151019,-3444.710078,7906.915458,-4462.151019
0.05170,1,-3559.753820,7860.450086,-4300.770550,-3559.753820,7860.450086,-4300.770550
0.05180,1,-3885.413603,7938.342973,-4052.800680,-3885.413603,7938.342973,-4052.800680
0.05190,1,-4010.178633,7880.348661,-3870.231082,-4010.178633,7880.348661,-3870.231082
0.05200,1,-4250.561723,7885.857093,-3635.265164,-4250.561723,7885.857093,-3635.265164
0.05210,1,-4513.685374,7910.128604,-3396.359425,-4513.685374,7910.128604,-3396.359425
0.05220,1,-4616.034438,7829.721936,-3213.789512,-4616.034438,7829.721936,-3213.789512
0.05230,1,-4897.700962,7841.793703,-2943.943449,-4897.700962,7841.793703,-2943.943449
0.05240,1,-5035.992450,7773.916884,-2737.998932,-5035.992450,7773.916884,-2737.998932
0.05250,1,-5274.594505,7756.512876,-2481.877118,-5274.594505,7756.512876,-2481.877118
0.05260,1,-5408.618835,7679.731929,-2271.044626,-5408.618835,7679.731929,-2271.044626
0.05270,1,-5615.273012,7628.317695,-2013.122295,-5615.273012,7628.317695,-2013.122295
0.05280,1,-5775.623662,7551.177860,-1775.438211,-5775.623662,7551.177860,-1775.438211
0.05290,1,-5955.734091,7491.807707,-1536.111906,-5955.734091,7491.807707,-1536.111906
0.05300,1,-6112.773371,7400.988811,-1288.203204,-6112.773371,7400.988811,-1288.203204
0.05310,1,-6221.769423,7280.687905,-1058.838731,-6221.769423,7280.687905,-1058.838731
0.05320,1,-6467.920739,7241.758865,-773.902464,-6467.920739,7241.758865,-773.902464
0.05330,1,-6512.610655,7082.382593,-569.694005,-6512.610655,7082.382593,-569.694005
0.05340,1,-6694.573077,6995.346984,-300.756183,-6694.573077,6995.346984,-300.756183
0.05350,1,-6832.646826,6879.034369,-46.437728,-6832.646826,6879.034369,-46.437728
0.05360,1,-6903.735031,6723.110145,180.761243,-6903.735031,6723.110145,180.761243
0.05370,1,-7112.472768,6651.316600,461.049727,-7112.472768,6651.316600,461.049727
0.05380,1,-7096.194017,6434.412957,661.883976,-7096.194017,6434.412957,661.883976
0.05390,1,-7308.869845,6349.607200,959.269111,-7308.869845,6349.607200,959.269111
0.05400,1,-7344.196856,6171.818013,1172.333056,-7344.196856,6171.818013,1172.333056
0.05410,1,-7450.404080,6021.641076,1428.895246,-7450.404080,6021.641076,1428.895246
0.05420,1,-7512.159929,5846.474233,1665.586041,-7512.159929,5846.474233,1665.586041
0.05430,1,-7605.602934,5688.687654,1917.010801,-7605.602934,5688.687654,1917.010801
0.05440,1,-7673.134751,5516.007626,2157.135551,-7673.134751,5516.007626,2157.135551
0.05450,1,-7691.223227,5316.649550,2374.538324,-7691.223227,5316.649550,2374.538324
0.05460,1,-7802.808290,5160.462735,2642.450728,-7802.808290,5160.462735,2642.450728
0.05470,1,-7764.427038,4923.042681,2841.327260,-7764.427038,4923.042681,2841.327260
0.05480,1,-7901.838769,4793.606982,3108.276153,-7901.838769,4793.606982,3108.276153
0.05490,1,-7824.890293,4528.594065,3296.353882,-7824.890293,4528.594065,3296.353882
0.05500,1,-7895.005708,4351.351076,3543.582266,-7895.005708,4351.351076,3543.582266
0.05510,1,-7932.037683,4160.403346,3771.758172,-7932.037683,4160.403346,3771.758172
0.05520,1,-7860.665141,3903.598245,3957.009119,-7860.665141,3903.598245,3957.009119
0.05530,1,-7933.560617,3731.476682,4202.117597,-7933.560617,3731.476682,4202.117597
0.05540,1,-7858.032660,3471.702960,4386.399397,-7858.032660,3471.702960,4386.399397
0.05550,1,-7881.521190,3271.768520,4609.676263,-7881.521190,3271.768520,4609.676263
0.05560,1,-7844.785343,3046.670126,4798.230200,-7844.785343,3046.670126,4798.230200
0.05570,1,-7773.330913,2786.998735,4986.294692,-7773.330913,2786.998735,4986.294692
0.05580,1,-7787.038751,2588.134618,5198.913079,-7787.038751,2588.134618,5198.913079
0.05590,1,-7684.785358,2326.318080,5358.556506,-7684.785358,2326.318080,5358.556506
0.05600,1,-7679.531764,2116.972892,5562.476354,-7679.531764,2116.972892,5562.476354
0.05610,1,-7525.912255,1825.209955,5700.806317,-7525.912255,1825.209955,5700.806317
0.05620,1,-7576.308369,1654.922258,5921.374549,-7576.308369,1654.922258,5921.374549
0.05630,1,-7366.861504,1337.066741,6029.769376,-7366.861504,1337.066741,6029.769376
0.05640,1,-7379.473539,1154.114287,6225.483397,-7379.473539,1154.114287,6225.483397
0.05650,1,-7221.017187,865.798965,6355.105711,-7221.017187,865.798965,6355.105711
0.05660,1,-7128.911687,625.371031,6503.668888,-7128.911687,625.371031,6503.668888
0.05670,1,-7076.337748,417.620074,6658.683782,-7076.337748,417.620074,6658.683782
0.05680,1,-6846.246866,96.616166,6749.632130,-6846.246866,96.616166,6749.632130
0.05690,1,-6841.320651,-80.375566,6921.783739,-6841.320651,-80.375566,6921.783739
0.05700,1,-6628.561441,-376.312436,7004.808761,-6628.561441,-376.312436,7004.808761
0.05710,1,-6537.138627,-596.747160,7133.960728,-6537.138627,-596.747160,7133.960728
0.05720,1,-6364.320184,-860.952075,7225.287810,-6364.320184,-860.952075,7225.287810
0.05730,1,-6231.737878,-1100.022020,7331.727184,-6231.737878,-1100.022020,7331.727184
0.05740,1,-6075.960898,-1344.362027,7420.420189,-6075.960898,-1344.362027,7420.420189
0.05750,1,-5903.572721,-1589.355788,7492.881469,-5903.572721,-1589.355788,7492.881469
0.05760,1,-5747.548340,-1831.882634,7579.463493,-5747.548340,-1831.882634,7579.463493
0.05770,1,-5549.267769,-2085.266727,7634.607811,-5549.267769,-2085.266727,7634.607811
0.05780,1,-5423.330103,-2289.159264,7712.394656,-5423.330103,-2289.159264,7712.394656
0.05790,1,-5175.752675,-2565.910968,7741.817890,-5175.752675,-2565.910968,7741.817890
0.05800,1,-5015.624912,-2781.161187,7796.691521,-5015.624912,-2781.161187,7796.691521
0.05810,1,-4851.810765,-2996.150956,7848.033391,-4851.810765,-2996.150956,7848.033391
0.05820,1,-4573.335912,-3268.625492,7841.999113,-4573.335912,-3268.625492,7841.999113
0.05830,1,-4475.669472,-3429.596798,7905.208932,-4475.669472,-3429.596798,7905.208932
0.05840,1,-4151.520169,-3723.889634,7875.522430,-4151.520169,-3723.889634,7875.522430
0.05850,1,-4041.694451,-3880.236112,7921.879611,-4041.694451,-3880.236112,7921.879611
0.05860,1,-3769.592015,-4121.801018,7891.425577,-3769.592015,-4121.801018,7891.425577
0.05870,1,-3548.714629,-4338.911698,7887.690426,-3548.714629,-4338.911698,7887.690426
0.05880,1,-3357.772178,-4522.549216,7880.256788,-3357.772178,-4522.549216,7880.256788
0.05890,1,-3097.343161,-4743.788607,7841.230981,-3097.343161,-4743.788607,7841.230981
0.05900,1,-2901.738811,-4919.357567,7821.075139,-2901.738811,-4919.357567,7821.075139
0.05910,1,-2619.737764,-5139.793422,7759.526657,-2619.737764,-5139.793422,7759.526657
0.05920,1,-2449.842084,-5290.811264,7740.751658,-2449.842084,-5290.811264,7740.751658
0.05930,1,-2144.253485,-5509.938303,7654.103413,-2144.253485,-5509.938303,7654.103413
0.05940,1,-1967.770252,-5645.409492,7613.290188,-1967.770252,-5645.409492,7613.290188
0.05950,1,-1675.108446,-5851.571922,7526.656396,-1675.108446,-5851.571922,7526.656396
0.05960,1,-1446.794544,-6005.253142,7452.045695,-1446.794544,-6005.253142,7452.045695
0.05970,1,-1248.982526,-6132.783921,7381.853390,-1248.982526,-6132.783921,7381.853390
0.05980,1,-901.675992,-6349.325197,7250.938987,-901.675992,-6349.325197,7250.938987
0.05990,1,-769.159812,-6425.184567,7194.413303,-769.159812,-6425.184567,7194.413303
0.06000,1,-432.836884,-6620.850303,7053.715076,-432.836884,-6620.850303,7053.715076
0.06010,1,-235.078297,-6720.764175,6955.786636,-235.078297,-6720.764175,6955.786636
0.06020,1,23.605885,-6854.096849,6830.625455,23.605885,-6854.096849,6830.625455
0.06030,1,302.416714,-6990.606902,6688.091708,302.416714,-6990.606902,6688.091708
0.06040,1,488.578180,-7065.213983,6576.729635,488.578180,-7065.213983,6576.729635
0.06050,1,801.877993,-7208.664066,6406.796331,801.877993,-7208.664066,6406.796331
0.06060,1,993.002552,-7282.119531,6289.077140,993.002552,-7282.119531,6289.077140
0.06070,1,1294.302075,-7400.833186,6106.647373,1294.302075,-7400.833186,6106.647373
0.06080,1,1467.023623,-7443.079192,5975.977078,1467.023623,-7443.079192,5975.977078
0.06090,1,1785.727337,-7566.812883,5781.162949,1785.727337,-7566.812883,5781.162949
0.06100,1,1974.423652,-7606.372066,5631.963115,1974.423652,-7606.372066,5631.963115
0.06110,1,2224.050770,-7674.249052,5450.174110,2224.050770,-7674.249052,5450.174110
0.06120,1,2494.396615,-7745.523798,5251.203398,2494.396615,-7745.523798,5251.203398
0.06130,1,2651.426200,-7749.433748,5097.991644,2651.426200,-7749.433748,5097.991644
0.06140,1,2995.471044,-7857.789529,4862.318624,2995.471044,-7857.789529,4862.318624
0.06150,1,3109.015287,-7816.365872,4707.445708,3109.015287,-7816.365872,4707.445708
0.06160,1,3410.419898,-7885.057321,4474.541077,3410.419898,-7885.057321,4474.541077
0.06170,1,3614.772965,-7894.637786,4279.997241,3614.772965,-7894.637786,4279.997241
0.06180,1,3809.323793,-7886.052716,4076.674801,3809.323793,-7886.052716,4076.674801
0.06190,1,4068.416195,-7912.280418,3843.887900,4068.416195,-7912.280418,3843.887900
0.06200,1,4224.871219,-7871.512216,3646.721074,4224.871219,-7871.512216,3646.721074
0.06210,1,4491.774095,-7895.277689,3403.419409,4491.774095,-7895.277689,3403.419409
0.06220,1,4638.619397,-7838.537217,3200.038812,4638.619397,-7838.537217,3200.038812
0.06230,1,4883.936847,-7833.970776,2949.988098,4883.936847,-7833.970776,2949.988098
0.06240,1,5029.848605,-7767.218636,2737.394311,5029.848605,-7767.218636,2737.394311
0.06250,1,5264.473403,-7754.845323,2490.436255,5264.473403,-7754.845323,2490.436255
0.06260,1,5424.756674,-7681.150284,2256.343702,5424.756674,-7681.150284,2256.343702
0.06270,1,5574.423093,-7605.902499,2031.549241,5574.423093,-7605.902499,2031.549241
0.06280,1,5825.437365,-7583.676119,1758.254086,5825.437365,-7583.676119,1758.254086
0.06290,1,5886.285389,-7446.866809,1560.544539,5886.285389,-7446.866809,1560.544539
0.06300,1,6151.934595,-7423.935998,1272.117177,6151.934595,-7423.935998,1272.117177
0.06310,1,6222.496512,-7281.938516,1059.356434,6222.496512,-7281.938516,1059.356434
0.06320,1,6412.729199,-7210.916939,798.276948,6412.729199,-7210.916939,798.276948
0.06330,1,6567.665554,-7115.097684,547.439702,6567.665554,-7115.097684,547.439702
0.06340,1,6647.717645,-6966.234567,318.483565,6647.717645,-6966.234567,318.483565
0.06350,1,6843.312740,-6887.158849,43.955984,6843.312740,-6887.158849,43.955984
0.06360,1,6908.779494,-6731.499255,-177.354740,6908.779494,-6731.499255,-177.354740
0.06370,1,7073.772842,-6625.111068,-448.586549,7073.772842,-6625.111068,-448.586549
0.06380,1,7131.570657,-6456.895420,-674.657074,7131.570657,-6456.895420,-674.657074
0.06390,1,7280.971833,-6339.129551,-941.875350,7280.971833,-6339.129551,-941.875350
0.06400,1,7339.299344,-6168.209874,-1170.996021,7339.299344,-6168.209874,-1170.996021
0.06410,1,7444.812221,-6021.742489,-1423.111201,7444.812221,-6021.742489,-1423.111201
0.06420,1,7530.615178,-5858.326810,-1672.257947,7530.615178,-5858.326810,-1672.257947
0.06430,1,7559.133730,-5665.223309,-1893.844164,7559.133730,-5665.223309,-1893.844164
0.06440,1,7706.499738,-5541.776605,-2164.798657,7706.499738,-5541.776605,-2164.798657
0.06450,1,7668.196037,-5300.302733,-2367.769114,7668.196037,-5300.302733,-2367.769114
0.06460,1,7787.444666,-5157.780240,-2629.723754,7787.444666,-5157.780240,-2629.723754
0.06470,1,7808.071350,-4954.522699,-2853.509605,7808.071350,-4954.522699,-2853.509605
0.06480,1,7816.608613,-4744.409393,-3072.138694,7816.608613,-4744.409393,-3072.138694
0.06490,1,7904.833622,-4579.681340,-3325.219205,7904.833622,-4579.681340,-3325.219205
0.06500,1,7839.805682,-4323.971532,-3515.723727,7839.805682,-4323.971532,-3515.723727
0.06510,1,7935.606302,-4166.905691,-3768.743507,7935.606302,-4166.905691,-3768.743507
0.06520,1,7874.593956,-3917.253902,-3957.313729,7874.593956,-3917.253902,-3957.313729
0.06530,1,7908.718101,-3718.560420,-4190.095703,7908.718101,-3718.560420,-4190.095703
0.06540,1,7871.122708,-3485.594722,-4385.579752,7871.122708,-3485.594722,-4385.579752
0.06550,1,7869.443378,-3273.341425,-4596.023872,7869.443378,-3273.341425,-4596.023872
0.06560,1,7841.623280,-3044.293386,-4797.328123,7841.623280,-3044.293386,-4797.328123
0.06570,1,7770.900307,-2793.177109,-4977.745166,7770.900307,-2793.177109,-4977.745166
0.06580,1,7800.744281,-2603.231866,-5197.407904,7800.744281,-2603.231866,-5197.407904
0.06590,1,7648.102856,-2308.191188,-5339.993576,7648.102856,-2308.191188,-5339.993576
0.06600,1,7705.368270,-2139.552379,-5565.721683,7705.368270,-2139.552379,-5565.721683
0.06610,1,7531.169752,-1831.504397,-5699.669274,7531.169752,-1831.504397,-5699.669274
0.06620,1,7527.182457,-1634.182888,-5893.019473,7527.182457,-1634.182888,-5893.019473
0.06630,1,7437.603928,-1386.310354,-6051.194357,7437.603928,-1386.310354,-6051.194357
0.06640,1,7301.830919,-1109.626841,-6192.273667,7301.830919,-1109.626841,-6192.273667
0.06650,1,7283.044483,-911.709723,-6371.259006,7283.044483,-911.709723,-6371.259006
0.06660,1,7098.924593,-615.164580,-6483.744465,7098.924593,-615.164580,-6483.744465
0.06670,1,7063.748465,-413.885425,-6649.896450,7063.748465,-413.885425,-6649.896450
0.06680,1,6885.022766,-126.666698,-6758.254982,6885.022766,-126.666698,-6758.254982
0.06690,1,6806.628161,94.029295,-6900.715515,6806.628161,94.029295,-6900.715515
0.06700,1,6646.354795,359.712853,-7006.013831,6646.354795,359.712853,-7006.013831
0.06710,1,6530.090991,592.799527,-7122.849141,6530.090991,592.799527,-7122.849141
0.06720,1,6380.002960,849.124636,-7229.183526,6380.002960,849.124636,-7229.183526
0.06730,1,6208.635052,1104.495781,-7313.015278,6208.635052,1104.495781,-7313.015278
0.06740,1,6110.919217,1315.388647,-7426.372206,6110.919217,1315.388647,-7426.372206
0.06750,1,5870.289186,1607.770045,-7478.002717,5870.289186,1607.770045,-7478.002717
0.06760,1,5774.661656,1806.172604,-7580.799419,5774.661656,1806.172604,-7580.799419
0.06770,1,5559.901381,2072.991823,-7632.931740,5559.901381,2072.991823,-7632.931740
0.06780,1,5380.126027,2309.591647,-7689.633866,5380.126027,2309.591647,-7689.633866
0.06790,1,5243.965434,2518.372232,-7762.357700,5243.965434,2518.372232,-7762.357700
0.06800,1,4969.922698,2804.771058,-7774.687462,4969.922698,2804.771058,-7774.687462
0.06810,1,4871.638895,2975.931880,-7847.488966,4871.638895,2975.931880,-7847.488966
0.06820,1,4595.615430,3249.656635,-7845.346009,4595.615430,3249.656635,-7845.346009
0.06830,1,4438.550881,3449.498247,-7887.946036,4438.550881,3449.498247,-7887.946036
0.06840,1,4209.453756,3681.688985,-7891.166427,4209.453756,3681.688985,-7891.166427
0.06850,1,4001.553428,3897.556386,-7899.110799,4001.553428,3897.556386,-7899.110799
0.06860,1,3799.813391,4102.285750,-7902.005523,3799.813391,4102.285750,-7902.005523
0.06870,1,3544.722881,4334.218729,-7879.026889,3544.722881,4334.218729,-7879.026889
0.06880,1,3379.104936,4506.159165,-7885.151498,3379.104936,4506.159165,-7885.151498
0.06890,1,3072.748243,4753.608397,-7826.390813,3072.748243,4753.608397,-7826.390813
0.06900,1,2944.052162,4888.728737,-7832.765024,2944.052162,4888.728737,-7832.765024
0.06910,1,2604.863100,5148.631018,-7753.428901,2604.863100,5148.631018,-7753.428901
0.06920,1,2453.611430,5280.705920,-7734.360678,2453.611430,5280.705920,-7734.360678
0.06930,1,2181.665299,5484.494608,-7666.100018,2181.665299,5484.494608,-7666.100018
0.06940,1,1923.130486,5671.771832,-7594.880256,1923.130486,5671.771832,-7594.880256
0.06950,1,1739.517340,5807.359404,-7546.911224,1739.517340,5807.359404,-7546.911224
0.06960,1,1420.787887,6018.330741,-7439.017236,1420.787887,6018.330741,-7439.017236
0.06970,1,1249.306105,6130.641853,-7380.009021,1249.306105,6130.641853,-7380.009021
0.06980,1,951.824276,6316.246190,-7268.010175,951.824276,6316.246190,-7268.010175
0.06990,1,725.792452,6450.888875,-7176.648056,725.792452,6450.888875,-7176.648056
0.07000,1,482.804353,6586.699789,-7069.553672,482.804353,6586.699789,-7069.553672
0.07010,1,219.033764,6729.135803,-6948.055894,219.033764,6729.135803,-6948.055894
0.07020,1,-6.398313,6845.190337,-6838.859720,-6.398313,6845.190337,-6838.859720
0.07030,1,-290.979680,6984.963836,-6693.921237,-290.979680,6984.963836,-6693.921237
0.07040,1,-483.273078,7065.622006,-6582.319239,-483.273078,7065.622006,-6582.319239
0.07050,1,-798.511734,7212.430530,-6413.958209,-798.511734,7212.430530,-6413.958209
0.07060,1,-979.460956,7271.830760,-6292.276064,-979.460956,7271.830760,-6292.276064
0.07070,1,-1271.567519,7394.296245,-6122.767600,-1271.567519,7394.296245,-6122.767600
0.07080,1,-1506.516976,7469.202432,-5962.655117,-1506.516976,7469.202432,-5962.655117
0.07090,1,-1707.138360,7523.866185,-5816.669267,-1707.138360,7523.866185,-5816.669267
0.07100,1,-2039.978536,7649.185719,-5609.264937,-2039.978536,7649.185719,-5609.264937
0.07110,1,-2161.809542,7639.744523,-5477.836852,-2161.809542,7639.744523,-5477.836852
0.07120,1,-2510.064009,7761.443897,-5251.410551,-2510.064009,7761.443897,-5251.410551
0.07130,1,-2660.576784,7758.919275,-5098.327495,-2660.576784,7758.919275,-5098.327495
0.07140,1,-2942.702137,7828.236528,-4885.460595,-2942.702137,7828.236528,-4885.460595
0.07150,1,-3154.574842,7850.232943,-4695.725097,-3154.574842,7850.232943,-4695.725097
0.07160,1,-3369.140742,7866.088276,-4496.848246,-3369.140742,7866.088276,-4496.848246
0.07170,1,-3622.955069,7901.992781,-4279.064006,-3622.955069,7901.992781,-4279.064006
0.07180,1,-3797.865108,7885.413674,-4087.537516,-3797.865108,7885.413674,-4087.537516
0.07190,1,-4071.268428,7918.591418,-3847.252322,-4071.268428,7918.591418,-3847.252322
0.07200,1,-4206.387409,7866.377630,-3660.042765,-4206.387409,7866.377630,-3660.042765
0.07210,1,-4500.455497,7905.654607,-3405.125357,-4500.455497,7905.654607,-3405.125357
0.07220,1,-4626.655098,7834.672261,-3208.011829,-4626.655098,7834.672261,-3208.011829
0.07230,1,-4867.878563,7831.789519,-2963.929623,-4867.878563,7831.789519,-2963.929623
0.07240,1,-5062.897275,7793.567493,-2730.579817,-5062.897275,7793.567493,-2730.579817
0.07250,1,-5205.978182,7721.062179,-2515.141120,-5205.978182,7721.062179,-2515.141120
0.07260,1,-5466.017949,7715.532445,-2249.451909,-5466.017949,7715.532445,-2249.451909
0.07270,1,-5557.484226,7598.835253,-2041.322588,-5557.484226,7598.835253,-2041.322588
0.07280,1,-5798.101954,7574.838006,-1776.783589,-5798.101954,7574.838006,-1776.783589
0.07290,1,-5932.682669,7478.286335,-1545.484339,-5932.682669,7478.286335,-1545.484339
0.07300,1,-6089.525949,7392.995171,-1303.552560,-6089.525949,7392.995171,-1303.552560
0.07310,1,-6271.561268,7317.238562,-1045.590069,-6271.561268,7317.238562,-1045.590069
0.07320,1,-6379.472624,7197.565645,-818.091749,-6379.472624,7197.565645,-818.091749
0.07330,1,-6572.249188,7120.336766,-548.100780,-6572.249188,7120.336766,-548.100780
0.07340,1,-6649.223985,6975.621964,-326.322506,-6649.223985,6975.621964,-326.322506
0.07350,1,-6842.384513,6892.241496,-49.888893,-6842.384513,6892.241496,-49.888893
0.07360,1,-6899.446056,6729.192843,170.287857,-6899.446056,6729.192843,170.287857
0.07370,1,-7074.022576,6633.137793,440.930584,-7074.022576,6633.137793,440.930584
0.07380,1,-7146.454375,6469.478002,676.935676,-7146.454375,6469.478002,676.935676
0.07390,1,-7242.927225,6323.656286,919.351131,-7242.927225,6323.656286,919.351131
0.07400,1,-7389.999467,6203.169492,1186.816763,-7389.999467,6203.169492,1186.816763
0.07410,1,-7390.574001,5993.126384,1397.444513,-7390.574001,5993.126384,1397.444513
0.07420,1,-7566.350927,5887.614627,1678.831441,-7566.350927,5887.614627,1678.831441
0.07430,1,-7556.983880,5668.571517,1888.318319,-7556.983880,5668.571517,1888.318319
0.07440,1,-7673.028315,5524.856353,2148.304471,-7673.028315,5524.856353,2148.304471
0.07450,1,-7717.791140,5337.715808,2380.011971,-7717.791140,5337.715808,2380.011971
0.07460,1,-7746.220151,5136.717264,2609.549948,-7746.220151,5136.717264,2609.549948
0.07470,1,-7828.494569,4972.501833,2856.034284,-7828.494569,4972.501833,2856.034284
0.07480,1,-7818.997473,4750.028558,3068.933814,-7818.997473,4750.028558,3068.933814
0.07490,1,-7888.539578,4574.643198,3313.966172,-7888.539578,4574.643198,3313.966172
0.07500,1,-7863.523110,4343.677156,3519.843567,-7863.523110,4343.677156,3519.843567
0.07510,1,-7917.930799,4161.400431,3756.526205,-7917.930799,4161.400431,3756.526205
0.07520,1,-7888.696904,3927.271826,3961.500297,-7888.696904,3927.271826,3961.500297
0.07530,1,-7893.146034,3717.281776,4175.817764,-7893.146034,3717.281776,4175.817764
0.07540,1,-7906.624887,3509.560632,4397.123285,-7906.624887,3509.560632,4397.123285
0.07550,1,-7820.189395,3247.301933,4572.913064,-7820.189395,3247.301933,4572.913064
0.07560,1,-7896.028982,3082.614421,4813.373019,-7896.028982,3082.614421,4813.373019
0.07570,1,-7738.415793,2775.876722,4962.653233,-7738.415793,2775.876722,4962.653233
0.07580,1,-7806.650507,2612.769483,5193.799059,-7806.650507,2612.769483,5193.799059
0.07590,1,-7679.961150,2329.629538,5350.421824,-7679.961150,2329.629538,5350.421824
0.07600,1,-7652.642219,2110.856599,5541.781322,-7652.642219,2110.856599,5541.781322
0.07610,1,-7595.287532,1875.705626,5719.573708,-7595.287532,1875.705626,5719.573708
0.07620,1,-7484.464388,1610.799761,5873.738309,-7484.464388,1610.799761,5873.738309
0.07630,1,-7457.087565,1400.237146,6056.816445,-7457.087565,1400.237146,6056.816445
0.07640,1,-7310.705343,1119.934894,6190.808817,-7310.705343,1119.934894,6190.808817
0.07650,1,-7271.719400,907.022273,6364.741917,-7271.719400,907.022273,6364.741917
0.07660,1,-7114.443894,627.507292,6486.889137,-7114.443894,627.507292,6486.889137
0.07670,1,-7056.624814,412.722097,6644.001079,-7056.624814,412.722097,6644.001079
0.07680,1,-6900.514955,137.484646,6762.986801,-6900.514955,137.484646,6762.986801
0.07690,1,-6789.197483,-100.097748,6889.331783,-6789.197483,-100.097748,6889.331783
0.07700,1,-6683.517199,-335.611845,7019.180453,-6683.517199,-335.611845,7019.180453
0.07710,1,-6489.631802,-616.872679,7106.452148,-6489.631802,-616.872679,7106.452148
0.07720,1,-6421.391176,-818.456936,7239.945673,-6421.391176,-818.456936,7239.945673
0.07730,1,-6200.537874,-1109.931269,7310.431891,-6200.537874,-1109.931269,7310.431891
0.07740,1,-6089.897768,-1325.429879,7415.356485,-6089.897768,-1325.429879,7415.356485
0.07750,1,-5926.729735,-1571.519213,7498.303701,-5926.729735,-1571.519213,7498.303701
0.07760,1,-5715.476292,-1841.278604,7556.708479,-5715.476292,-1841.278604,7556.708479
0.07770,1,-5617.914758,-2034.636216,7652.631710,-5617.914758,-2034.636216,7652.631710
0.07780,1,-5350.905377,-2327.419097,7678.312453,-5350.905377,-2327.419097,7678.312453
0.07790,1,-5255.056735,-2510.426087,7765.483723,-5255.056735,-2510.426087,7765.483723
0.07800,1,-4984.197296,-2793.482640,7777.758767,-4984.197296,-2793.482640,7777.758767
0.07810,1,-4862.237416,-2981.335898,7843.511315,-4862.237416,-2981.335898,7843.511315
0.07820,1,-4604.659113,-3244.476318,7849.222502,-4604.659113,-3244.476318,7849.222502
0.07830,1,-4442.369457,-3444.174124,7886.530970,-4442.369457,-3444.174124,7886.530970
0.07840,1,-4218.362238,-3677.179000,7895.543264,-4218.362238,-3677.179000,7895.543264
0.07850,1,-3988.733287,-3904.123179,7892.927194,-3988.733287,-3904.123179,7892.927194
0.07860,1,-3828.546544,-4084.109589,7912.613107,-3828.546544,-4084.109589,7912.613107
0.07870,1,-3525.319579,-4347.386825,7872.763902,-3525.319579,-4347.386825,7872.763902
0.07880,1,-3391.103872,-4495.473596,7886.600706,-3391.103872,-4495.473596,7886.600706
0.07890,1,-3095.159984,-4742.645989,7837.772424,-3095.159984,-4742.645989,7837.772424
0.07900,1,-2899.509481,-4915.243903,7814.853295,-2899.509481,-4915.243903,7814.853295
0.07910,1,-2673.731732,-5105.465032,7779.134194,-2673.731732,-5105.465032,7779.134194
0.07920,1,-2398.166528,-5316.019743,7714.254380,-2398.166528,-5316.019743,7714.254380
0.07930,1,-2219.758305,-5461.131882,7680.907728,-2219.758305,-5461.131882,7680.907728
0.07940,1,-1921.595121,-5673.029560,7594.597117,-1921.595121,-5673.029560,7594.597117
0.07950,1,-1726.114479,-5816.377334,7542.581677,-1726.114479,-5816.377334,7542.581677
0.07960,1,-1451.795538,-5999.122427,7450.869850,-1451.795538,-5999.122427,7450.869850
0.07970,1,-1225.787186,-6146.409086,7372.249029,-1225.787186,-6146.409086,7372.249029
0.07980,1,-975.589453,-6303.199405,7278.816552,-975.589453,-6303.199405,7278.816552
0.07990,1,-713.060482,-6457.371989,7170.406116,-713.060482,-6457.371989,7170.406116
0.08000,1,-507.056592,-6574.540250,7081.670535,-507.056592,-6574.540250,7081.670535
0.08010,1,-191.298059,-6747.274004,6938.554440,-191.298059,-6747.274004,6938.554440
0.08020,1,-31.184621,-6821.661532,6852.858915,-31.184621,-6821.661532,6852.858915
0.08030,1,310.266279,-6999.763652,6689.567285,310.266279,-6999.763652,6689.567285
0.08040,1,482.235770,-7064.703977,6582.404426,482.235770,-7064.703977,6582.404426
0.08050,1,766.447944,-7195.027386,6428.681521,766.447944,-7195.027386,6428.681521
0.08060,1,1024.597795,-7301.346151,6276.711526,1024.597795,-7301.346151,6276.711526
0.08070,1,1217.414764,-7360.211181,6142.822711,1217.414764,-7360.211181,6142.822711
0.08080,1,1538.802428,-7493.424231,5954.678642,1538.802428,-7493.424231,5954.678642
0.08090,1,1699.172971,-7518.729950,5819.510116,1699.172971,-7518.729950,5819.510116
0.08100,1,2013.299672,-7634.932484,5621.712834,2013.299672,-7634.932484,5621.712834
0.08110,1,2198.679893,-7663.510606,5464.818650,2198.679893,-7663.510606,5464.818650
0.08120,1,2468.280614,-7738.833771,5270.557105,2468.280614,-7738.833771,5270.557105
0.08130,1,2689.612940,-7776.671639,5087.129870,2689.612940,-7776.671639,5087.129870
0.08140,1,2915.746716,-7815.454128,4899.657735,2915.746716,-7815.454128,4899.657735
0.08150,1,3174.702583,-7862.292187,4687.661164,3174.702583,-7862.292187,4687.661164
0.08160,1,3342.526441,-7853.251845,4510.728989,3342.526441,-7853.251845,4510.728989
0.08170,1,3647.432828,-7919.080671,4271.635314,3647.432828,-7919.080671,4271.635314
0.08180,1,3774.747138,-7870.938468,4096.273729,3774.747138,-7870.938468,4096.273729
0.08190,1,4071.398371,-7923.366625,3851.915903,4071.398371,-7923.366625,3851.915903
0.08200,1,4231.180647,-7882.038799,3650.924604,4231.180647,-7882.038799,3650.924604
0.08210,1,4447.120967,-7875.025434,3427.916449,4447.120967,-7875.025434,3427.916449
0.08220,1,4685.090557,-7873.189054,3188.080549,4685.090557,-7873.189054,3188.080549
0.08230,1,4817.043442,-7801.702099,2984.738083,4817.043442,-7801.702099,2984.738083
0.08240,1,5086.242364,-7810.898722,2724.617660,5086.242364,-7810.898722,2724.617660
0.08250,1,5208.127505,-7724.272757,2516.189089,5208.127505,-7724.272757,2516.189089
0.08260,1,5438.917611,-7699.805627,2260.926641,5438.917611,-7699.805627,2260.926641
0.08270,1,5590.108729,-7622.666219,2032.514848,5590.108729,-7622.666219,2032.514848
0.08280,1,5769.290055,-7558.416796,1789.224435,5769.290055,-7558.416796,1789.224435
0.08290,1,5947.786424,-7489.238503,1541.402646,5947.786424,-7489.238503,1541.402646
0.08300,1,6078.504100,-7388.815508,1310.361047,6078.504100,-7388.815508,1310.361047
0.08310,1,6282.422707,-7326.455455,1044.065458,6282.422707,-7326.455455,1044.065458
0.08320,1,6363.497697,-7188.233239,824.704040,6363.497697,-7188.233239,824.704040
0.08330,1,6584.096559,-7132.239205,548.221173,6584.096559,-7132.239205,548.221173
0.08340,1,6648.001315,-6973.491368,325.466896,6648.001315,-6973.491368,325.466896
0.08350,1,6822.152188,-6885.398813,63.267291,6822.152188,-6885.398813,63.267291
0.08360,1,6941.058064,-6754.585133,-186.414734,6941.058064,-6754.585133,-186.414734
0.08370,1,7017.343340,-6600.358906,-417.032526,7017.343340,-6600.358906,-417.032526
0.08380,1,7198.482727,-6504.702022,-693.696938,7198.482727,-6504.702022,-693.696938
0.08390,1,7212.783766,-6305.974235,-906.828064,7212.783766,-6305.974235,-906.828064
0.08400,1,7389.181088,-6205.015447,-1184.154784,7389.181088,-6205.015447,-1184.154784
0.08410,1,7415.957368,-6010.616969,-1405.273027,7415.957368,-6010.616969,-1405.273027
0.08420,1,7529.302972,-5866.644380,-1662.710841,7529.302972,-5866.644380,-1662.710841
0.08430,1,7592.162922,-5692.062906,-1900.018149,7592.162922,-5692.062906,-1900.018149
0.08440,1,7648.362782,-5512.134725,-2136.241448,7648.362782,-5512.134725,-2136.241448
0.08450,1,7731.111054,-5346.010967,-2385.092137,7731.111054,-5346.010967,-2385.092137
0.08460,1,7739.019290,-5136.146501,-2602.810585,7739.019290,-5136.146501,-2602.810585
0.08470,1,7837.871394,-4978.912221,-2858.994476,7837.871394,-4978.912221,-2858.994476
0.08480,1,7807.727214,-4744.193477,-3063.480593,7807.727214,-4744.193477,-3063.480593
0.08490,1,7895.111381,-4581.850374,-3313.237652,7895.111381,-4581.850374,-3313.237652
0.08500,1,7873.463663,-4350.103770,-3523.390747,7873.463663,-4350.103770,-3523.390747
0.08510,1,7889.850520,-4146.179312,-3743.573932,7889.850520,-4146.179312,-3743.573932
0.08520,1,7930.540920,-3955.136330,-3975.467880,7930.540920,-3955.136330,-3975.467880
0.08530,1,7853.514962,-3692.560609,-4160.880121,7853.514962,-3692.560609,-4160.880121
0.08540,1,7930.624036,-3528.360364,-4402.257773,7930.624036,-3528.360364,-4402.257773
0.08550,1,7826.441319,-3250.492325,-4575.961545,7826.441319,-3250.492325,-4575.961545
0.08560,1,7861.069550,-3062.991973,-4798.002770,7861.069550,-3062.991973,-4798.002770
0.08570,1,7793.824560,-2811.939637,-4981.921337,7793.824560,-2811.939637,-4981.921337
0.08580,1,7751.519995,-2579.441177,-5172.032521,7751.519995,-2579.441177,-5172.032521
0.08590,1,7725.038620,-2358.656684,-5366.352937,7725.038620,-2358.656684,-5366.352937
0.08600,1,7624.535260,-2095.109749,-5529.450149,7624.535260,-2095.109749,-5529.450149
0.08610,1,7614.031331,-1887.955110,-5726.004358,7614.031331,-1887.955110,-5726.004358
0.08620,1,7473.340645,-1605.197795,-5868.161101,7473.340645,-1605.197795,-5868.161101
0.08630,1,7467.574180,-1408.466067,-6059.091447,7467.574180,-1408.466067,-6059.091447
0.08640,1,7306.966575,-1116.573122,-6190.329627,7306.966575,-1116.573122,-6190.329627
0.08650,1,7265.910745,-907.262360,-6358.706681,7265.910745,-907.262360,-6358.706681
0.08660,1,7141.273182,-642.817058,-6498.355898,7141.273182,-642.817058,-6498.355898
0.08670,1,7013.721238,-387.505419,-6626.256583,7013.721238,-387.505419,-6626.256583
0.08680,1,6952.483814,-171.603533,-6780.844211,6952.483814,-171.603533,-6780.844211
0.08690,1,6750.051813,125.352838,-6875.361509,6750.051813,125.352838,-6875.361509
0.08700,1,6701.044531,322.229168,-7023.306360,6701.044531,322.229168,-7023.306360
0.08710,1,6502.289034,609.532014,-7111.752410,6502.289034,609.532014,-7111.752410
0.08720,1,6389.944339,837.098421,-7227.048412,6389.944339,837.098421,-7227.048412
0.08730,1,6242.051382,1082.823336,-7324.872256,6242.051382,1082.823336,-7324.872256
0.08740,1,6058.607955,1344.954369,-7403.492701,6058.607955,1344.954369,-7403.492701
0.08750,1,5943.454971,1560.893187,-7504.396309,5943.454971,1560.893187,-7504.396309
0.08760,1,5717.741281,1838.205639,-7555.874261,5717.741281,1838.205639,-7555.874261
0.08770,1,5609.724955,2040.289639,-7650.015956,5609.724955,2040.289639,-7650.015956
0.08780,1,5363.588861,2318.961678,-7682.555217,5363.588861,2318.961678,-7682.555217
0.08790,1,5243.330911,2516.623505,-7759.880297,5243.330911,2516.623505,-7759.880297
0.08800,1,5005.521043,2781.131123,-7786.698975,5005.521043,2781.131123,-7786.698975
0.08810,1,4831.186156,2999.041604,-7830.161857,4831.186156,2999.041604,-7830.161857
0.08820,1,4652.177642,3215.199351,-7867.370053,4652.177642,3215.199351,-7867.370053
0.08830,1,4389.624703,3477.835471,-7867.469046,4389.624703,3477.835471,-7867.469046
0.08840,1,4268.715347,3643.107340,-7911.753554,4268.715347,3643.107340,-7911.753554
0.08850,1,3961.649453,3923.695944,-7885.375685,3961.649453,3923.695944,-7885.375685
0.08860,1,3828.817958,4081.916791,-7910.695610,3828.817958,4081.916791,-7910.695610
0.08870,1,3553.984250,4330.178723,-7884.123389,3553.984250,4330.178723,-7884.123389
0.08880,1,3352.413847,4519.681812,-7872.137515,3352.413847,4519.681812,-7872.137515
0.08890,1,3133.556886,4718.188331,-7851.647189,3133.556886,4718.188331,-7851.647189
0.08900,1,2877.786376,4929.415517,-7807.255455,2877.786376,4929.415517,-7807.255455
0.08910,1,2680.937836,5100.893342,-7781.772609,2680.937836,5100.893342,-7781.772609
0.08920,1,2406.672031,5310.558522,-7717.210602,2406.672031,5310.558522,-7717.210602
0.08930,1,2208.779321,5468.115020,-7676.912165,2208.779321,5468.115020,-7676.912165
0.08940,1,1934.607412,5666.299006,-7600.838979,1934.607412,5666.299006,-7600.838979
0.08950,1,1715.121901,5821.133392,-7536.272967,1715.121901,5821.133392,-7536.272967
0.08960,1,1472.121513,5989.192576,-7461.292155,1472.121513,5989.192576,-7461.292155
0.08970,1,1196.934522,6162.973108,-7359.856628,1196.934522,6162.973108,-7359.856628
0.08980,1,1014.655456,6279.729478,-7294.422460,1014.655456,6279.729478,-7294.422460
0.08990,1,679.293777,6479.316436,-7158.537495,679.293777,6479.316436,-7158.537495
0.09000,1,527.387357,6560.884865,-7088.281432,527.387357,6560.884865,-7088.281432
0.09010,1,198.877419,6744.285723,-6943.159466,198.877419,6744.285723,-6943.159466
0.09020,1,-1.084286,6841.924067,-6840.766189,-1.084286,6841.924067,-6840.766189
0.09030,1,-257.652385,6966.294411,-6708.701829,-257.652385,6966.294411,-6708.701829
0.09040,1,-534.431089,7099.527410,-6565.003647,-534.431089,7099.527410,-6565.003647
0.09050,1,-725.447624,7168.441882,-6443.022366,-725.447624,7168.441882,-6443.022366
0.09060,1,-1043.432175,7314.512951,-6271.055647,-1043.432175,7314.512951,-6271.055647
0.09070,1,-1213.466422,7357.756919,-6144.244923,-1213.466422,7357.756919,-6144.244923
0.09080,1,-1531.538049,7489.964194,-5958.449173,-1531.538049,7489.964194,-5958.449173
0.09090,1,-1706.745132,7523.239136,-5816.445800,-1706.745132,7523.239136,-5816.445800
0.09100,1,-2004.123209,7631.209074,-5627.066193,-2004.123209,7631.209074,-5627.066193
0.09110,1,-2207.676225,7667.815626,-5460.159038,-2207.676225,7667.815626,-5460.159038
0.09120,1,-2451.527099,7730.601099,-5278.992718,-2451.527099,7730.601099,-5278.992718
0.09130,1,-2711.677729,7790.931254,-5079.299600,-2711.677729,7790.931254,-5079.299600
0.09140,1,-2891.128786,7799.128912,-4907.941555,-2891.128786,7799.128912,-4907.941555
0.09150,1,-3186.123689,7872.832175,-4686.689770,-3186.123689,7872.832175,-4686.689770
0.09160,1,-3352.490530,7857.275282,-4504.807935,-3352.490530,7857.275282,-4504.807935
0.09170,1,-3609.481082,7898.405934,-4288.839860,-3609.481082,7898.405934,-4288.839860
0.09180,1,-3830.986372,7905.374721,-4074.436444,-3830.986372,7905.374721,-4074.436444
0.09190,1,-4007.804492,7884.740198,-3876.875494,-4007.804492,7884.740198,-3876.875494
0.09200,1,-4283.752287,7915.743328,-3631.977345,-4283.752287,7915.743328,-3631.977345
0.09210,1,-4414.072202,7855.285286,-3441.223562,-4414.072202,7855.285286,-3441.223562
0.09220,1,-4693.867071,7878.452364,-3184.523394,-4693.867071,7878.452364,-3184.523394
0.09230,1,-4823.544087,7807.792552,-2984.263522,-4823.544087,7807.792552,-2984.263522
0.09240,1,-5071.622964,7801.663561,-2730.019602,-5071.622964,7801.663561,-2730.019602
0.09250,1,-5223.101671,7734.412522,-2511.257644,-5223.101671,7734.412522,-2511.257644
0.09260,1,-5420.932828,7689.808104,-2268.919712,-5420.932828,7689.808104,-2268.919712
0.09270,1,-5612.661198,7636.974607,-2024.226782,-5612.661198,7636.974607,-2024.226782
0.09280,1,-5738.635070,7540.000416,-1801.395658,-5738.635070,7540.000416,-1801.395658
0.09290,1,-5981.570461,7512.188005,-1530.587772,-5981.570461,7512.188005,-1530.587772
0.09300,1,-6048.542287,7368.497891,-1319.909437,-6048.542287,7368.497891,-1319.909437
0.09310,1,-6295.996719,7338.579160,-1042.617310,-6295.996719,7338.579160,-1042.617310
0.09320,1,-6372.547596,7192.330535,-819.710281,-6372.547596,7192.330535,-819.710281
0.09330,1,-6552.742902,7114.286688,-561.557110,-6552.742902,7114.286688,-561.557110
0.09340,1,-6689.002328,7000.224333,-311.208206,-6689.002328,7000.224333,-311.208206
0.09350,1,-6786.153914,6862.516610,-76.306523,-6786.153914,6862.516610,-76.306523
0.09360,1,-6958.884972,6767.727924,191.121829,-6958.884972,6767.727924,191.121829
0.09370,1,-7020.964954,6602.233455,418.794023,-7020.964954,6602.233455,418.794023
0.09380,1,-7176.711880,6492.536368,684.180365,-7176.711880,6492.536368,684.180365
0.09390,1,-7243.060091,6324.927442,918.124896,-7243.060091,6324.927442,918.124896
0.09400,1,-7358.788492,6187.899400,1170.965248,-7358.788492,6187.899400,1170.965248
0.09410,1,-7441.926623,6025.447839,1416.428275,-7441.926623,6025.447839,1416.428275
0.09420,1,-7505.537389,5854.937495,1650.672955,-7505.537389,5854.937495,1650.672955
0.09430,1,-7617.318886,5706.471227,1910.843782,-7617.318886,5706.471227,1910.843782
0.09440,1,-7621.589978,5496.846440,2124.747232,-7621.589978,5496.846440,2124.747232
0.09450,1,-7753.366185,5360.916686,2392.507512,-7753.366185,5360.916686,2392.507512
0.09460,1,-7730.591964,5130.383778,2600.183999,-7730.591964,5130.383778,2600.183999
0.09470,1,-7825.302222,4972.837586,2852.505120,-7825.302222,4972.837586,2852.505120
0.09480,1,-7842.187525,4765.888538,3076.329103,-7842.187525,4765.888538,3076.329103
0.09490,1,-7846.647916,4551.308598,3295.313622,-7846.647916,4551.308598,3295.313622
0.09500,1,-7922.060672,4382.890035,3539.248417,-7922.060672,4382.890035,3539.248417
0.09510,1,-7856.339049,4123.827039,3732.479904,-7856.339049,4123.827039,3732.479904
0.09520,1,-7941.041742,3963.531907,3977.547522,-7941.041742,3963.531907,3977.547522
0.09530,1,-7864.991143,3699.747618,4165.283437,-7864.991143,3699.747618,4165.283437
0.09540,1,-7906.540810,3513.948611,4392.554155,-7906.540810,3513.948611,4392.554155
0.09550,1,-7853.759112,3267.880372,4585.968254,-7853.759112,3267.880372,4585.968254
0.09560,1,-7837.541185,3049.329342,4788.169123,-7837.541185,3049.329342,4788.169123
0.09570,1,-7813.108979,2823.482014,4989.676366,-7813.108979,2823.482014,4989.676366
0.09580,1,-7734.909523,2570.567365,5164.365511,-7734.909523,2570.567365,5164.365511
0.09590,1,-7742.053719,2369.413332,5372.627013,-7742.053719,2369.413332,5372.627013
0.09600,1,-7609.830852,2085.416700,5524.469958,-7609.830852,2085.416700,5524.469958
0.09610,1,-7620.455190,1894.375565,5726.077268,-7620.455190,1894.375565,5726.077268
0.09620,1,-7484.408141,1610.484899,5873.930862,-7484.408141,1610.484899,5873.930862
0.09630,1,-7436.737530,1390.829123,6045.968489,-7436.737530,1390.829123,6045.968489
0.09640,1,-7353.387818,1145.987151,6207.361109,-7353.387818,1145.987151,6207.361109
0.09650,1,-7217.354709,876.116630,6341.306815,-7217.354709,876.116630,6341.306815
0.09660,1,-7178.861394,668.611248,6510.247317,-7178.861394,668.611248,6510.247317
0.09670,1,-6998.762303,376.690642,6622.070895,-6998.762303,376.690642,6622.070895
0.09680,1,-6943.616004,167.399141,6776.289527,-6943.616004,167.399141,6776.289527
0.09690,1,-6777.782625,-107.694375,6885.424309,-6777.782625,-107.694375,6885.424309
0.09700,1,-6667.049402,-343.447281,7010.577933,-6667.049402,-343.447281,7010.577933
0.09710,1,-6534.120849,-589.308097,7123.412635,-6534.120849,-589.308097,7123.412635
0.09720,1,-6365.637157,-851.568734,7217.222857,-6365.637157,-851.568734,7217.222857
0.09730,1,-6261.812468,-1070.575368,7332.435398,-6261.812468,-1070.575368,7332.435398
0.09740,1,-6042.197736,-1354.981953,7397.160524,-6042.197736,-1354.981953,7397.160524
0.09750,1,-5958.117947,-1550.490804,7508.650077,-5958.117947,-1550.490804,7508.650077
0.09760,1,-5710.436601,-1844.517399,7554.979152,-5710.436601,-1844.517399,7554.979152
0.09770,1,-5604.974476,-2040.269936,7645.224555,-5604.974476,-2040.269936,7645.224555
0.09780,1,-5386.882201,-2306.668918,7693.625445,-5386.882201,-2306.668918,7693.625445
0.09790,1,-5204.551308,-2539.248407,7743.766660,-5204.551308,-2539.248407,7743.766660
0.09800,1,-5052.186471,-2751.830872,7804.060249,-5052.186471,-2751.830872,7804.060249
0.09810,1,-4792.703126,-3023.507023,7816.242630,-4792.703126,-3023.507023,7816.242630
0.09820,1,-4671.805316,-3202.236489,7874.010273,-4671.805316,-3202.236489,7874.010273
0.09830,1,-4395.685327,-3473.728046,7869.500002,-4395.685327,-3473.728046,7869.500002
0.09840,1,-4242.645612,-3660.270758,7902.871722,-4242.645612,-3660.270758,7902.871722
0.09850,1,-3999.788838,-3897.968307,7897.812326,-3999.788838,-3897.968307,7897.812326
0.09860,1,-3791.414969,-4107.079181,7898.510468,-3791.414969,-4107.079181,7898.510468
0.09870,1,-3585.202933,-4309.118647,7894.313282,-3585.202933,-4309.118647,7894.313282
0.09880,1,-3330.624422,-4534.055127,7864.734582,-3330.624422,-4534.055127,7864.734582
0.09890,1,-3150.833786,-4706.505971,7857.333300,-3150.833786,-4706.505971,7857.333300
0.09900,1,-2864.160527,-4939.262410,7803.437987,-2864.160527,-4939.262410,7803.437987
0.09910,1,-2691.443392,-5092.149606,7783.645187,-2691.443392,-5092.149606,7783.645187
0.09920,1,-2406.354942,-5313.167126,7719.487814,-2406.354942,-5313.167126,7719.487814
0.09930,1,-2195.707883,-5474.146421,7669.922121,-2195.707883,-5474.146421,7669.922121
0.09940,1,-1963.526230,-5649.314702,7612.834767,-1963.526230,-5649.314702,7612.834767
0.09950,1,-1678.166749,-5844.642453,7522.813926,-1678.166749,-5844.642453,7522.813926
0.09960,1,-1507.581946,-5965.192683,7472.842687,-1507.581946,-5965.192683,7472.842687
0.09970,1,-1177.317372,-6177.793060,7355.058727,-1177.317372,-6177.793060,7355.058727
0.09980,1,-1012.356828,-6278.995049,7291.436848,-1012.356828,-6278.995049,7291.436848
0.09990,1,-704.360964,-6465.086899,7169.424130,-704.360964,-6465.086899,7169.424130
0.10000,1,-490.379637,-6583.334282,7073.739138,-490.379637,-6583.334282,7073.739138
0.10010,1,-175.809300,-794.460402,970.289644,-175.809300,-794.460402,970.289644
0.10020,1,-142.131836,802.044577,-659.915118,-142.131836,802.044577,-659.915118
0.10030,1,-165.852770,-744.973212,910.819934,-165.852770,-744.973212,910.819934
0.10040,1,-132.572790,-782.252561,914.833661,-132.572790,-782.252561,914.833661
0.10050,1,-100.191823,914.137132,-813.929830,-100.191823,914.137132,-813.929830
0.10060,1,-134.880934,-786.495049,921.370830,-134.880934,-786.495049,921.370830
0.10070,1,-104.525411,-698.441020,802.955955,-104.525411,-698.441020,802.955955
0.10080,1,-76.373833,989.466953,-913.071216,-76.373833,989.466953,-913.071216
0.10090,1,-102.043147,-854.089595,956.137607,-102.043147,-854.089595,956.137607
0.10100,1,-77.522847,-584.729669,662.237656,-77.522847,-584.729669,662.237656
0.10110,1,-71.490317,1019.484966,-947.986951,-71.490317,1019.484966,-947.986951
0.10120,1,-65.112127,-914.654641,979.780469,-65.112127,-914.654641,979.780469
0.10130,1,-49.539979,-466.679007,516.217641,-49.539979,-466.679007,516.217641
0.10140,1,-86.010955,1019.054592,-933.056247,-86.010955,1019.054592,-933.056247
0.10150,1,-20.944415,-971.202585,992.161018,-20.944415,-971.202585,992.161018
0.10160,1,-19.098507,-327.487063,346.596013,-19.098507,-327.487063,346.596013
0.10170,1,-106.549878,943.740625,-837.203688,-106.549878,943.740625,-837.203688
0.10180,1,35.057584,-943.121203,908.065647,35.057584,-943.121203,908.065647
0.10190,1,5.101086,-261.380329,256.288728,5.101086,-261.380329,256.288728
0.10200,1,-140.437201,885.263603,-744.821057,-140.437201,885.263603,-744.821057
0.10210,1,98.040486,-874.001388,775.951004,98.040486,-874.001388,775.951004
0.10220,1,22.800156,-283.327577,260.526750,22.800156,-283.327577,260.526750
0.10230,1,-183.327232,923.684511,-740.338945,-183.327232,923.684511,-740.338945
0.10240,1,148.136591,-895.144130,747.000955,148.136591,-895.144130,747.000955
0.10250,1,36.973434,-250.284515,213.301417,36.973434,-250.284515,213.301417
0.10260,1,-216.806811,942.050447,-725.232384,-216.806811,942.050447,-725.232384
0.10270,1,199.616132,-931.933849,732.326372,199.616132,-931.933849,732.326372
0.10280,1,48.362909,-180.329587,131.957994,48.362909,-180.329587,131.957994
0.10290,1,-253.130364,921.248889,-668.125921,-253.130364,921.248889,-668.125921
0.10300,1,261.780654,-934.495796,672.734262,261.780654,-934.495796,672.734262
0.10310,1,51.850540,-102.064765,50.213322,51.850540,-102.064765,50.213322
0.10320,1,-295.051912,870.521395,-575.483833,-295.051912,870.521395,-575.483833
0.10330,1,320.314005,-858.835159,538.531513,320.314005,-858.835159,538.531513
0.10340,1,46.653564,26.861702,-73.507830,46.653564,26.861702,-73.507830
0.10350,1,-334.689649,651.876254,-317.190689,-334.689649,651.876254,-317.190689
0.10360,1,179.394400,-369.544073,190.142298,179.394400,-369.544073,190.142298
0.10370,1,84.625807,16.124237,-100.741631,84.625807,16.124237,-100.741631
0.10380,1,-259.862140,213.447225,46.424151,-259.862140,213.447225,46.424151
0.10390,1,10.935145,-122.391508,111.444037,10.935145,-122.391508,111.444037
0.10400,1,92.650650,35.300282,-127.950944,92.650650,35.300282,-127.950944
0.10410,1,-92.096141,-73.894840,166.001831,-92.096141,-73.894840,166.001831
0.10420,1,-3.570332,-54.049490,57.620840,-3.570332,-54.049490,57.620840
0.10430,1,47.729892,40.141763,-87.880725,47.729892,40.141763,-87.880725
0.10440,1,-12.459873,-129.835233,142.294996,-12.459873,-129.835233,142.294996
0.10450,1,-278.191384,171.972610,106.235957,-278.191384,171.972610,106.235957
0.10460,1,41.671247,-17.562560,-24.118319,41.671247,-17.562560,-24.118319
0.10470,1,189.737578,-219.552495,29.805710,189.737578,-219.552495,29.805710
0.10480,1,-969.807860,126.067847,843.755291,-969.807860,126.067847,843.755291
0.10490,1,169.390168,-42.116913,-127.271643,169.390168,-42.116913,-127.271643
0.10500,1,651.383785,-257.037374,-394.355046,651.383785,-257.037374,-394.355046
0.10510,1,-728.490773,-73.779259,802.268547,-728.490773,-73.779259,802.268547
0.10520,1,-2.276088,91.585639,-89.296749,-2.276088,91.585639,-89.296749
0.10530,1,851.140391,-298.461587,-552.680103,851.140391,-298.461587,-552.680103
0.10540,1,-835.932214,-153.759040,989.679143,-835.932214,-153.759040,989.679143
0.10550,1,53.339743,93.018552,-146.348246,53.339743,93.018552,-146.348246
0.10560,1,913.543851,-242.286514,-671.252295,913.543851,-242.286514,-671.252295
0.10570,1,-904.848152,-169.888488,1074.731968,-904.848152,-169.888488,1074.731968
0.10580,1,207.096776,-23.900071,-183.201261,207.096776,-23.900071,-183.201261
0.10590,1,769.894432,-48.540798,-721.348262,769.894432,-48.540798,-721.348262
0.10600,1,-767.009151,-292.708068,1059.727295,-767.009151,-292.708068,1059.727295
0.10610,1,174.518208,-43.494653,-131.037068,174.518208,-43.494653,-131.037068
0.10620,1,769.618771,50.792579,-820.411280,769.618771,50.792579,-820.411280
0.10630,1,-711.239381,-395.980556,1107.233327,-711.239381,-395.980556,1107.233327
0.10640,1,196.189219,-103.728713,-92.464495,196.189219,-103.728713,-92.464495
0.10650,1,753.733859,222.948917,-976.690699,753.733859,222.948917,-976.690699
0.10660,1,-755.401005,-463.641709,1219.046871,-755.401005,-463.641709,1219.046871
0.10670,1,359.412456,-199.230314,-160.170261,359.412456,-199.230314,-160.170261
0.10680,1,584.556851,458.845416,-1043.412050,584.556851,458.845416,-1043.412050
0.10690,1,-729.127494,-618.398997,1347.520291,-729.127494,-618.398997,1347.520291
0.10700,1,484.521915,-130.666152,-353.840632,484.521915,-130.666152,-353.840632
0.10710,1,398.497132,506.418255,-904.917938,398.497132,506.418255,-904.917938
0.10720,1,-570.959321,-720.319331,1291.271974,-570.959321,-720.319331,1291.271974
0.10730,1,407.042761,-10.724402,-396.316407,407.042761,-10.724402,-396.316407
0.10740,1,466.586724,404.609470,-871.189044,466.586724,404.609470,-871.189044
0.10750,1,-674.657480,-638.385909,1313.044175,-674.657480,-638.385909,1313.044175
0.10760,1,600.338043,-87.096962,-513.251981,600.338043,-87.096962,-513.251981
0.10770,1,281.486134,474.683321,-756.161396,281.486134,474.683321,-756.161396
0.10780,1,-599.937416,-658.983354,1258.927464,-599.937416,-658.983354,1258.927464
0.10790,1,658.973422,-80.156351,-578.824273,658.973422,-80.156351,-578.824273
0.10800,1,167.626900,473.623257,-641.253146,167.626900,473.623257,-641.253146
0.10810,1,-488.663646,-647.258635,1135.929073,-488.663646,-647.258635,1135.929073
0.10820,1,590.213744,-81.318894,-508.888085,590.213744,-81.318894,-508.888085
0.10830,1,235.737221,462.645247,-698.394987,235.737221,462.645247,-698.394987
0.10840,1,-576.184199,-598.025712,1174.211015,-576.184199,-598.025712,1174.211015
0.10850,1,713.483260,-169.464833,-544.003851,713.483260,-169.464833,-544.003851
0.10860,1,168.809203,579.821789,-748.640183,168.809203,579.821789,-748.640183
0.10870,1,-613.541782,-696.717261,1310.254795,-613.541782,-696.717261,1310.254795
0.10880,1,874.083532,-117.601750,-756.474774,874.083532,-117.601750,-756.474774
0.10890,1,-40.195748,621.272486,-581.071868,-40.195748,621.272486,-581.071868
0.10900,1,-424.877797,-809.560195,1234.432075,-424.877797,-809.560195,1234.432075
0.10910,1,746.642047,41.819689,-788.466638,746.642047,41.819689,-788.466638
0.10920,1,57.145241,497.162258,-554.294736,57.145241,497.162258,-554.294736
0.10930,1,-532.884370,-743.169810,1276.051505,-532.884370,-743.169810,1276.051505
0.10940,1,886.965220,47.252918,-934.224114,886.965220,47.252918,-934.224114
0.10950,1,-47.237102,473.214894,-425.974714,-47.237102,473.214894,-425.974714
0.10960,1,-516.471267,-725.316825,1241.793175,-516.471267,-725.316825,1241.793175
0.10970,1,978.773689,71.970845,-1050.743089,978.773689,71.970845,-1050.743089
0.10980,1,-199.485882,449.812751,-250.337493,-199.485882,449.812751,-250.337493
0.10990,1,-355.083766,-720.807563,1075.899141,-355.083766,-720.807563,1075.899141
0.11000,1,846.286953,128.149404,-974.428265,846.286953,128.149404,-974.428265
0.11010,1,-93.175194,368.421603,-275.257561,-93.175194,368.421603,-275.257561
0.11020,1,-447.771085,-618.633103,1066.404725,-447.771085,-618.633103,1066.404725
0.11030,1,925.231144,47.388303,-972.611416,925.231144,47.388303,-972.611416
0.11040,1,-119.875213,445.250864,-325.374213,-119.875213,445.250864,-325.374213
0.11050,1,-492.118980,-660.544536,1152.654323,-492.118980,-660.544536,1152.654323
0.11060,1,1042.314181,58.421882,-1100.733190,1042.314181,58.421882,-1100.733190
0.11070,1,-275.670062,515.102114,-239.420555,-275.670062,515.102114,-239.420555
0.11080,1,-352.535725,-781.197109,1133.723176,-352.535725,-781.197109,1133.723176
0.11090,1,953.224005,212.063457,-1165.289148,953.224005,212.063457,-1165.289148
0.11100,1,-237.989591,420.630683,-182.633869,-237.989591,420.630683,-182.633869
0.11110,1,-377.517135,-758.789350,1136.307491,-377.517135,-758.789350,1136.307491
0.11120,1,980.884062,274.466481,-1255.353276,980.884062,274.466481,-1255.353276
0.11130,1,-252.107086,360.901286,-108.798589,-252.107086,360.901286,-108.798589
0.11140,1,-423.599290,-726.298052,1149.907211,-423.599290,-726.298052,1149.907211
0.11150,1,1104.414134,304.015757,-1408.429638,1104.414134,304.015757,-1408.429638
0.11160,1,-438.529653,342.868033,95.652850,-438.529653,342.868033,95.652850
0.11170,1,-238.201303,-740.750810,978.957565,-238.201303,-740.750810,978.957565
0.11180,1,968.948437,398.924133,-1367.867499,968.948437,398.924133,-1367.867499
0.11190,1,-386.479284,226.085585,160.392072,-386.479284,226.085585,160.392072
0.11200,1,-238.108762,-619.723239,857.824455,-238.108762,-619.723239,857.824455
0.11210,1,939.848918,339.655478,-1279.496752,939.848918,339.655478,-1279.496752
0.11220,1,-352.165856,251.517148,100.655825,-352.165856,251.517148,100.655825
0.11230,1,-307.221201,-590.789877,897.998145,-307.221201,-590.789877,897.998145
0.11240,1,1049.771435,298.786924,-1348.554046,1049.771435,298.786924,-1348.554046
0.11250,1,-505.506577,336.081475,169.432548,-505.506577,336.081475,169.432548
0.11260,1,-177.348803,-682.957278,860.302710,-177.348803,-682.957278,860.302710
0.11270,1,979.654735,406.721172,-1386.379460,979.654735,406.721172,-1386.379460
0.11280,1,-525.967766,287.884115,238.085389,-525.967766,287.884115,238.085389
0.11290,1,-114.756489,-689.507396,804.272450,-114.756489,-689.507396,804.272450
0.11300,1,898.881126,492.454760,-1391.342901,898.881126,492.454760,-1391.342901
0.11310,1,-458.149882,206.324339,251.823256,-458.149882,206.324339,251.823256
0.11320,1,-217.384775,-629.982408,847.374760,-217.384775,-629.982408,847.374760
0.11330,1,1049.805938,512.290638,-1562.096753,1049.805938,512.290638,-1562.096753
0.11340,1,-674.374105,170.747032,503.625000,-674.374105,170.747032,503.625000
0.11350,1,-18.213718,-620.094320,638.304227,-18.213718,-620.094320,638.304227
0.11360,1,915.404930,606.269215,-1521.664958,915.404930,606.269215,-1521.664958
0.11370,1,-658.666917,43.336601,615.331044,-658.666917,43.336601,615.331044
0.11380,1,34.889410,-503.941455,469.041423,34.889410,-503.941455,469.041423
0.11390,1,820.886380,611.806216,-1432.684012,820.886380,611.806216,-1432.684012
0.11400,1,-585.247910,-48.960006,634.212057,-585.247910,-48.960006,634.212057
0.11410,1,-46.209305,-354.832022,401.036000,-46.209305,-354.832022,401.036000
0.11420,1,899.842968,524.223738,-1424.069069,899.842968,524.223738,-1424.069069
0.11430,1,-697.368405,2.447690,694.927025,-697.368405,2.447690,694.927025
0.11440,1,49.143229,-394.497285,345.358139,49.143229,-394.497285,345.358139
0.11450,1,830.794582,604.437053,-1435.241833,830.794582,604.437053,-1435.241833
0.11460,1,-713.105246,-39.212842,752.322873,-713.105246,-39.212842,752.322873
0.11470,1,112.862800,-415.552812,302.696267,112.862800,-415.552812,302.696267
0.11480,1,721.413229,737.739217,-1459.157253,721.413229,737.739217,-1459.157253
0.11490,1,-628.078653,-182.209001,810.287118,-628.078653,-182.209001,810.287118
0.11500,1,34.322759,-321.416679,287.094617,34.322759,-321.416679,287.094617
0.11510,1,759.612320,791.708410,-1551.314135,759.612320,791.708410,-1551.314135
0.11520,1,-685.532412,-261.956233,947.484646,-685.532412,-261.956233,947.484646
0.11530,1,92.770007,-341.180758,248.405878,92.770007,-341.180758,248.405878
0.11540,1,705.529694,978.053911,-1683.574021,705.529694,978.053911,-1683.574021
0.11550,1,-740.664972,-454.946156,1195.610425,-740.664972,-454.946156,1195.610425
0.11560,1,256.797368,-277.904471,21.102675,256.797368,-277.904471,21.102675
0.11570,1,427.894932,1170.174868,-1598.069550,427.894932,1170.174868,-1598.069550
0.11580,1,-534.320726,-696.032179,1230.359885,-534.320726,-696.032179,1230.359885
0.11590,1,174.310958,-122.455432,-51.855756,174.310958,-122.455432,-51.855756
0.11600,1,233.512235,1373.562815,-1607.084555,233.512235,1373.562815,-1607.084555
0.11610,1,-475.202806,-753.450092,1228.662900,-475.202806,-753.450092,1228.662900
0.11620,1,271.573392,-276.752990,5.181912,271.573392,-276.752990,5.181912
0.11630,1,147.550964,1496.756759,-1644.314834,147.550964,1496.756759,-1644.314834
0.11640,1,-511.648866,-816.852254,1328.503731,-511.648866,-816.852254,1328.503731
0.11650,1,485.688695,-355.100984,-130.584669,485.688695,-355.100984,-130.584669
0.11660,1,-193.502428,1686.758006,-1493.252952,-193.502428,1686.758006,-1493.252952
0.11670,1,-231.542049,-973.911972,1205.447731,-231.542049,-973.911972,1205.447731
0.11680,1,364.094619,-325.415881,-38.676612,364.094619,-325.415881,-38.676612
0.11690,1,-323.248988,1886.863639,-1563.607602,-323.248988,1886.863639,-1563.607602
0.11700,1,-138.570423,-1123.112894,1261.678144,-138.570423,-1123.112894,1261.678144
0.11710,1,388.542356,-331.882324,-56.660421,388.542356,-331.882324,-56.660421
0.11720,1,-501.315411,2116.268786,-1614.951843,-501.315411,2116.268786,-1614.951843
0.11730,1,-125.612017,-1298.304020,1423.921308,-125.612017,-1298.304020,1423.921308
0.11740,1,629.247715,-325.207449,-304.043568,629.247715,-325.207449,-304.043568
0.11750,1,-970.087692,2344.799288,-1374.717136,-970.087692,2344.799288,-1374.717136
0.11760,1,235.781362,-1532.183465,1296.413657,235.781362,-1532.183465,1296.413657
0.11770,1,520.082253,-186.878986,-333.206063,520.082253,-186.878986,-333.206063
0.11780,1,-1304.665870,2533.241055,-1228.580518,-1304.665870,2533.241055,-1228.580518
0.11790,1,419.898142,-1680.700261,1260.806525,419.898142,-1680.700261,1260.806525
0.11800,1,615.180542,-110.684379,-504.492390,615.180542,-110.684379,-504.492390
0.11810,1,-1731.590212,2651.766999,-920.178356,-1731.590212,2651.766999,-920.178356
0.11820,1,645.311740,-1716.988340,1071.671224,645.311740,-1716.988340,1071.671224
0.11830,1,709.967333,-100.619482,-609.340271,709.967333,-100.619482,-609.340271
0.11840,1,-2255.874731,2823.829343,-567.952784,-2255.874731,2823.829343,-567.952784
0.11850,1,982.948243,-1747.054775,764.100035,982.948243,-1747.054775,764.100035
0.11860,1,666.696501,-58.491525,-608.201271,666.696501,-58.491525,-608.201271
0.11870,1,-2858.473666,3034.946556,-176.470948,-2858.473666,3034.946556,-176.470948
0.11880,1,1326.097854,-1743.417686,417.321353,1326.097854,-1743.417686,417.321353
0.11890,1,577.535207,29.741693,-607.280312,577.535207,29.741693,-607.280312
0.11900,1,-3600.245184,3205.099834,395.144644,-3600.245184,3205.099834,395.144644
0.11910,1,1561.798035,-1570.204542,8.415555,1561.798035,-1570.204542,8.415555
0.11920,1,565.390462,81.684266,-647.080809,565.390462,81.684266,-647.080809
0.11930,1,-4670.949028,3367.629241,1303.318198,-4670.949028,3367.629241,1303.318198
0.11940,1,1786.013144,-1231.794843,-554.213241,1786.013144,-1231.794843,-554.213241
0.11950,1,325.213958,246.683424,-571.895486,325.213958,246.683424,-571.895486
0.11960,1,-6269.533746,3124.240618,3145.290051,-6269.533746,3124.240618,3145.290051
0.11970,1,1797.487759,-305.850712,-1491.640180,1797.487759,-305.850712,-1491.640180
0.11980,1,-537.990163,5.757027,532.243106,-537.990163,5.757027,532.243106
0.11990,1,-8077.504584,1431.933206,6645.567988,-8077.504584,1431.933206,6645.567988
0.12000,1,456.844468,1260.453794,-1717.303538,456.844468,1260.453794,-1717.303538
0.12010,1,-476.906507,-3286.863145,3763.776957,-476.906507,-3286.863145,3763.776957
0.12020,1,-6648.397233,-2295.282691,8943.679851,-6648.397233,-2295.282691,8943.679851
0.12030,1,1976.010977,-736.531912,-1239.479898,1976.010977,-736.531912,-1239.479898
0.12040,1,7867.152547,-7248.263575,-618.891204,7867.152547,-7248.263575,-618.891204
0.12050,1,-3658.129930,-782.913165,4441.046725,-3658.129930,-782.913165,4441.046725
0.12060,1,-1084.181807,201.576684,882.609047,-1084.181807,201.576684,882.609047
0.12070,1,8640.934769,-10153.030249,1512.088559,8640.934769,-10153.030249,1512.088559
0.12080,1,-2225.162333,3620.114681,-1394.948824,-2225.162333,3620.114681,-1394.948824
0.12090,1,504.417168,844.468009,-1348.882521,504.417168,844.468009,-1348.882521
0.12100,1,9542.681041,-12977.052063,3434.371403,9542.681041,-12977.052063,3434.371403
0.12110,1,-6912.854832,7836.901975,-924.050056,-6912.854832,7836.901975,-924.050056
0.12120,1,2584.334198,1839.573143,-4423.907491,2584.334198,1839.573143,-4423.907491
0.12130,1,11458.072033,-13335.770087,1877.706814,11458.072033,-13335.770087,1877.706814
0.12140,1,-13343.469176,9823.749893,3519.712376,-13343.469176,9823.749893,3519.712376
0.12150,1,6605.412744,346.168396,-6951.582549,6605.412744,346.168396,-6951.582549
0.12160,1,11924.829326,-11531.947632,-392.874101,11924.829326,-11531.947632,-392.874101
0.12170,1,-18815.104691,10644.825783,8170.277019,-18815.104691,10644.825783,8170.277019
0.12180,1,12353.998327,-1718.369519,-10635.630899,12353.998327,-1718.369519,-10635.630899
0.12190,1,10045.454116,-9510.449391,-535.004607,10045.454116,-9510.449391,-535.004607
0.12200,1,-22941.514148,10515.259346,12426.260456,-22941.514148,10515.259346,12426.260456
0.12210,1,18763.924419,-2214.656375,-16549.269677,18763.924419,-2214.656375,-16549.269677
0.12220,1,6679.592373,-8642.430147,1962.833108,6679.592373,-8642.430147,1962.833108
0.12230,1,-25957.405012,9948.452968,16008.958934,-25957.405012,9948.452968,16008.958934
0.12240,1,25399.212148,-1685.964213,-23713.248555,25399.212148,-1685.964213,-23713.248555
0.12250,1,1950.089986,-7691.490162,5741.399290,1950.089986,-7691.490162,5741.399290
0.12260,1,-27829.907662,7784.179047,20045.727947,-27829.907662,7784.179047,20045.727947
0.12270,1,32785.906430,670.021102,-33455.925951,32785.906430,670.021102,-33455.925951
0.12280,1,-5786.732477,-7324.812073,13111.549813,-5786.732477,-7324.812073,13111.549813
0.12290,1,-26313.071502,4534.653093,21778.411104,-26313.071502,4534.653093,21778.411104
0.12300,1,38876.736049,4987.575494,-43864.308932,38876.736049,4987.575494,-43864.308932
0.12310,1,-15232.704070,-8524.591069,23757.300635,-15232.704070,-8524.591069,23757.300635
0.12320,1,-22041.757668,1489.596299,20552.157941,-22041.757668,1489.596299,20552.157941
0.12330,1,43853.419908,10873.572519,-54726.993454,43853.419908,10873.572519,-54726.993454
0.12340,1,-26282.448838,-12591.613421,38874.063777,-26282.448838,-12591.613421,38874.063777
0.12350,1,-15257.380146,682.542984,14574.842754,-15257.380146,682.542984,14574.842754
0.12360,1,47778.579737,17354.182479,-65132.767659,47778.579737,17354.182479,-65132.767659
0.12370,1,-38567.738240,-20677.418727,59245.155883,-38567.738240,-20677.418727,59245.155883
0.12380,1,-6358.551678,4202.363016,2156.196849,-6358.551678,4202.363016,2156.196849
0.12390,1,50287.982898,23644.740243,-73932.727551,50287.982898,23644.740243,-73932.727551
0.12400,1,-50333.572609,-34548.629268,84882.201697,-50333.572609,-34548.629268,84882.201697
0.12410,1,1972.492434,15296.852160,-17269.343205,1972.492434,15296.852160,-17269.343205
0.12420,1,52295.306316,26815.929908,-79111.234119,52295.306316,26815.929908,-79111.234119
0.12430,1,-59380.486582,-52896.172735,112276.660504,-59380.486582,-52896.172735,112276.660504
0.12440,1,6916.476174,33975.461659,-40891.943089,6916.476174,33975.461659,-40891.943089
0.12450,1,56615.044468,26395.150361,-83010.188890,56615.044468,26395.150361,-83010.188890
0.12460,1,-67374.879051,-75850.235517,143225.115538,-67374.879051,-75850.235517,143225.115538
0.12470,1,13387.618568,49264.847398,-62652.468701,13387.618568,49264.847398,-62652.468701
0.12480,1,48233.618141,24787.789715,-73021.407218,48233.618141,24787.789715,-73021.407218
0.12490,1,-64379.281660,-57632.548277,122011.831695,-64379.281660,-57632.548277,122011.831695
0.12500,1,25103.700449,39132.008067,-64235.704400,25103.700449,39132.008067,-64235.704400
0.12510,1,50354.001201,-796.351145,-49557.656868,50354.001201,-796.351145,-49557.656868
0.12520,1,-87317.451586,-32939.865825,120257.320342,-87317.451586,-32939.865825,120257.320342
0.12530,1,39894.938986,47090.614608,-86985.547321,39894.938986,47090.614608,-86985.547321
0.12540,1,72033.666026,-39662.434820,-32371.237404,72033.666026,-39662.434820,-32371.237404
0.12550,1,-127509.464010,2177.473286,125331.992100,-127509.464010,2177.473286,125331.992100
0.12560,1,46543.253484,53340.810675,-99884.061678,46543.253484,53340.810675,-99884.061678
0.12570,1,149487.932288,-59673.480055,-89814.450478,149487.932288,-59673.480055,-89814.450478
0.12580,1,-221715.604404,13949.261689,207766.340382,-221715.604404,13949.261689,207766.340382
0.12590,1,27625.596326,54698.005682,-82323.603204,27625.596326,54698.005682,-82323.603204
0.12600,1,111764.580147,-46907.762025,-64856.811572,111764.580147,-46907.762025,-64856.811572
0.12610,1,-110973.806088,-4656.839806,115630.642670,-110973.806088,-4656.839806,115630.642670
0.12620,1,33598.547720,39862.724023,-73461.272418,33598.547720,39862.724023,-73461.272418
0.12630,1,99563.108734,17088.920029,-116652.026550,99563.108734,17088.920029,-116652.026550
0.12640,1,-167630.403368,-63332.896334,230963.300589,-167630.403368,-63332.896334,230963.300589
0.12650,1,81962.782810,19310.929302,-101273.710214,81962.782810,19310.929302,-101273.710214
0.12660,1,7090.337158,11881.208737,-18971.550935,7090.337158,11881.208737,-18971.550935
0.12670,1,-72177.515473,-11186.904579,83364.424929,-72177.515473,-11186.904579,83364.424929
0.12680,1,103122.921666,37921.724297,-141044.642771,103122.921666,37921.724297,-141044.642771
0.12690,1,-22341.946261,-18100.849831,40442.789955,-22341.946261,-18100.849831,40442.789955
0.12700,1,-79102.976576,-51936.874333,131039.854384,-79102.976576,-51936.874333,131039.854384
0.12710,1,84717.717541,121034.589501,-205752.305128,84717.717541,121034.589501,-205752.305128
0.12720,1,-8042.256416,-64344.195155,72386.452537,-8042.256416,-64344.195155,72386.452537
0.12730,1,-69403.341369,-107743.897893,177147.235642,-69403.341369,-107743.897893,177147.235642
0.12740,1,25922.771425,87791.405501,-113714.174847,25922.771425,87791.405501,-113714.174847
0.12750,1,36061.355874,15555.074782,-51616.424900,36061.355874,15555.074782,-51616.424900
0.12760,1,-20519.593190,-44179.140546,64698.727071,-20519.593190,-44179.140546,64698.727071
0.12770,1,25711.256229,71784.844188,-97496.097584,25711.256229,71784.844188,-97496.097584
0.12780,1,-9827.649091,-35251.455624,45079.107042,-9827.649091,-35251.455624,45079.107042
0.12790,1,-23689.128444,-49396.068936,73085.196896,-23689.128444,-49396.068936,73085.196896
0.12800,1,31246.001556,135758.227185,-167004.228183,31246.001556,135758.227185,-167004.228183
0.12810,1,-23855.741863,-96009.166169,119864.905611,-23855.741863,-96009.166169,119864.905611
0.12820,1,12154.442979,-73317.300341,61162.863011,12154.442979,-73317.300341,61162.863011
0.12830,1,-68654.955530,71298.965403,-2644.011036,-68654.955530,71298.965403,-2644.011036
0.12840,1,64500.234774,20008.129581,-84508.367388,64500.234774,20008.129581,-84508.367388
0.12850,1,4940.826790,-55923.851418,50983.028781,4940.826790,-55923.851418,50983.028781
0.12860,1,-12051.261075,130468.163944,-118416.902542,-12051.261075,130468.163944,-118416.902542
0.12870,1,-12890.630237,-115647.227391,128537.858459,-12890.630237,-115647.227391,128537.858459
0.12880,1,65012.870814,-19287.167173,-45725.707342,65012.870814,-19287.167173,-45725.707342
0.12890,1,260892.836079,-96459.185785,-164433.645566,260892.836079,-96459.185785,-164433.645566
0.12900,1,-377103.142874,145618.375154,231484.770431,-377103.142874,145618.375154,231484.770431
0.12910,1,-66039.849918,63823.570730,2216.272387,-66039.849918,63823.570730,2216.272387
0.12920,1,297668.275973,-133286.004389,-164382.266344,297668.275973,-133286.004389,-164382.266344
0.12930,1,-146154.206783,46456.535370,99697.672878,-146154.206783,46456.535370,99697.672878
0.12940,1,-201014.983441,113577.506127,87437.475875,-201014.983441,113577.506127,87437.475875
0.12950,1,383253.475316,-194193.651959,-189059.823553,383253.475316,-194193.651959,-189059.823553
0.12960,1,-218867.215774,115750.140617,103117.075983,-218867.215774,115750.140617,103117.075983
0.12970,1,-161793.041238,71434.811478,90358.233766,-161793.041238,71434.811478,90358.233766
0.12980,1,432851.738684,-217917.825703,-214933.916789,432851.738684,-217917.825703,-214933.916789
0.12990,1,-345635.781365,199077.957417,146557.824610,-345635.781365,199077.957417,146557.824610
0.13000,1,2946.015391,-12272.184851,9326.173225,2946.015391,-12272.184851,9326.173225
0.13010,1,268169.916022,-187225.796408,-80944.121316,268169.916022,-187225.796408,-80944.121316
0.13020,1,-198190.955268,214162.934996,-15971.978387,-198190.955268,214162.934996,-15971.978387
0.13030,1,-104812.955338,-26504.208234,131317.161188,-104812.955338,-26504.208234,131317.161188
0.13040,1,315159.216205,-209528.416066,-105630.795187,315159.216205,-209528.416066,-105630.795187
0.13050,1,-380541.771937,256087.942242,124453.829779,-380541.771937,256087.942242,124453.829779
0.13060,1,49307.207708,-17994.185692,-31313.027128,49307.207708,-17994.185692,-31313.027128
0.13070,1,444110.682517,-266021.056322,-178089.619621,444110.682517,-266021.056322,-178089.619621
0.13080,1,-435722.221601,258706.442264,177015.778803,-435722.221601,258706.442264,177015.778803
0.13090,1,32143.130656,-4273.489912,-27869.641986,32143.130656,-4273.489912,-27869.641986
0.13100,1,374821.966639,-258936.279348,-115885.687385,374821.966639,-258936.279348,-115885.687385
0.13110,1,-423340.492184,283432.807434,139907.687379,-423340.492184,283432.807434,139907.687379
0.13120,1,121856.400789,-58290.642868,-63565.755801,121856.400789,-58290.642868,-63565.755801
0.13130,1,221804.123793,-191163.939581,-30640.189490,221804.123793,-191163.939581,-30640.189490
0.13140,1,-289899.810670,226140.109578,63759.705757,-289899.810670,226140.109578,63759.705757
0.13150,1,64139.704002,-14398.482137,-49741.220251,64139.704002,-14398.482137,-49741.220251
0.13160,1,245640.022961,-226504.618784,-19135.407000,245640.022961,-226504.618784,-19135.407000
0.13170,1,-379497.209749,265249.486676,114247.725507,-379497.209749,265249.486676,114247.725507
0.13180,1,27539.808999,25418.244053,-52958.054296,27539.808999,25418.244053,-52958.054296
0.13190,1,340220.650993,-297406.094991,-42814.551843,340220.650993,-297406.094991,-42814.551843
0.13200,1,-329743.325007,259524.130562,70219.192089,-329743.325007,259524.130562,70219.192089
0.13210,1,95068.250272,-126361.413324,31293.161702,95068.250272,-126361.413324,31293.161702
0.13220,1,178102.091365,-89015.016299,-89087.069581,178102.091365,-89015.016299,-89087.069581
0.13230,1,-197456.226857,218798.029460,-21341.804909,-197456.226857,218798.029460,-21341.804909
0.13240,1,-25212.500610,-42031.617144,67244.117984,-25212.500610,-42031.617144,67244.117984
0.13250,1,283788.790230,-190089.119244,-93699.671213,283788.790230,-190089.119244,-93699.671213
0.13260,1,-264650.227740,129267.463341,135382.767950,-264650.227740,129267.463341,135382.767950
0.13270,1,10965.036668,57102.302121,-68067.338974,10965.036668,57102.302121,-68067.338974
0.13280,1,216278.339283,-162970.613811,-53307.729810,216278.339283,-162970.613811,-53307.729810
0.13290,1,-185884.154873,134485.816162,51398.345434,-185884.154873,134485.816162,51398.345434
0.13300,1,78231.769304,-66083.902788,-12147.867464,78231.769304,-66083.902788,-12147.867464
0.13310,1,-123447.064527,86006.324819,37440.737189,-123447.064527,86006.324819,37440.737189
0.13320,1,49346.474867,-45016.385444,-4330.086337,49346.474867,-45016.385444,-4330.086337
0.13330,1,46023.157206,-6662.222637,-39360.934660,46023.157206,-6662.222637,-39360.934660
0.13340,1,-57452.111239,14634.738216,42817.375184,-57452.111239,14634.738216,42817.375184
0.13350,1,-24800.683139,9941.996993,14858.683109,-24800.683139,9941.996993,14858.683109
0.13360,1,106244.411231,-22888.846179,-83355.562815,106244.411231,-22888.846179,-83355.562815
0.13370,1,-78081.571048,-12849.561337,90931.135318,-78081.571048,-12849.561337,90931.135318
0.13380,1,-56910.016947,65625.242149,-8715.228361,-56910.016947,65625.242149,-8715.228361
0.13390,1,171939.334365,-98609.490114,-73329.842100,171939.334365,-98609.490114,-73329.842100
0.13400,1,-141800.868905,67479.103612,74321.764901,-141800.868905,67479.103612,74321.764901
0.13410,1,4395.116234,-2285.909911,-2109.203335,4395.116234,-2285.909911,-2109.203335
0.13420,1,110606.575437,-75859.261691,-34747.315040,110606.575437,-75859.261691,-34747.315040
0.13430,1,-75625.158375,119123.309123,-43498.153119,-75625.158375,119123.309123,-43498.153119
0.13440,1,-80621.743064,-135656.268606,216278.018390,-80621.743064,-135656.268606,216278.018390
0.13450,1,178622.036138,90221.099555,-268843.138691,178622.036138,90221.099555,-268843.138691
0.13460,1,-81669.232402,5170.548321,76498.682945,-81669.232402,5170.548321,76498.682945
0.13470,1,-55525.399346,-5438.706722,60964.109401,-55525.399346,-5438.706722,60964.109401
0.13480,1,135755.044801,-57087.585783,-78667.458973,135755.044801,-57087.585783,-78667.458973
0.13490,1,-133222.902776,87158.092570,46064.811007,-133222.902776,87158.092570,46064.811007
0.13500,1,4056.629661,-106566.321871,102509.689336,4056.629661,-106566.321871,102509.689336
0.13510,1,135484.442506,59822.662282,-195307.099824,135484.442506,59822.662282,-195307.099824
0.13520,1,-140188.627561,54766.713026,85421.914316,-140188.627561,54766.713026,85421.914316
0.13530,1,-19157.765712,114005.375454,-94847.612731,-19157.765712,114005.375454,-94847.612731
0.13540,1,146667.687880,-171099.720558,24432.037025,146667.687880,-171099.720558,24432.037025
0.13550,1,-98085.337017,-95104.772462,193190.107831,-98085.337017,-95104.772462,193190.107831
0.13560,1,-25465.502943,202927.646650,-177462.141050,-25465.502943,202927.646650,-177462.141050
0.13570,1,113084.613361,-104165.774514,-8918.840861,113084.613361,-104165.774514,-8918.840861
0.13580,1,-106917.129667,-67613.587497,174530.717566,-106917.129667,-67613.587497,174530.717566
0.13590,1,-4086.956549,187506.095866,-183419.134676,-4086.956549,187506.095866,-183419.134676
0.13600,1,131212.821244,-190079.145721,58866.320488,131212.821244,-190079.145721,58866.320488
0.13610,1,-262258.139084,-78069.589099,340327.729640,-262258.139084,-78069.589099,340327.729640
0.13620,1,191179.280316,265691.653056,-456870.931601,191179.280316,265691.653056,-456870.931601
0.13630,1,109482.004302,-99049.445520,-10432.558053,109482.004302,-99049.445520,-10432.558053
0.13640,1,-216989.492050,-129188.254783,346177.746207,-216989.492050,-129188.254783,346177.746207
0.13650,1,48698.955042,195083.633954,-243782.590371,48698.955042,195083.633954,-243782.590371
0.13660,1,212533.181351,-50552.683601,-161980.492097,212533.181351,-50552.683601,-161980.492097
0.13670,1,-296380.285676,-155477.124955,451857.407763,-296380.285676,-155477.124955,451857.407763
0.13680,1,117115.538610,225340.965719,-342456.505628,117115.538610,225340.965719,-342456.505628
0.13690,1,163922.497081,-104753.856103,-59168.636133,163922.497081,-104753.856103,-59168.636133
0.13700,1,-297288.491436,-79954.054551,377242.543810,-297288.491436,-79954.054551,377242.543810
0.13710,1,178741.405465,145646.436789,-324387.840653,178741.405465,145646.436789,-324387.840653
0.13720,1,57774.442046,-26053.244691,-31721.198607,57774.442046,-26053.244691,-31721.198607
0.13730,1,-178799.789771,-173638.696658,352438.488624,-178799.789771,-173638.696658,352438.488624
0.13740,1,76180.689957,277385.962044,-353566.650251,76180.689957,277385.962044,-353566.650251
0.13750,1,141221.642355,-198222.614755,57000.969026,141221.642355,-198222.614755,57000.969026
0.13760,1,-260280.108913,5567.472971,254712.639417,-260280.108913,5567.472971,254712.639417
0.13770,1,170413.189533,136967.295402,-307380.484956,170413.189533,136967.295402,-307380.484956
0.13780,1,43502.442365,-121916.090420,78413.648828,43502.442365,-121916.090420,78413.648828
0.13790,1,-195507.831414,-19028.175170,214536.006068,-195507.831414,-19028.175170,214536.006068
0.13800,1,168088.459729,136444.752294,-304533.212416,168088.459729,136444.752294,-304533.212416
0.13810,1,-2809.792737,-115983.394781,118793.192609,-2809.792737,-115983.394781,118793.192609
0.13820,1,-137640.355311,-38309.045126,175949.396138,-137640.355311,-38309.045126,175949.396138
0.13830,1,131413.374783,194452.113522,-325865.487493,131413.374783,194452.113522,-325865.487493
0.13840,1,12899.752626,-226214.701173,213314.952820,12899.752626,-226214.701173,213314.952820
0.13850,1,-144495.750402,84784.804648,59710.942941,-144495.750402,84784.804648,59710.942941
0.13860,1,137068.846194,114934.469306,-252003.313910,137068.846194,114934.469306,-252003.313910
0.13870,1,32217.419838,-211363.789063,179146.368368,32217.419838,-211363.789063,179146.368368
0.13880,1,-167633.070410,93550.982271,74082.091660,-167633.070410,93550.982271,74082.091660
0.13890,1,110087.190694,138320.577345,-248407.769317,110087.190694,138320.577345,-248407.769317
0.13900,1,129588.905103,-272204.378422,142615.471683,129588.905103,-272204.378422,142615.471683
0.13910,1,-258125.164396,101583.906308,156541.262932,-258125.164396,101583.906308,156541.262932
0.13920,1,92922.267901,284531.215891,-377453.486317,92922.267901,284531.215891,-377453.486317
0.13930,1,91594.069999,-389209.915736,297615.847531,91594.069999,-389209.915736,297615.847531
0.13940,1,-124977.117045,148840.013489,-23862.897021,-124977.117045,148840.013489,-23862.897021
0.13950,1,-2837.317049,176788.777764,-173951.459928,-2837.317049,176788.777764,-173951.459928
0.13960,1,177120.395233,-292689.137644,115568.745562,177120.395233,-292689.137644,115568.745562
0.13970,1,-222143.692314,119236.928947,102906.759277,-222143.692314,119236.928947,102906.759277
0.13980,1,90618.726780,145465.837619,-236084.561419,90618.726780,145465.837619,-236084.561419
0.13990,1,116979.820961,-247226.550228,130246.731178,116979.820961,-247226.550228,130246.731178
0.14000,1,-213036.855574,117008.022535,96028.831162,-213036.855574,117008.022535,96028.831162
0.14010,1,122877.979233,94855.294825,-217733.272874,122877.979233,94855.294825,-217733.272874
0.14020,1,41839.035051,-210913.239747,169074.204648,41839.035051,-210913.239747,169074.204648
0.14030,1,-91419.361382,129709.186324,-38289.821452,-91419.361382,129709.186324,-38289.821452
0.14040,1,-40540.553624,68750.066555,-28209.516114,-40540.553624,68750.066555,-28209.516114
0.14050,1,219380.844646,-196406.449518,-22974.394423,219380.844646,-196406.449518,-22974.394423
0.14060,1,-268787.178377,158333.145352,110454.037475,-268787.178377,158333.145352,110454.037475
0.14070,1,135320.789236,-12044.378913,-123276.414121,135320.789236,-12044.378913,-123276.414121
0.14080,1,62299.958483,-93851.931788,31551.975711,62299.958483,-93851.931788,31551.975711
0.14090,1,-154851.416715,78713.699446,76137.717250,-154851.416715,78713.699446,76137.717250
0.14100,1,75988.121767,22907.799759,-98895.920454,75988.121767,22907.799759,-98895.920454
0.14110,1,88656.122929,-107593.769983,18937.648212,88656.122929,-107593.769983,18937.648212
0.14120,1,-173116.889419,95824.240244,77292.646592,-173116.889419,95824.240244,77292.646592
0.14130,1,81597.316986,9869.393351,-91466.706270,81597.316986,9869.393351,-91466.706270
0.14140,1,112776.661570,-122161.968013,9385.305822,112776.661570,-122161.968013,9385.305822
0.14150,1,-249410.770873,160552.253196,88858.517198,-249410.770873,160552.253196,88858.517198
0.14160,1,207838.010456,-98961.434528,-108876.574658,207838.010456,-98961.434528,-108876.574658
0.14170,1,-11745.260263,4056.394838,7688.865391,-11745.260263,4056.394838,7688.865391
0.14180,1,-162276.877531,47128.072707,115148.807903,-162276.877531,47128.072707,115148.807903
0.14190,1,131142.476963,-6464.614671,-124677.866099,131142.476963,-6464.614671,-124677.866099
0.14200,1,66649.152804,-88200.057252,21550.907082,66649.152804,-88200.057252,21550.907082
0.14210,1,-242172.657428,155274.600109,86898.060371,-242172.657428,155274.600109,86898.060371
0.14220,1,214392.493031,-117662.429327,-96730.067818,214392.493031,-117662.429327,-96730.067818
0.14230,1,-4872.215074,-15942.720811,20814.939116,-4872.215074,-15942.720811,20814.939116
0.14240,1,-194015.723957,145599.680204,48416.043696,-194015.723957,145599.680204,48416.043696
0.14250,1,188222.561511,-164459.018332,-23763.541931,188222.561511,-164459.018332,-23763.541931
0.14260,1,20625.992272,48797.827971,-69423.820738,20625.992272,48797.827971,-69423.820738
0.14270,1,-238767.160894,98728.732585,140038.427697,-238767.160894,98728.732585,140038.427697
0.14280,1,237432.223620,-132959.705316,-104472.514021,237432.223620,-132959.705316,-104472.514021
0.14290,1,10152.281948,8851.999814,-19004.284920,10152.281948,8851.999814,-19004.284920
0.14300,1,-293546.776523,155466.959307,138079.819037,-293546.776523,155466.959307,138079.819037
0.14310,1,343286.896872,-193139.593601,-150147.302481,343286.896872,-193139.593601,-150147.302481
0.14320,1,-106282.747906,46332.258559,59950.489176,-106282.747906,46332.258559,59950.489176
0.14330,1,-193885.732071,156713.457088,37172.277473,-193885.732071,156713.457088,37172.277473
0.14340,1,254162.970705,-220205.251711,-33957.722478,254162.970705,-220205.251711,-33957.722478
0.14350,1,12734.717045,69878.998142,-82613.711047,12734.717045,69878.998142,-82613.711047
0.14360,1,-369654.866286,149971.884052,219682.982647,-369654.866286,149971.884052,219682.982647
0.14370,1,461746.408803,-218788.806851,-242957.604396,461746.408803,-218788.806851,-242957.604396
0.14380,1,-169489.850556,51449.588176,118040.265435,-169489.850556,51449.588176,118040.265435
0.14390,1,-255395.732234,195582.555299,59813.176728,-255395.732234,195582.555299,59813.176728
0.14400,1,415043.096579,-273817.634792,-141225.460374,415043.096579,-273817.634792,-141225.460374
0.14410,1,-157488.131195,86418.721084,71069.408358,-157488.131195,86418.721084,71069.408358
0.14420,1,-255054.859447,198517.290414,56537.570778,-255054.859447,198517.290414,56537.570778
0.14430,1,391696.137617,-296679.716130,-95016.418686,391696.137617,-296679.716130,-95016.418686
0.14440,1,-77496.725085,92663.859137,-15167.137905,-77496.725085,92663.859137,-15167.137905
0.14450,1,-410697.218987,223721.836880,186975.385449,-410697.218987,223721.836880,186975.385449
0.14460,1,598575.946514,-348022.580976,-250553.365176,598575.946514,-348022.580976,-250553.365176
0.14470,1,-285385.158899,153704.162708,131680.995759,-285385.158899,153704.162708,131680.995759
0.14480,1,-241861.043019,171983.565326,69877.479450,-241861.043019,171983.565326,69877.479450
0.14490,1,466166.478213,-300189.447060,-165977.033115,466166.478213,-300189.447060,-165977.033115
0.14500,1,-157473.155081,93455.499932,64017.659063,-157473.155081,93455.499932,64017.659063
0.14510,1,-384082.377032,247782.312219,136300.063440,-384082.377032,247782.312219,136300.063440
0.14520,1,599964.277234,-374649.092790,-225315.184955,599964.277234,-374649.092790,-225315.184955
0.14530,1,-231742.863697,137922.207677,93820.658742,-231742.863697,137922.207677,93820.658742
0.14540,1,-392436.114596,242387.071342,150049.042349,-392436.114596,242387.071342,150049.042349
0.14550,1,671728.297216,-397053.638541,-274674.656839,671728.297216,-397053.638541,-274674.656839
0.14560,1,-324236.928053,170828.680545,153408.245381,-324236.928053,170828.680545,153408.245381
0.14570,1,-318310.100177,213105.120398,105204.982727,-318310.100177,213105.120398,105204.982727
0.14580,1,615076.281056,-356110.318616,-258965.961027,615076.281056,-356110.318616,-258965.961027
0.14590,1,-253968.509086,89897.830765,164070.674470,-253968.509086,89897.830765,164070.674470
0.14600,1,-415337.015283,323498.454713,91838.565311,-415337.015283,323498.454713,91838.565311
0.14610,1,727965.084087,-472338.648532,-255626.436409,727965.084087,-472338.648532,-255626.436409
0.14620,1,-360843.037080,192318.225741,168524.811308,-360843.037080,192318.225741,168524.811308
0.14630,1,-364388.633825,277620.470466,86768.164413,-364388.633825,277620.470466,86768.164413
0.14640,1,719180.341199,-481464.170402,-237716.171281,719180.341199,-481464.170402,-237716.171281
0.14650,1,-324186.154289,212383.554803,111802.602759,-324186.154289,212383.554803,111802.602759
0.14660,1,-410070.587716,216766.669024,193303.915655,-410070.587716,216766.669024,193303.915655
0.14670,1,759493.547982,-398494.249519,-360999.296153,759493.547982,-398494.249519,-360999.296153
0.14680,1,-368072.025085,168411.345360,199660.680862,-368072.025085,168411.345360,199660.680862
0.14690,1,-344597.817090,226773.950056,117823.865966,-344597.817090,226773.950056,117823.865966
0.14700,1,723698.133743,-434032.614828,-289665.516621,723698.133743,-434032.614828,-289665.516621
0.14710,1,-429473.667555,273166.155776,156307.509554,-429473.667555,273166.155776,156307.509554
0.14720,1,-264186.032614,133709.781739,130476.254613,-264186.032614,133709.781739,130476.254613
0.14730,1,693762.404906,-415003.505077,-278758.900449,693762.404906,-415003.505077,-278758.900449
0.14740,1,-440521.579788,318014.393560,122507.184324,-440521.579788,318014.393560,122507.184324
0.14750,1,-275616.408435,60633.890513,214982.522210,-275616.408435,60633.890513,214982.522210
0.14760,1,788153.255561,-344284.586248,-443868.670824,788153.255561,-344284.586248,-443868.670824
0.14770,1,-617823.985143,255545.559058,362278.426732,-617823.985143,255545.559058,362278.426732
0.14780,1,-79482.062769,123594.035940,-44111.972953,-79482.062769,123594.035940,-44111.972953
0.14790,1,649357.579392,-438467.173135,-210890.405074,649357.579392,-438467.173135,-210890.405074
0.14800,1,-550648.422143,377504.011139,173144.412533,-550648.422143,377504.011139,173144.412533
0.14810,1,-120073.250233,19735.737046,100337.510306,-120073.250233,19735.737046,100337.510306
0.14820,1,707015.815825,-384645.518274,-322370.293737,707015.815825,-384645.518274,-322370.293737
0.14830,1,-624109.470899,368151.621678,255957.849056,-624109.470899,368151.621678,255957.849056
0.14840,1,-78147.882944,19855.478127,58292.403686,-78147.882944,19855.478127,58292.403686
0.14850,1,748801.784720,-403520.960441,-345280.821554,748801.784720,-403520.960441,-345280.821554
0.14860,1,-757723.538185,417663.242375,340060.293958,-757723.538185,417663.242375,340060.293958
0.14870,1,97756.030174,-46658.568070,-51097.458785,97756.030174,-46658.568070,-51097.458785
0.14880,1,597100.394337,-366150.453923,-230949.942000,597100.394337,-366150.453923,-230949.942000
0.14890,1,-650355.189660,419338.116985,231017.072708,-650355.189660,419338.116985,231017.072708
0.14900,1,5934.832936,-57053.475566,51118.645889,5934.832936,-57053.475566,51118.645889
0.14910,1,686429.141852,-358620.246934,-327808.897052,686429.141852,-358620.246934,-327808.897052
0.14920,1,-755282.563248,431670.726998,323611.838094,-755282.563248,431670.726998,323611.838094
0.14930,1,123267.493425,-92634.337721,-30633.156358,123267.493425,-92634.337721,-30633.156358
0.14940,1,646604.964945,-350430.090699,-296174.872119,646604.964945,-350430.090699,-296174.872119
0.14950,1,-811960.160320,463243.445246,348716.715336,-811960.160320,463243.445246,348716.715336
0.14960,1,207620.489932,-133784.910883,-73835.581348,207620.489932,-133784.910883,-73835.581348
0.14970,1,583343.674839,-311659.205083,-271684.464996,583343.674839,-311659.205083,-271684.464996
0.14980,1,-782553.746715,421024.987595,361528.757347,-782553.746715,421024.987595,361528.757347
0.14990,1,183198.143799,-69149.818178,-114048.325916,183198.143799,-69149.818178,-114048.325916
0.15000,1,640252.546729,-419383.576247,-220868.967872,640252.546729,-419383.576247,-220868.967872
0.15010,1,-871074.506144,546793.177103,324281.327625,-871074.506144,546793.177103,324281.327625
0.15020,1,261540.375202,-157981.476337,-103558.896138,261540.375202,-157981.476337,-103558.896138
0.15030,1,618985.830752,-398774.290324,-220211.542714,618985.830752,-398774.290324,-220211.542714
0.15040,1,-899745.931250,569568.810355,330177.123256,-899745.931250,569568.810355,330177.123256
0.15050,1,284533.977283,-170142.027364,-114391.948858,284533.977283,-170142.027364,-114391.948858
0.15060,1,645427.446827,-388623.247997,-256804.200566,645427.446827,-388623.247997,-256804.200566
0.15070,1,-968144.813808,549734.817684,418409.998931,-968144.813808,549734.817684,418409.998931
0.15080,1,93415.304324,-119896.691688,-21813.152507,93415.304324,-119896.691688,-21813.152507
0.15090,1,140620.871353,-272278.049937,3066.792443,140620.871353,-272278.049937,3066.792443
0.15100,1,-225778.531712,69987.785267,15215.579212,-225778.531712,69987.785267,15215.579212
0.15110,1,57626.304683,203544.911189,-78499.821082,57626.304683,203544.911189,-78499.821082
0.15120,1,194731.795538,38141.198310,69240.554794,194731.795538,38141.198310,69240.554794
0.15130,1,-190044.291583,-180131.872928,93463.958041,-190044.291583,-180131.872928,93463.958041
0.15140,1,-55697.765827,-100005.080542,-227898.308339,-55697.765827,-100005.080542,-227898.308339
0.15150,1,149698.372779,246023.012496,47459.920641,149698.372779,246023.012496,47459.920641
0.15160,1,-3911.073394,121809.606016,269969.560823,-3911.073394,121809.606016,269969.560823
0.15170,1,-60817.696454,-249700.885655,-245542.043998,-60817.696454,-249700.885655,-245542.043998
0.15180,1,-61256.243698,-86540.007658,-136006.434625,-61256.243698,-86540.007658,-136006.434625
0.15190,1,65208.499983,252704.414545,314781.698833,65208.499983,252704.414545,314781.698833
0.15200,1,123637.726786,104991.685385,-50632.598083,123637.726786,104991.685385,-50632.598083
0.15210,1,-155492.819524,-225582.369423,-234784.944779,-155492.819524,-225582.369423,-234784.944779
0.15220,1,-102030.025683,-86728.819458,164177.246017,-102030.025683,-86728.819458,164177.246017
0.15230,1,246950.192976,255956.861159,54593.766813,246950.192976,255956.861159,54593.766813
0.15240,1,-31548.816847,59734.012148,-99412.113594,-31548.816847,59734.012148,-99412.113594
0.15250,1,-231077.813920,-194153.848765,27813.792214,-231077.813920,-194153.848765,27813.792214
0.15260,1,172038.359513,-9849.270534,-33952.005467,172038.359513,-9849.270534,-33952.005467
0.15270,1,87017.748394,128447.331740,50968.751803,87017.748394,128447.331740,50968.751803
0.15280,1,-198195.608493,75630.203665,33106.914662,-198195.608493,75630.203665,33106.914662
0.15290,1,73778.317072,-81587.512604,-121998.465215,73778.317072,-81587.512604,-121998.465215
0.15300,1,97167.864301,-103419.268537,68172.798548,97167.864301,-103419.268537,68172.798548
0.15310,1,-147097.708040,131307.685869,69601.155143,-147097.708040,131307.685869,69601.155143
0.15320,1,49514.901877,97700.082809,-132776.799096,49514.901877,97700.082809,-132776.799096
0.15330,1,90067.387458,-101386.958806,48377.240299,90067.387458,-101386.958806,48377.240299
0.15340,1,-129563.649501,-40319.627439,110604.446712,-129563.649501,-40319.627439,110604.446712
0.15350,1,36935.429070,53940.426940,-178565.230746,36935.429070,53940.426940,-178565.230746
0.15360,1,50883.085447,73948.277715,40840.418140,50883.085447,73948.277715,40840.418140
0.15370,1,-45534.112981,25146.474717,170454.125573,-45534.112981,25146.474717,170454.125573
0.15380,1,27336.234251,-129283.438043,-176693.663498,27336.234251,-129283.438043,-176693.663498
0.15390,1,-49838.548340,16284.969920,-58593.773800,-49838.548340,16284.969920,-58593.773800
0.15400,1,5703.981402,169657.929327,215939.645558,5703.981402,169657.929327,215939.645558
0.15410,1,122596.119221,-36366.060959,-80054.533750,122596.119221,-36366.060959,-80054.533750
0.15420,1,-129588.118858,-122873.286686,-138531.110707,-129588.118858,-122873.286686,-138531.110707
0.15430,1,-77950.367103,37484.635262,143394.643063,-77950.367103,37484.635262,143394.643063
0.15440,1,231373.607245,142311.351992,5390.321860,231373.607245,142311.351992,5390.321860
0.15450,1,-84579.631748,-20422.329258,-67906.598122,-84579.631748,-20422.329258,-67906.598122
0.15460,1,-177193.473950,-140653.012139,28745.780259,-177193.473950,-140653.012139,28745.780259
0.15470,1,196477.443684,74942.510573,-29297.545602,196477.443684,74942.510573,-29297.545602
0.15480,1,22121.666201,108545.682679,54043.160592,22121.666201,108545.682679,54043.160592
0.15490,1,-162122.664414,-57841.301307,8855.010033,-162122.664414,-57841.301307,8855.010033
0.15500,1,79198.327234,-43966.165299,-107140.402468,79198.327234,-43966.165299,-107140.402468
0.15510,1,69066.854815,16389.364562,72358.618474,69066.854815,16389.364562,72358.618474
0.15520,1,-112510.868882,59281.645380,88538.810278,-112510.868882,59281.645380,88538.810278
0.15530,1,52033.652992,33302.755944,-169826.895262,52033.652992,33302.755944,-169826.895262
0.15540,1,27397.492703,-92529.354600,59576.384318,27397.492703,-92529.354600,59576.384318
0.15550,1,-63448.633402,10552.023973,113325.911029,-63448.633402,10552.023973,113325.911029
0.15560,1,50840.478598,88985.983428,-161599.286757,50840.478598,88985.983428,-161599.286757
0.15570,1,-7318.139519,-30488.396042,39938.209906,-7318.139519,-30488.396042,39938.209906
0.15580,1,-40610.888548,-18059.520804,120511.528393,-40610.888548,-18059.520804,120511.528393
0.15590,1,65750.053111,-2707.552955,-137558.717795,65750.053111,-2707.552955,-137558.717795
0.15600,1,-40610.111233,3461.501832,-6515.451408,-40610.111233,3461.501832,-6515.451408
0.15610,1,-47896.576126,65883.364900,132781.078138,-47896.576126,65883.364900,132781.078138
0.15620,1,142199.442608,-33824.533978,-92012.575393,142199.442608,-33824.533978,-92012.575393
0.15630,1,-123354.804534,-57063.258974,-30206.342684,-123354.804534,-57063.258974,-30206.342684
0.15640,1,-52021.255936,46210.844116,81024.917833,-52021.255936,46210.844116,81024.917833
0.15650,1,206693.775028,55491.477111,-43182.391655,206693.775028,55491.477111,-43182.391655
0.15660,1,-122403.127256,-43577.300676,3154.509830,-122403.127256,-43577.300676,3154.509830
0.15670,1,-102954.270989,-61108.262144,12897.606824,-102954.270989,-61108.262144,12897.606824
0.15680,1,188521.310968,57927.728224,-50193.887433,188521.310968,57927.728224,-50193.887433
0.15690,1,-45656.530568,62180.658468,74938.979654,-45656.530568,62180.658468,74938.979654
0.15700,1,-121217.286446,-86495.691780,-1005.589293,-121217.286446,-86495.691780,-1005.589293
0.15710,1,131466.697605,-17876.834809,-120489.803576,131466.697605,-17876.834809,-120489.803576
0.15720,1,-24804.890948,70527.405426,121195.270762,-24804.890948,70527.405426,121195.270762
0.15730,1,-62354.042176,-29914.343142,37663.804184,-62354.042176,-29914.343142,37663.804184
0.15740,1,84285.117742,5965.994328,-171623.572643,84285.117742,5965.994328,-171623.572643
0.15750,1,-55973.916778,-26319.446845,116803.626120,-55973.916778,-26319.446845,116803.626120
0.15760,1,6305.208099,-1192.273933,10167.157964,6305.208099,-1192.273933,10167.157964
0.15770,1,30920.373779,20795.719256,-62618.542861,30920.373779,20795.719256,-62618.542861
0.15780,1,-6655.927922,-18490.890666,4164.955598,-6655.927922,-18490.890666,4164.955598
0.15790,1,-40629.611054,-22979.765975,57330.154641,-40629.611054,-22979.765975,57330.154641
0.15800,1,-7104.773961,9561.303573,-5248.341867,-7104.773961,9561.303573,-5248.341867
0.15810,1,32902.906943,3157.887310,-38092.259788,32902.906943,3157.887310,-38092.259788
0.15820,1,-5650.938531,-3257.291689,19562.421345,-5650.938531,-3257.291689,19562.421345
0.15830,1,-37355.350424,-8090.335406,61804.616599,-37355.350424,-8090.335406,61804.616599
0.15840,1,13247.063147,-6417.790659,-13439.036792,13247.063147,-6417.790659,-13439.036792
0.15850,1,22014.687145,11745.615364,-51631.549904,22014.687145,11745.615364,-51631.549904
0.15860,1,-27033.719728,-13140.301410,48790.775466,-27033.719728,-13140.301410,48790.775466
0.15870,1,-21789.320394,-22255.433315,45954.823757,-21789.320394,-22255.433315,45954.823757
0.15880,1,15991.219884,15425.295744,-44506.184923,15991.219884,15425.295744,-44506.184923
0.15890,1,18498.726806,558.809469,-6249.500632,18498.726806,558.809469,-6249.500632
0.15900,1,-22562.461262,-15824.210224,48355.160887,-22562.461262,-15824.210224,48355.160887
0.15910,1,-26320.227045,-6584.180460,18871.902548,-26320.227045,-6584.180460,18871.902548
0.15920,1,31084.513216,-4608.072468,-29785.664418,31084.513216,-4608.072468,-29785.664418
0.15930,1,11097.668048,8182.107882,-8126.025902,11097.668048,8182.107882,-8126.025902
0.15940,1,-42899.860836,-16951.093412,53027.255930,-42899.860836,-16951.093412,53027.255930
0.15950,1,4083.152426,-20953.934997,9783.001020,4083.152426,-20953.934997,9783.001020
0.15960,1,33160.257732,22611.936793,-41359.979457,33160.257732,22611.936793,-41359.979457
0.15970,1,-13408.491912,-10440.414924,21742.829249,-13408.491912,-10440.414924,21742.829249
0.15980,1,-25586.891178,-27833.652410,43416.496436,-25586.891178,-27833.652410,43416.496436
0.15990,1,9610.781317,9067.404603,-10962.904774,9610.781317,9067.404603,-10962.904774
0.16000,1,26131.985558,-2161.208064,-23267.795627,26131.985558,-2161.208064,-23267.795627
0.16010,1,-15328.979838,-12785.272949,21337.518559,-15328.979838,-12785.272949,21337.518559
0.16020,1,-26757.512987,-9480.490271,40077.241149,-26757.512987,-9480.490271,40077.241149
0.16030,1,26890.634378,-9203.005149,-14455.976957,26890.634378,-9203.005149,-14455.976957
0.16040,1,18263.898916,7185.510621,-29361.633412,18263.898916,7185.510621,-29361.633412
0.16050,1,-29296.902652,-13901.322298,43405.241720,-29296.902652,-13901.322298,43405.241720
0.16060,1,-4323.836679,-20852.907694,26991.010636,-4323.836679,-20852.907694,26991.010636
0.16070,1,24362.371419,9038.412291,-35105.981676,24362.371419,9038.412291,-35105.981676
0.16080,1,6993.129155,-6819.360144,-332.794483,6993.129155,-6819.360144,-332.794483
0.16090,1,-19450.083243,-16713.349813,37679.748248,-19450.083243,-16713.349813,37679.748248
0.16100,1,-6360.103513,-6217.164417,11053.029237,-6360.103513,-6217.164417,11053.029237
0.16110,1,33488.763181,-5683.116319,-26652.035171,33488.763181,-5683.116319,-26652.035171
0.16120,1,663.919952,545.926498,-571.998868,663.919952,545.926498,-571.998868
0.16130,1,-27895.832292,-14976.590022,39450.366332,-27895.832292,-14976.590022,39450.366332
0.16140,1,17613.834582,-12534.254707,-1584.647615,17613.834582,-12534.254707,-1584.647615
0.16150,1,23569.467477,8118.005665,-31707.652485,23569.467477,8118.005665,-31707.652485
0.16160,1,-10952.404120,-16046.259178,23122.773859,-10952.404120,-16046.259178,23122.773859
0.16170,1,-11417.327495,-15722.886827,31101.932484,-11417.327495,-15722.886827,31101.932484
0.16180,1,14329.463928,3403.141576,-17593.965145,14329.463928,3403.141576,-17593.965145
0.16190,1,22930.543355,-10562.074691,-15803.618679,22930.543355,-10562.074691,-15803.618679
0.16200,1,-11151.843917,-8799.300925,21870.969099,-11151.843917,-8799.300925,21870.969099
0.16210,1,-14712.336568,-8986.104746,25536.668678,-14712.336568,-8986.104746,25536.668678
0.16220,1,29778.023772,-10703.830732,-21752.578175,29778.023772,-10703.830732,-21752.578175
0.16230,1,12991.570865,3297.166418,-17037.328510,12991.570865,3297.166418,-17037.328510
0.16240,1,-18513.331922,-15034.221145,37673.844804,-18513.331922,-15034.221145,37673.844804
0.16250,1,4472.669613,-15551.295689,8230.468366,4472.669613,-15551.295689,8230.468366
0.16260,1,21356.277395,6879.685471,-30236.108483,21356.277395,6879.685471,-30236.108483
0.16270,1,11049.525535,-11955.687088,5921.936277,11049.525535,-11955.687088,5921.936277
0.16280,1,-13861.647018,-13644.688809,24275.768418,-13861.647018,-13644.688809,24275.768418
0.16290,1,542.507869,-2916.189990,1368.421697,542.507869,-2916.189990,1368.421697
0.16300,1,33266.000117,-6715.471030,-23400.423408,33266.000117,-6715.471030,-23400.423408
0.16310,1,-223.667306,-2689.973820,1185.150173,-223.667306,-2689.973820,1185.150173
0.16320,1,-19182.295522,-13458.431404,31960.608732,-19182.295522,-13458.431404,31960.608732
0.16330,1,21534.267738,-10295.350888,-10109.542507,21534.267738,-10295.350888,-10109.542507
0.16340,1,21358.754355,8080.485025,-29070.208830,21358.754355,8080.485025,-29070.208830
0.16350,1,-6283.315163,-16724.084614,21385.488129,-6283.315163,-16724.084614,21385.488129
0.16360,1,-3609.301923,-13001.085772,17619.711384,-3609.301923,-13001.085772,17619.711384
0.16370,1,15723.553143,5514.222599,-20425.609138,15723.553143,5514.222599,-20425.609138
0.16380,1,21926.642979,-10890.319105,-12977.877454,21926.642979,-10890.319105,-12977.877454
0.16390,1,-6374.620410,-6656.406370,14284.726834,-6374.620410,-6656.406370,14284.726834
0.16400,1,-7645.138391,-7531.625596,15814.369919,-7645.138391,-7531.625596,15814.369919
0.16410,1,29630.152512,-7759.547111,-23954.229851,29630.152512,-7759.547111,-23954.229851
0.16420,1,12215.802877,4626.651293,-15070.565844,12215.802877,4626.651293,-15070.565844
0.16430,1,-13127.579388,-14277.996959,27498.540950,-13127.579388,-14277.996959,27498.540950
0.16440,1,9514.907965,-11330.363616,-127.532982,9514.907965,-11330.363616,-127.532982
0.16450,1,21638.180560,8830.565147,-28261.816170,21638.180560,8830.565147,-28261.816170
0.16460,1,9046.691291,-10551.938212,688.595719,9046.691291,-10551.938212,688.595719
0.16470,1,-8788.629329,-10320.408131,18362.519671,-8788.629329,-10320.408131,18362.519671
0.16480,1,7504.484493,75.560593,-6556.890463,7504.484493,75.560593,-6556.890463
0.16490,1,28388.322115,-4984.723927,-23598.550521,28388.322115,-4984.723927,-23598.550521
0.16500,1,187.365405,-441.798634,-7.536059,187.365405,-441.798634,-7.536059
0.16510,1,-12240.317761,-18156.256751,29861.064130,-12240.317761,-18156.256751,29861.064130
0.16520,1,20339.300193,-8224.261271,-10451.157604,20339.300193,-8224.261271,-10451.157604
0.16530,1,20389.656444,14559.513610,-36403.082584,20389.656444,14559.513610,-36403.082584
0.16540,1,-1805.595693,-10485.098663,11868.008599,-1805.595693,-10485.098663,11868.008599
0.16550,1,-2006.735579,-15372.703352,19721.406292,-2006.735579,-15372.703352,19721.406292
0.16560,1,14647.598909,5596.792699,-22688.380761,14647.598909,5596.792699,-22688.380761
0.16570,1,23262.386374,1913.101487,-24531.176866,23262.386374,1913.101487,-24531.176866
0.16580,1,-5384.174597,-5686.861281,12392.187836,-5384.174597,-5686.861281,12392.187836
0.16590,1,-4793.422532,-10532.760616,13521.027650,-4793.422532,-10532.760616,13521.027650
0.16600,1,27602.205128,57.940489,-26808.983591,27602.205128,57.940489,-26808.983591
0.16610,1,12049.610308,11109.716404,-22978.947458,12049.610308,11109.716404,-22978.947458
0.16620,1,-9074.254052,-12411.429739,21180.843659,-9074.254052,-12411.429739,21180.843659
0.16630,1,5650.708551,-9730.454694,3952.159027,5650.708551,-9730.454694,3952.159027
0.16640,1,24215.115501,12386.043343,-36480.915576,24215.115501,12386.043343,-36480.915576
0.16650,1,7623.426582,372.315104,-7365.570996,7623.426582,372.315104,-7365.570996
0.16660,1,-10277.433340,-10501.023326,19432.837486,-10277.433340,-10501.023326,19432.837486
0.16670,1,12336.044680,56.175109,-11321.827642,12336.044680,56.175109,-11321.827642
0.16680,1,23269.730684,5625.251670,-28675.178807,23269.730684,5625.251670,-28675.178807
0.16690,1,-1927.033260,3702.840759,-3291.317169,-1927.033260,3702.840759,-3291.317169
0.16700,1,-5680.981624,-8653.800848,16066.180064,-5680.981624,-8653.800848,16066.180064
0.16710,1,16502.027097,-1417.020625,-15807.084727,16502.027097,-1417.020625,-15807.084727
0.16720,1,16880.753232,12407.604547,-29916.363687,16880.753232,12407.604547,-29916.363687
0.16730,1,-3641.117450,-1821.794510,6725.619150,-3641.117450,-1821.794510,6725.619150
0.16740,1,-5045.091389,-7133.426938,11294.559283,-5045.091389,-7133.426938,11294.559283
0.16750,1,21112.103942,6554.676886,-27584.339906,21112.103942,6554.676886,-27584.339906
0.16760,1,13006.754009,8508.422270,-21136.929254,13006.754009,8508.422270,-21136.929254
0.16770,1,-12742.337661,-2082.486540,14498.478940,-12742.337661,-2082.486540,14498.478940
0.16780,1,6142.409780,-4521.191054,-1409.515311,6142.409780,-4521.191054,-1409.515311
0.16790,1,18142.133655,8678.327574,-27247.414575,18142.133655,8678.327574,-27247.414575
0.16800,1,4253.195552,9406.626860,-12911.820843,4253.195552,9406.626860,-12911.820843
0.16810,1,-6416.467891,-5774.319974,11629.957339,-6416.467891,-5774.319974,11629.957339
0.16820,1,3300.622926,274.104792,-3926.930142,3300.622926,274.104792,-3926.930142
0.16830,1,19901.291222,13507.198298,-32011.393756,19901.291222,13507.198298,-32011.393756
0.16840,1,445.169384,4354.928693,-6452.060795,445.169384,4354.928693,-6452.060795
0.16850,1,-13329.016841,-1684.045085,15803.434448,-13329.016841,-1684.045085,15803.434448
0.16860,1,15197.039146,844.975468,-15480.308040,15197.039146,844.975468,-15480.308040
0.16870,1,14473.581487,13000.524618,-28882.251798,14473.581487,13000.524618,-28882.251798
0.16880,1,-9960.409731,6685.418370,4568.642964,-9960.409731,6685.418370,4568.642964
0.16890,1,-1280.906811,-6619.348790,7311.898091,-1280.906811,-6619.348790,7311.898091
0.16900,1,10832.134431,8657.313274,-19532.784132,10832.134431,8657.313274,-19532.784132
0.16910,1,8351.466592,13665.265344,-21679.550856,8351.466592,13665.265344,-21679.550856
0.16920,1,-4536.534056,-576.268606,4594.207928,-4536.534056,-576.268606,4594.207928
0.16930,1,-8290.924076,1642.408630,7465.709799,-8290.924076,1642.408630,7465.709799
0.16940,1,16267.257400,8709.078050,-26022.747518,16267.257400,8709.078050,-26022.747518
0.16950,1,7398.124440,10895.150231,-17507.808981,7398.124440,10895.150231,-17507.808981
0.16960,1,-17156.644474,3551.570109,13681.782112,-17156.644474,3551.570109,13681.782112
0.16970,1,5827.642699,-2283.564245,-4608.278565,5827.642699,-2283.564245,-4608.278565
0.16980,1,11417.365082,15079.395122,-25023.685861,11417.365082,15079.395122,-25023.685861
0.16990,1,-4112.141465,11870.786845,-8756.277566,-4112.141465,11870.786845,-8756.277566
0.17000,1,-6471.841583,-5131.998527,11617.535579,-6471.841583,-5131.998527,11617.535579
0.17010,1,783.803825,8749.269650,-8761.518173,783.803825,8749.269650,-8761.518173
0.17020,1,10250.859060,13369.190637,-24534.585547,10250.859060,13369.190637,-24534.585547
0.17030,1,-2434.260133,5275.154801,-2313.127011,-2434.260133,5275.154801,-2313.127011
0.17040,1,-15074.103347,3925.412025,11117.710087,-15074.103347,3925.412025,11117.710087
0.17050,1,9398.881422,4744.356242,-14428.527861,9398.881422,4744.356242,-14428.527861
0.17060,1,8153.999478,14288.721171,-21997.658687,8153.999478,14288.721171,-21997.658687
0.17070,1,-14860.035894,8685.680884,5604.052848,-14860.035894,8685.680884,5604.052848
0.17080,1,-1918.142589,-2943.342966,5471.332557,-1918.142589,-2943.342966,5471.332557
0.17090,1,4121.793695,12085.554863,-16554.384271,4121.793695,12085.554863,-16554.384271
0.17100,1,2202.340662,15030.730550,-17520.085909,2202.340662,15030.730550,-17520.085909
0.17110,1,-7213.363082,215.473515,7992.532225,-7213.363082,215.473515,7992.532225
0.17120,1,-10931.668837,6172.410901,3494.096891,-10931.668837,6172.410901,3494.096891
0.17130,1,9166.538290,10556.051214,-18900.248835,9166.538290,10556.051214,-18900.248835
0.17140,1,-964.569505,12256.501231,-11191.501395,-964.569505,12256.501231,-11191.501395
0.17150,1,-15299.025020,4846.476624,9531.904926,-15299.025020,4846.476624,9531.904926
0.17160,1,449.342498,540.041758,190.088686,449.342498,540.041758,190.088686
0.17170,1,1408.637913,14840.297059,-17100.518033,1408.637913,14840.297059,-17100.518033
0.17180,1,-7390.185365,13290.677958,-5639.568426,-7390.185365,13290.677958,-5639.568426
0.17190,1,-6832.850385,-2829.011272,9931.088916,-6832.850385,-2829.011272,9931.088916
0.17200,1,-5187.024180,8959.640341,-4396.181160,-5187.024180,8959.640341,-4396.181160
0.17210,1,3829.539740,13869.297424,-16875.768412,3829.539740,13869.297424,-16875.768412
0.17220,1,-7731.878692,6692.561232,214.863608,-7731.878692,6692.561232,214.863608
0.17230,1,-14949.269128,4937.199142,10521.850775,-14949.269128,4937.199142,10521.850775
0.17240,1,5731.296875,4236.566968,-9838.428250,5731.296875,4236.566968,-9838.428250
0.17250,1,-3092.236590,15049.376774,-12782.503434,-3092.236590,15049.376774,-12782.503434
0.17260,1,-13848.107314,8577.552290,6426.370519,-13848.107314,8577.552290,6426.370519
0.17270,1,-4447.150321,-2049.625391,5634.468696,-4447.150321,-2049.625391,5634.468696
0.17280,1,-2661.481571,11439.043073,-8684.051376,-2661.481571,11439.043073,-8684.051376
0.17290,1,-2170.918902,13162.080106,-10295.909756,-2170.918902,13162.080106,-10295.909756
0.17300,1,-11813.768938,1604.323342,9137.733797,-11813.768938,1604.323342,9137.733797
0.17310,1,-11500.867977,6418.996319,5998.035647,-11500.867977,6418.996319,5998.035647
0.17320,1,5416.832614,8052.624559,-13883.517628,5416.832614,8052.624559,-13883.517628
0.17330,1,-7575.384348,10703.662463,-3279.565304,-7575.384348,10703.662463,-3279.565304
0.17340,1,-17362.052328,6029.833925,11931.974445,-17362.052328,6029.833925,11931.974445
0.17350,1,-943.390581,-618.329464,703.026373,-943.390581,-618.329464,703.026373
0.17360,1,3496.847338,11292.668195,-13912.220889,3496.847338,11292.668195,-13912.220889
0.17370,1,-9341.101461,7951.824388,797.885885,-9341.101461,7951.824388,797.885885
0.17380,1,-13291.877385,1687.501071,11636.864571,-13291.877385,1687.501071,11636.864571
0.17390,1,-8668.446716,8248.277418,1005.300472,-8668.446716,8248.277418,1005.300472
0.17400,1,3947.194124,7607.741240,-12479.961652,3947.194124,7607.741240,-12479.961652
0.17410,1,-10083.866400,5601.049260,5248.287673,-10083.866400,5601.049260,5248.287673
0.17420,1,-19458.537627,5415.144402,13860.607902,-19458.537627,5415.144402,13860.607902
0.17430,1,2147.849691,3306.694281,-5925.421135,2147.849691,3306.694281,-5925.421135
0.17440,1,-2583.502779,10204.107066,-6801.752204,-2583.502779,10204.107066,-6801.752204
0.17450,1,-15023.591080,5428.579337,8895.703266,-15023.591080,5428.579337,8895.703266
0.17460,1,-10825.023492,-294.195238,11352.120830,-10825.023492,-294.195238,11352.120830
0.17470,1,-2774.349877,9564.598233,-6465.325093,-2774.349877,9564.598233,-6465.325093
0.17480,1,-2331.929058,5498.914947,-3917.628599,-2331.929058,5498.914947,-3917.628599
0.17490,1,-14810.403234,2550.740721,13188.921269,-14810.403234,2550.740721,13188.921269
0.17500,1,-13756.145156,4603.945798,8341.811753,-13756.145156,4603.945798,8341.811753
0.17510,1,3591.127379,4185.714268,-7384.765776,3591.127379,4185.714268,-7384.765776
0.17520,1,-6658.332309,6775.486753,125.920501,-6658.332309,6775.486753,125.920501
0.17530,1,-19805.016138,2384.619172,16549.123448,-19805.016138,2384.619172,16549.123448
0.17540,1,-3178.603808,-273.137109,4649.343054,-3178.603808,-273.137109,4649.343054
0.17550,1,-2762.705396,9786.949445,-8046.272495,-2762.705396,9786.949445,-8046.272495
0.17560,1,-9763.487299,3604.835614,6563.936530,-9763.487299,3604.835614,6563.936530
0.17570,1,-12584.494231,-2699.072214,15632.555527,-12584.494231,-2699.072214,15632.555527
0.17580,1,-9223.772657,5699.144813,2654.718931,-9223.772657,5699.144813,2654.718931
0.17590,1,2934.027495,4034.388394,-6021.012093,2934.027495,4034.388394,-6021.012093
0.17600,1,-13455.122546,2881.294318,9959.582064,-13455.122546,2881.294318,9959.582064
0.17610,1,-15341.161226,-274.335985,15695.920114,-15341.161226,-274.335985,15695.920114
0.17620,1,1235.868883,-988.087016,171.873814,1235.868883,-988.087016,171.873814
0.17630,1,-7732.441013,10426.133248,-3406.197306,-7732.441013,10426.133248,-3406.197306
0.17640,1,-14157.850981,272.146019,14597.602469,-14157.850981,272.146019,14597.602469
0.17650,1,-6511.968158,-7349.837319,13456.167953,-6511.968158,-7349.837319,13456.167953
0.17660,1,-3542.402345,6558.320650,-3130.780046,-3542.402345,6558.320650,-3130.780046
0.17670,1,-5817.357452,3549.930383,2916.857217,-5817.357452,3549.930383,2916.857217
0.17680,1,-12808.374987,-3575.497321,15446.074146,-12808.374987,-3575.497321,15446.074146
0.17690,1,-9381.732930,-505.389789,10692.587504,-9381.732930,-505.389789,10692.587504
0.17700,1,3626.887330,-1317.770975,-2590.616150,3626.887330,-1317.770975,-2590.616150
0.17710,1,-11648.619556,5593.359697,5669.946842,-11648.619556,5593.359697,5669.946842
0.17720,1,-14902.539280,-3292.777949,19067.563410,-14902.539280,-3292.777949,19067.563410
0.17730,1,2345.152760,-8466.565335,5162.098533,2345.152760,-8466.565335,5162.098533
0.17740,1,-4828.035487,7580.515537,-2109.207418,-4828.035487,7580.515537,-2109.207418
0.17750,1,-9869.132369,-1051.555489,10824.211411,-9869.132369,-1051.555489,10824.211411
0.17760,1,-9342.461518,-8624.193001,17526.738683,-9342.461518,-8624.193001,17526.738683
0.17770,1,-2266.556794,787.793817,2250.136959,-2266.556794,787.793817,2250.136959
0.17780,1,98.511395,-1520.888726,632.440456,98.511395,-1520.888726,632.440456
0.17790,1,-13540.822567,-1358.718113,15394.256806,-13540.822567,-1358.718113,15394.256806
0.17800,1,-8596.042452,-5139.185433,13747.614273,-8596.042452,-5139.185433,13747.614273
0.17810,1,6132.980212,-6869.638644,209.078063,6132.980212,-6869.638644,209.078063
0.17820,1,-7283.374452,4815.461964,3283.394292,-7283.374452,4815.461964,3283.394292
0.17830,1,-12801.198960,-5617.157277,17704.318852,-12801.198960,-5617.157277,17704.318852
0.17840,1,469.007018,-10552.476959,10331.691081,469.007018,-10552.476959,10331.691081
0.17850,1,193.772413,2110.698011,-1936.082595,193.772413,2110.698011,-1936.082595
0.17860,1,-6354.074590,-3927.756227,9448.982537,-6354.074590,-3927.756227,9448.982537
0.17870,1,-8405.025153,-6947.214769,16276.727065,-8405.025153,-6947.214769,16276.727065
0.17880,1,-2461.543576,-4615.152168,6470.709772,-2461.543576,-4615.152168,6470.709772
0.17890,1,6794.036003,-5896.200358,-868.065636,6794.036003,-5896.200358,-868.065636
0.17900,1,-11577.138904,-696.744105,12837.609323,-11577.138904,-696.744105,12837.609323
0.17910,1,-7319.216767,-8007.150320,14379.386173,-7319.216767,-8007.150320,14379.386173
0.17920,1,7451.424787,-9658.072907,3195.040562,7451.424787,-9658.072907,3195.040562
0.17930,1,-2961.503458,992.565652,1295.364136,-2961.503458,992.565652,1295.364136
0.17940,1,-6679.531296,-7750.237047,14546.751813,-6679.531296,-7750.237047,14546.751813
0.17950,1,-3191.199251,-9478.035665,13142.125153,-3191.199251,-9478.035665,13142.125153
0.17960,1,3911.208918,-2741.389360,-2022.136667,3911.208918,-2741.389360,-2022.136667
0.17970,1,1750.150572,-8005.669874,7111.608427,1750.150572,-8005.669874,7111.608427
0.17980,1,-8613.260447,-5218.019482,13350.686990,-8613.260447,-5218.019482,13350.686990
0.17990,1,-1990.628975,-7761.292965,9660.377614,-1990.628975,-7761.292965,9660.377614
0.18000,1,10323.263355,-8651.591695,-1085.022409,10323.263355,-8651.591695,-1085.022409
0.18010,1,-4427.049905,-2829.092750,6483.682064,-4427.049905,-2829.092750,6483.682064
0.18020,1,-6429.464324,-8620.864715,15629.516933,-6429.464324,-8620.864715,15629.516933
0.18030,1,5740.253414,-10731.549489,4880.641909,5740.253414,-10731.549489,4880.641909
0.18040,1,2827.797881,-1869.984534,-1372.232445,2827.797881,-1869.984534,-1372.232445
0.18050,1,1331.223533,-10119.857929,9564.037689,1331.223533,-10119.857929,9564.037689
0.18060,1,-5551.640222,-8464.163035,13189.834561,-5551.640222,-8464.163035,13189.834561
0.18070,1,4489.388546,-5765.810695,1823.742269,4489.388546,-5765.810695,1823.742269
0.18080,1,9608.338697,-9611.481755,-39.954331,9608.338697,-9611.481755,-39.954331
0.18090,1,-6094.102980,-4455.025642,10065.191199,-6094.102980,-4455.025642,10065.191199
0.18100,1,-631.335374,-9856.641369,11299.546363,-631.335374,-9856.641369,11299.546363
0.18110,1,9198.181472,-10128.082515,145.358632,9198.181472,-10128.082515,145.358632
0.18120,1,3530.282890,-2295.602478,-830.335982,3530.282890,-2295.602478,-830.335982
0.18130,1,-2317.060661,-10346.628966,12829.195233,-2317.060661,-10346.628966,12829.195233
0.18140,1,3039.169482,-10835.075330,7133.025495,3039.169482,-10835.075330,7133.025495
0.18150,1,6939.477684,-3673.266098,-2403.697256,6939.477684,-3673.266098,-2403.697256
0.18160,1,5906.878608,-9671.003257,3088.179219,5906.878608,-9671.003257,3088.179219
0.18170,1,-3271.290501,-6525.130234,9990.465797,-3271.290501,-6525.130234,9990.465797
0.18180,1,3858.401867,-9316.747051,5832.450349,3858.401867,-9316.747051,5832.450349
0.18190,1,12867.131734,-9499.964785,-4158.143930,12867.131734,-9499.964785,-4158.143930
0.18200,1,-1227.118665,-2224.885018,4346.582900,-1227.118665,-2224.885018,4346.582900
0.18210,1,603.061016,-11558.481515,10309.266190,603.061016,-11558.481515,10309.266190
0.18220,1,9886.809159,-10268.030823,530.051273,9886.809159,-10268.030823,530.051273
0.18230,1,6550.050799,-2429.395488,-3722.885496,6550.050799,-2429.395488,-3722.885496
0.18240,1,2891.998314,-9942.026897,6287.023920,2891.998314,-9942.026897,6287.023920
0.18250,1,1062.682000,-8315.206338,8041.333670,1062.682000,-8315.206338,8041.333670
0.18260,1,9810.532469,-7048.944133,-3218.695712,9810.532469,-7048.944133,-3218.695712
0.18270,1,9581.974237,-8592.234858,-1074.150604,9581.974237,-8592.234858,-1074.150604
0.18280,1,-1018.868701,-3733.305968,5345.652974,-1018.868701,-3733.305968,5345.652974
0.18290,1,4167.260855,-11220.631080,6215.019670,4167.260855,-11220.631080,6215.019670
0.18300,1,14203.457910,-8276.515625,-5212.531339,14203.457910,-8276.515625,-5212.531339
0.18310,1,3914.349864,-1795.839980,-2398.135304,3914.349864,-1795.839980,-2398.135304
0.18320,1,1415.463432,-10780.694423,9093.422398,1415.463432,-10780.694423,9093.422398
0.18330,1,9124.207990,-7586.311680,-829.101614,9124.207990,-7586.311680,-829.101614
0.18340,1,8873.562688,-4195.774489,-5529.848516,8873.562688,-4195.774489,-5529.848516
0.18350,1,8332.262422,-8579.821066,897.719026,8332.262422,-8579.821066,897.719026
0.18360,1,-379.833019,-5345.515542,5538.225628,-379.833019,-5345.515542,5538.225628
0.18370,1,9507.773527,-8238.713804,-1611.584972,9507.773527,-8238.713804,-1611.584972
0.18380,1,14216.142200,-6603.513252,-6894.864900,14216.142200,-6603.513252,-6894.864900
0.18390,1,305.592860,-2253.453240,1173.813459,305.592860,-2253.453240,1173.813459
0.18400,1,5640.491719,-10488.604722,5334.519746,5640.491719,-10488.604722,5334.519746
0.18410,1,11061.262324,-5042.205422,-5997.701037,11061.262324,-5042.205422,-5997.701037
0.18420,1,8950.644806,-1472.836263,-7998.274504,8950.644806,-1472.836263,-7998.274504
0.18430,1,4822.737991,-9920.373695,5887.615226,4822.737991,-9920.373695,5887.615226
0.18440,1,4916.759368,-4748.489817,-878.993916,4916.759368,-4748.489817,-878.993916
0.18450,1,11152.451394,-4319.990093,-6506.911477,11152.451394,-4319.990093,-6506.911477
0.18460,1,11036.961795,-5618.738460,-5224.640655,11036.961795,-5618.738460,-5224.640655
0.18470,1,1044.116435,-2909.549145,1247.570782,1044.116435,-2909.549145,1247.570782
0.18480,1,7829.110627,-8686.154128,1625.817012,7829.110627,-8686.154128,1625.817012
0.18490,1,13732.357809,-2452.666916,-11861.267828,13732.357809,-2452.666916,-11861.267828
0.18500,1,3982.131015,-343.789937,-3501.116134,3982.131015,-343.789937,-3501.116134
0.18510,1,6616.368317,-9717.664335,3480.378973,6616.368317,-9717.664335,3480.378973
0.18520,1,7504.454716,-2848.363607,-5399.772045,7504.454716,-2848.363607,-5399.772045
0.18530,1,10341.617064,113.300485,-9659.389964,10341.617064,113.300485,-9659.389964
0.18540,1,8643.238698,-6871.347963,-2271.699241,8643.238698,-6871.347963,-2271.699241
0.18550,1,1772.168798,-1522.396625,-272.788860,1772.168798,-1522.396625,-272.788860
0.18560,1,11952.908646,-5455.099997,-5943.693616,11952.908646,-5455.099997,-5943.693616
0.18570,1,9393.539084,-837.264334,-9420.459493,9393.539084,-837.264334,-9420.459493
0.18580,1,3174.567632,368.906770,-2719.217601,3174.567632,368.906770,-2719.217601
0.18590,1,7912.573196,-8752.121712,386.011219,7912.573196,-8752.121712,386.011219
0.18600,1,9860.070404,496.617673,-10441.168026,9860.070404,496.617673,-10441.168026
0.18610,1,7278.077890,1507.105079,-8220.257518,7278.077890,1507.105079,-8220.257518
0.18620,1,5716.454052,-6179.814357,-326.648718,5716.454052,-6179.814357,-326.648718
0.18630,1,6732.642578,81.727690,-6136.780239,6732.642578,81.727690,-6136.780239
0.18640,1,9501.963832,-783.558842,-9001.451690,9501.963832,-783.558842,-9001.451690
0.18650,1,9037.285085,-1506.197498,-7748.731423,9037.285085,-1506.197498,-7748.731423
0.18660,1,624.755881,1822.923713,-1838.282910,624.755881,1822.923713,-1838.282910
0.18670,1,11131.289271,-5445.486892,-6405.669110,11131.289271,-5445.486892,-6405.669110
0.18680,1,8685.613085,2492.038628,-10675.093387,8685.613085,2492.038628,-10675.093387
0.18690,1,3020.399427,2625.817504,-5697.635155,3020.399427,2625.817504,-5697.635155
0.18700,1,7676.052557,-5221.497833,-2884.662149,7676.052557,-5221.497833,-2884.662149
0.18710,1,6111.214778,3699.976011,-9083.829565,6111.214778,3699.976011,-9083.829565
0.18720,1,8720.782288,1405.827445,-10829.480094,8720.782288,1405.827445,-10829.480094
0.18730,1,4935.654615,-1070.369854,-3499.344272,4935.654615,-1070.369854,-3499.344272
0.18740,1,2766.183866,3334.154444,-5959.191083,2766.183866,3334.154444,-5959.191083
0.18750,1,9890.616215,-916.019801,-9573.747576,9890.616215,-916.019801,-9573.747576
0.18760,1,6711.795627,3214.430741,-9110.788881,6711.795627,3214.430741,-9110.788881
0.18770,1,1199.538735,3547.302428,-5443.323815,1199.538735,3547.302428,-5443.323815
0.18780,1,6924.411082,-1942.439016,-4688.438728,6924.411082,-1942.439016,-4688.438728
0.18790,1,7340.275834,5513.527670,-12625.675906,7340.275834,5513.527670,-12625.675906
0.18800,1,3194.510695,3576.858995,-7420.995066,3194.510695,3576.858995,-7420.995066
0.18810,1,5502.849103,-714.755057,-3989.974032,5502.849103,-714.755057,-3989.974032
0.18820,1,1967.476698,6192.935629,-8772.706047,1967.476698,6192.935629,-8772.706047
0.18830,1,8013.142103,2357.837818,-10192.565005,8013.142103,2357.837818,-10192.565005
0.18840,1,4931.166141,2932.296295,-7549.503382,4931.166141,2932.296295,-7549.503382
0.18850,1,-1869.114006,5607.545620,-4384.872314,-1869.114006,5607.545620,-4384.872314
0.18860,1,8931.592372,983.275974,-9238.286260,8931.592372,983.275974,-9238.286260
0.18870,1,2978.704145,6716.089715,-10087.100085,2978.704145,6716.089715,-10087.100085
0.18880,1,2104.323313,5063.418653,-7243.647115,2104.323313,5063.418653,-7243.647115
0.18890,1,3267.487177,563.658163,-3309.027585,3267.487177,563.658163,-3309.027585
0.18900,1,2039.561543,8858.026828,-11644.520112,2039.561543,8858.026828,-11644.520112
0.18910,1,5586.127304,3925.288405,-8860.518018,5586.127304,3925.288405,-8860.518018
0.18920,1,1043.384934,3114.454907,-4425.333046,1043.384934,3114.454907,-4425.333046
0.18930,1,-375.414523,7999.031471,-7866.898337,-375.414523,7999.031471,-7866.898337
0.18940,1,4787.353926,3503.320337,-7620.464785,4787.353926,3503.320337,-7620.464785
0.18950,1,3201.102036,6684.800881,-10717.055993,3201.102036,6684.800881,-10717.055993
0.18960,1,-2799.239784,6799.742093,-3341.727169,-2799.239784,6799.742093,-3341.727169
0.18970,1,3910.083838,2311.044873,-6443.335549,3910.083838,2311.044873,-6443.335549
0.18980,1,518.504025,10022.339934,-10833.928781,518.504025,10022.339934,-10833.928781
0.18990,1,1043.251494,5881.962416,-6252.180309,1043.251494,5881.962416,-6252.180309
0.19000,1,1178.977285,2843.499308,-4781.887848,1178.977285,2843.499308,-4781.887848
0.19010,1,-3540.389003,10650.833550,-6584.351221,-3540.389003,10650.833550,-6584.351221
0.19020,1,5244.048604,4379.160030,-9703.482765,5244.048604,4379.160030,-9703.482765
0.19030,1,-2096.943848,6876.813834,-5158.031038,-2096.943848,6876.813834,-5158.031038
0.19040,1,-2775.448680,8622.707805,-5194.556431,-2775.448680,8622.707805,-5194.556431
0.19050,1,2116.153673,2890.239157,-5632.589942,2116.153673,2890.239157,-5632.589942
0.19060,1,-1470.840497,11118.247093,-9329.732395,-1470.840497,11118.247093,-9329.732395
0.19070,1,-1729.153679,6519.171754,-4654.276160,-1729.153679,6519.171754,-4654.276160
0.19080,1,-1348.236236,3523.599549,-2705.457066,-1348.236236,3523.599549,-2705.457066
0.19090,1,-1656.105827,11206.486141,-8859.872675,-1656.105827,11206.486141,-8859.872675
0.19100,1,-1083.598117,5719.832960,-5174.927253,-1083.598117,5719.832960,-5174.927253
0.19110,1,-1772.266511,6543.396590,-4634.828059,-1772.266511,6543.396590,-4634.828059
0.19120,1,-5262.173099,9337.146302,-3726.560490,-5262.173099,9337.146302,-3726.560490
0.19130,1,1914.073930,3577.786617,-6196.329017,1914.073930,3577.786617,-6196.329017
0.19140,1,-4140.026175,10815.727502,-5897.584495,-4140.026175,10815.727502,-5897.584495
0.19150,1,-6033.248296,7452.896810,-1951.498771,-6033.248296,7452.896810,-1951.498771
0.19160,1,2011.095428,2881.238669,-4823.317028,2011.095428,2881.238669,-4823.317028
0.19170,1,-5967.543526,11661.990053,-5275.029596,-5967.543526,11661.990053,-5275.029596
0.19180,1,-2536.031735,5810.300728,-4003.245409,-2536.031735,5810.300728,-4003.245409
0.19190,1,-4600.033029,6253.628697,-916.682458,-4600.033029,6253.628697,-916.682458
0.19200,1,-3732.265469,10277.984615,-6990.674728,-3732.265469,10277.984615,-6990.674728
0.19210,1,-158.679013,4010.792047,-3866.757315,-158.679013,4010.792047,-3866.757315
0.19220,1,-7523.820497,8924.381580,-956.055625,-7523.820497,8924.381580,-956.055625
0.19230,1,-5469.419785,8488.312282,-3676.989827,-5469.419785,8488.312282,-3676.989827
0.19240,1,-12.436738,4742.595528,-4162.624529,-12.436738,4742.595528,-4162.624529
0.19250,1,-5680.375999,10529.030877,-5061.641385,-5680.375999,10529.030877,-5061.641385
0.19260,1,-6514.120200,4705.997829,1561.827757,-6514.120200,4705.997829,1561.827757
0.19270,1,-3150.870639,6698.903565,-2938.896644,-3150.870639,6698.903565,-2938.896644
0.19280,1,-6527.601204,12176.841623,-6360.975275,-6527.601204,12176.841623,-6360.975275
0.19290,1,-2015.110397,3577.726858,-1055.320041,-2015.110397,3577.726858,-1055.320041
0.19300,1,-6792.648430,5368.339701,1346.249622,-6792.648430,5368.339701,1346.249622
0.19310,1,-9207.136335,11365.936045,-2551.271364,-9207.136335,11365.936045,-2551.271364
0.19320,1,-405.896961,6327.676255,-5214.464525,-405.896961,6327.676255,-5214.464525
0.19330,1,-8647.416777,7699.537327,215.558292,-8647.416777,7699.537327,215.558292
0.19340,1,-5344.308550,4834.511141,970.987082,-5344.308550,4834.511141,970.987082
0.19350,1,-6388.684695,6737.331942,-357.669205,-6388.684695,6737.331942,-357.669205
0.19360,1,-9308.776568,12993.987424,-4114.319759,-9308.776568,12993.987424,-4114.319759
0.19370,1,-1484.610811,2573.000109,-418.665315,-1484.610811,2573.000109,-418.665315
0.19380,1,-6233.108952,2310.546882,3311.705004,-6233.108952,2310.546882,3311.705004
0.19390,1,-6188.496667,9885.861439,-3413.652607,-6188.496667,9885.861439,-3413.652607
0.19400,1,-6314.943662,3521.759673,2962.398051,-6314.943662,3521.759673,2962.398051
0.19410,1,-9226.979178,4758.919364,3920.503024,-9226.979178,4758.919364,3920.503024
0.19420,1,-4250.146219,2028.885962,2909.426322,-4250.146219,2028.885962,2909.426322
0.19430,1,-2138.327666,-345.907918,1956.670424,-2138.327666,-345.907918,1956.670424
0.19440,1,-16944.686577,10158.848733,6923.205100,-16944.686577,10158.848733,6923.205100
0.19450,1,-12351.445398,6488.956620,6178.087201,-12351.445398,6488.956620,6178.087201
0.19460,1,-3197.201365,-3933.929487,6497.371812,-3197.201365,-3933.929487,6497.371812
0.19470,1,-14102.810887,6370.143837,8415.111434,-14102.810887,6370.143837,8415.111434
0.19480,1,-13689.016963,13473.761504,-224.040793,-13689.016963,13473.761504,-224.040793
0.19490,1,-14922.226716,11412.057072,3521.768455,-14922.226716,11412.057072,3521.768455
0.19500,1,-5160.868620,1839.963693,3739.257647,-5160.868620,1839.963693,3739.257647
0.19510,1,-5062.036046,-2676.524666,7075.309693,-5062.036046,-2676.524666,7075.309693
0.19520,1,-17823.658054,17070.528073,1372.461675,-17823.658054,17070.528073,1372.461675
0.19530,1,-4690.151346,9341.717433,-4954.333988,-4690.151346,9341.717433,-4954.333988
0.19540,1,-2275.174688,-7566.312523,9692.689391,-2275.174688,-7566.312523,9692.689391
0.19550,1,-14154.730193,4560.704296,10137.542336,-14154.730193,4560.704296,10137.542336
0.19560,1,-8970.232502,12290.674249,-4030.118064,-8970.232502,12290.674249,-4030.118064
0.19570,1,-1325.193079,2152.372559,-249.228927,-1325.193079,2152.372559,-249.228927
0.19580,1,-8244.238931,-5167.364901,13208.723865,-8244.238931,-5167.364901,13208.723865
0.19590,1,-8909.988337,2500.814283,6156.426676,-8909.988337,2500.814283,6156.426676
0.19600,1,-9615.730776,11773.552454,-1561.288873,-9615.730776,11773.552454,-1561.288873
0.19610,1,-4844.114385,1580.097708,2583.124329,-4844.114385,1580.097708,2583.124329
0.19620,1,-1689.560676,-10598.332433,12762.020949,-1689.560676,-10598.332433,12762.020949
0.19630,1,-17685.197829,8510.643323,9109.580496,-17685.197829,8510.643323,9109.580496
0.19640,1,-3049.875875,8976.547940,-6294.528312,-3049.875875,8976.547940,-6294.528312
0.19650,1,-2087.359439,-6017.017146,8745.135542,-2087.359439,-6017.017146,8745.135542
0.19660,1,-12971.002649,-3312.691981,15648.135960,-12971.002649,-3312.691981,15648.135960
0.19670,1,-5932.027844,4991.812412,1298.303245,-5932.027844,4991.812412,1298.303245
0.19680,1,-6919.390291,6317.080297,675.295087,-6919.390291,6317.080297,675.295087
0.19690,1,-3656.654466,-5757.936980,8945.231496,-3656.654466,-5757.936980,8945.231496
0.19700,1,-7525.836676,-6738.051889,14926.639770,-7525.836676,-6738.051889,14926.639770
0.19710,1,-11970.852265,9266.179395,2135.380356,-11970.852265,9266.179395,2135.380356
0.19720,1,-1791.364626,2630.119849,-605.042650,-1791.364626,2630.119849,-605.042650
0.19730,1,-306.944341,-12450.954906,12956.630966,-306.944341,-12450.954906,12956.630966
0.19740,1,-14299.564261,106.666880,13655.641288,-14299.564261,106.666880,13655.641288
0.19750,1,-5018.496489,6611.136060,-956.268401,-5018.496489,6611.136060,-956.268401
0.19760,1,-618.716173,-3128.353838,3296.784213,-618.716173,-3128.353838,3296.784213
0.19770,1,-7587.851866,-8495.778155,16144.221660,-7587.851866,-8495.778155,16144.221660
0.19780,1,-4531.302634,-2510.218628,7408.827997,-4531.302634,-2510.218628,7408.827997
0.19790,1,-9586.619231,6596.365601,2343.147117,-9586.619231,6596.365601,2343.147117
0.19800,1,-105.258158,-4001.443480,4766.517786,-105.258158,-4001.443480,4766.517786
0.19810,1,-1442.093083,-14232.055214,15277.594591,-1442.093083,-14232.055214,15277.594591
0.19820,1,-14168.167739,4700.606223,9438.154921,-14168.167739,4700.606223,9438.154921
0.19830,1,372.772607,2630.334228,-2563.590115,372.772607,2630.334228,-2563.590115
0.19840,1,-28.130303,-10555.474350,9925.194669,-28.130303,-10555.474350,9925.194669
0.19850,1,-7300.650538,-6786.119719,14684.168324,-7300.650538,-6786.119719,14684.168324
0.19860,1,-5688.550847,369.769449,5034.755037,-5688.550847,369.769449,5034.755037
0.19870,1,-2415.161642,1038.045296,1235.033274,-2415.161642,1038.045296,1235.033274
0.19880,1,78.391317,-8876.813267,9296.492651,78.391317,-8876.813267,9296.492651
0.19890,1,-3189.060270,-10573.913502,13134.471855,-3189.060270,-10573.913502,13134.471855
0.19900,1,-9516.461274,4253.650600,5743.065057,-9516.461274,4253.650600,5743.065057
0.19910,1,1048.727461,-3197.266103,2031.950941,1048.727461,-3197.266103,2031.950941
0.19920,1,3604.197689,-13675.674651,9769.075050,3604.197689,-13675.674651,9769.075050
0.19930,1,-10761.083332,-2990.368304,14348.688357,-10761.083332,-2990.368304,14348.688357
0.19940,1,-911.292008,-526.408263,799.588063,-911.292008,-526.408263,799.588063
0.19950,1,-2558.662680,-2206.592317,5174.170694,-2558.662680,-2206.592317,5174.170694
0.19960,1,-2846.892882,-8899.907870,11740.957876,-2846.892882,-8899.907870,11740.957876
0.19970,1,1155.298842,-10175.559412,8624.451596,1155.298842,-10175.559412,8624.451596
0.19980,1,-5648.784255,665.446157,5608.681319,-5648.784255,665.446157,5608.681319
0.19990,1,2849.205348,-6162.575804,2731.496680,2849.205348,-6162.575804,2731.496680
0.20000,1,-512.307095,-12896.346045,13694.523407,-512.307095,-12896.346045,13694.523407
0.20010,1,-4613.891887,-2917.060986,7669.034711,-4613.891887,-2917.060986,7669.034711
0.20020,1,3413.464653,-5694.915604,1774.648992,3413.464653,-5694.915604,1774.648992
0.20030,1,460.806273,-7026.709368,7231.370132,460.806273,-7026.709368,7231.370132
0.20040,1,-2946.191201,-9054.971368,11455.628216,-2946.191201,-9054.971368,11455.628216
0.20050,1,3894.471322,-8697.223798,5004.525546,3894.471322,-8697.223798,5004.525546
0.20060,1,-278.176982,-1681.129719,2179.497244,-278.176982,-1681.129719,2179.497244
0.20070,1,-1248.239650,-9819.933326,10529.533489,-1248.239650,-9819.933326,10529.533489
0.20080,1,4844.711220,-12796.446345,8573.856296,4844.711220,-12796.446345,8573.856296
0.20090,1,-2993.921885,-2026.770256,4583.327267,-2993.921885,-2026.770256,4583.327267
0.20100,1,6343.597786,-7233.795242,961.426741,6343.597786,-7233.795242,961.426741
0.20110,1,1254.145209,-11983.162823,11044.598775,1254.145209,-11983.162823,11044.598775
0.20120,1,-2120.510364,-6231.392391,7801.823935,-2120.510364,-6231.392391,7801.823935
0.20130,1,9141.665803,-8139.567362,-471.918823,9141.665803,-8139.567362,-471.918823
0.20140,1,-231.281642,-4717.521342,4688.130626,-231.281642,-4717.521342,4688.130626
0.20150,1,2168.056722,-11790.118302,9481.453602,2168.056722,-11790.118302,9481.453602
0.20160,1,5544.294994,-10412.243832,5369.864642,5544.294994,-10412.243832,5369.864642
0.20170,1,1943.298374,-1348.681729,-1258.106667,1943.298374,-1348.681729,-1258.106667
0.20180,1,7011.699516,-12549.130499,6092.097776,7011.699516,-12549.130499,6092.097776
0.20190,1,3773.543682,-12953.755965,8964.105740,3773.543682,-12953.755965,8964.105740
0.20200,1,934.034308,-2448.078838,1304.691619,934.034308,-2448.078838,1304.691619
0.20210,1,9926.239840,-8008.256907,-1371.907573,9926.239840,-8008.256907,-1371.907573
0.20220,1,4770.097228,-10344.870099,4922.351697,4770.097228,-10344.870099,4922.351697
0.20230,1,242.871287,-8748.702328,8995.092904,242.871287,-8748.702328,8995.092904
0.20240,1,9472.853742,-7461.470576,-2139.352970,9472.853742,-7461.470576,-2139.352970
0.20250,1,2906.906535,-2045.268505,-1134.112906,2906.906535,-2045.268505,-1134.112906
0.20260,1,8535.310923,-13761.445854,5768.394429,8535.310923,-13761.445854,5768.394429
0.20270,1,6312.550828,-10723.761504,3845.818135,6312.550828,-10723.761504,3845.818135
0.20280,1,-347.891773,1579.064975,-893.813128,-347.891773,1579.064975,-893.813128
0.20290,1,14122.216698,-9343.706556,-4736.636037,14122.216698,-9343.706556,-4736.636037
0.20300,1,3891.710769,-10815.548169,6520.428219,3891.710769,-10815.548169,6520.428219
0.20310,1,2749.158578,-5236.839649,3078.593352,2749.158578,-5236.839649,3078.593352
0.20320,1,9643.134902,-6837.628037,-3325.436241,9643.134902,-6837.628037,-3325.436241
0.20330,1,5268.529188,-3980.543495,-1065.583329,5268.529188,-3980.543495,-1065.583329
0.20340,1,7387.629300,-11346.055500,4133.984106,7387.629300,-11346.055500,4133.984106
0.20350,1,6672.258886,-8164.163159,991.940308,6672.258886,-8164.163159,991.940308
0.20360,1,3742.554936,698.336010,-3828.692442,3742.554936,698.336010,-3828.692442
0.20370,1,10471.286435,-9730.121535,-1201.624683,10471.286435,-9730.121535,-1201.624683
0.20380,1,7317.544656,-9575.712640,2368.440885,7317.544656,-9575.712640,2368.440885
0.20390,1,1442.005999,-2298.884887,1148.777069,1442.005999,-2298.884887,1148.777069
0.20400,1,12456.231691,-6025.845095,-7003.676494,12456.231691,-6025.845095,-7003.676494
0.20410,1,5519.786253,-5627.297321,724.631585,5519.786253,-5627.297321,724.631585
0.20420,1,5221.341112,-8084.309411,2458.769709,5221.341112,-8084.309411,2458.769709
0.20430,1,11750.391836,-6301.930711,-5419.508847,11750.391836,-6301.930711,-5419.508847
0.20440,1,3026.469375,-114.896437,-2561.762812,3026.469375,-114.896437,-2561.762812
0.20450,1,10084.677933,-9281.759062,-1372.058271,10084.677933,-9281.759062,-1372.058271
0.20460,1,6319.045273,-7520.297266,1741.338555,6319.045273,-7520.297266,1741.338555
0.20470,1,5691.883543,47.876502,-6016.982620,5691.883543,47.876502,-6016.982620
0.20480,1,12370.895957,-6677.574656,-5793.410296,12370.895957,-6677.574656,-5793.410296
0.20490,1,4797.310307,-5562.501842,1193.120221,4797.310307,-5562.501842,1193.120221
0.20500,1,6108.863169,-4679.297379,-1990.128859,6108.863169,-4679.297379,-1990.128859
0.20510,1,11454.953541,-3570.205842,-7443.186685,11454.953541,-3570.205842,-7443.186685
0.20520,1,6700.868100,-1463.456399,-5357.217382,6700.868100,-1463.456399,-5357.217382
0.20530,1,6007.449709,-7619.401304,1348.477333,6007.449709,-7619.401304,1348.477333
0.20540,1,10219.765903,-4187.877198,-5487.986400,10219.765903,-4187.877198,-5487.986400
0.20550,1,5247.421110,1606.906470,-7450.947261,5247.421110,1606.906470,-7450.947261
0.20560,1,10997.100211,-6038.826531,-4559.926751,10997.100211,-6038.826531,-4559.926751
0.20570,1,6223.339916,-4981.998027,-1270.581798,6223.339916,-4981.998027,-1270.581798
0.20580,1,4402.076658,246.373524,-5001.718767,4402.076658,246.373524,-5001.718767
0.20590,1,14330.396643,-3461.299542,-10278.882616,14330.396643,-3461.299542,-10278.882616
0.20600,1,2892.555008,-1375.062838,-2098.368403,2892.555008,-1375.062838,-2098.368403
0.20610,1,8234.250153,-5345.735016,-2554.696411,8234.250153,-5345.735016,-2554.696411
0.20620,1,9392.388181,-1381.377542,-7965.478481,9392.388181,-1381.377542,-7965.478481
0.20630,1,5518.120360,2967.003601,-8877.468812,5518.120360,2967.003601,-8877.468812
0.20640,1,9115.014830,-5216.962799,-3336.511240,9115.014830,-5216.962799,-3336.511240
0.20650,1,5639.295988,-2400.149794,-3720.811292,5639.295988,-2400.149794,-3720.811292
0.20660,1,6907.992915,3158.846409,-9873.539852,6907.992915,3158.846409,-9873.539852
0.20670,1,9970.003915,-2502.421452,-7290.314698,9970.003915,-2502.421452,-7290.314698
0.20680,1,4655.766694,-125.196419,-4995.281515,4655.766694,-125.196419,-4995.281515
0.20690,1,5350.520311,-1244.967091,-3561.159569,5350.520311,-1244.967091,-3561.159569
0.20700,1,11337.237341,275.871172,-11990.990999,11337.237341,275.871172,-11990.990999
0.20710,1,3052.180354,3875.124542,-6889.685758,3052.180354,3875.124542,-6889.685758
0.20720,1,6918.401365,-3335.617442,-3250.101153,6918.401365,-3335.617442,-3250.101153
0.20730,1,7775.614662,152.905602,-8500.343017,7775.614662,152.905602,-8500.343017
0.20740,1,3770.541862,6016.361597,-9208.159150,3770.541862,6016.361597,-9208.159150
0.20750,1,9519.722435,-1938.655003,-7928.743368,9519.722435,-1938.655003,-7928.743368
0.20760,1,2128.794651,1612.269903,-3762.415833,2128.794651,1612.269903,-3762.415833
0.20770,1,7021.314805,2212.472069,-8859.875559,7021.314805,2212.472069,-8859.875559
0.20780,1,9094.518735,1155.109823,-10808.999470,9094.518735,1155.109823,-10808.999470
0.20790,1,536.245727,5655.128534,-5687.684181,536.245727,5655.128534,-5687.684181
0.20800,1,6365.797517,-1419.956990,-5178.496517,6365.797517,-1419.956990,-5178.496517
0.20810,1,7114.538337,2987.526596,-10233.489142,7114.538337,2987.526596,-10233.489142
0.20820,1,3418.906771,6906.333002,-9894.308964,3418.906771,6906.333002,-9894.308964
0.20830,1,4294.786211,-16.880471,-4810.612371,4294.786211,-16.880471,-4810.612371
0.20840,1,4859.012933,2925.502958,-7390.955928,4859.012933,2925.502958,-7390.955928
0.20850,1,4106.972535,5793.572876,-9970.995462,4106.972535,5793.572876,-9970.995462
0.20860,1,6463.534101,2245.576012,-9005.129778,6463.534101,2245.576012,-9005.129778
0.20870,1,-386.088823,6203.640953,-5267.071511,-386.088823,6203.640953,-5267.071511
0.20880,1,4313.885401,1795.263590,-6690.569588,4313.885401,1795.263590,-6690.569588
0.20890,1,8613.144906,4262.636890,-12498.561898,8613.144906,4262.636890,-12498.561898
0.20900,1,-2761.200930,8799.335971,-6060.805594,-2761.200930,8799.335971,-6060.805594
0.20910,1,4560.141614,720.610656,-5610.236461,4560.141614,720.610656,-5610.236461
0.20920,1,4461.527301,5346.867085,-9275.871042,4461.527301,5346.867085,-9275.871042
0.20930,1,1728.906363,7846.385479,-10075.745278,1728.906363,7846.385479,-10075.745278
0.20940,1,3351.513076,3369.688931,-6468.349165,3351.513076,3369.688931,-6468.349165
0.20950,1,-1342.229603,6597.321787,-5152.865827,-1342.229603,6597.321787,-5152.865827
0.20960,1,4964.469926,5018.263032,-10389.639269,4964.469926,5018.263032,-10389.639269
0.20970,1,3461.522603,5578.784337,-8510.458744,3461.522603,5578.784337,-8510.458744
0.20980,1,-2998.364510,9039.262408,-6455.436970,-2998.364510,9039.262408,-6455.436970
0.20990,1,1739.500563,2835.148543,-4462.985918,1739.500563,2835.148543,-4462.985918
0.21000,1,5634.504645,7335.597267,-12718.934136,5634.504645,7335.597267,-12718.934136
0.21010,1,-2690.887276,9288.807927,-7114.199751,-2690.887276,9288.807927,-7114.199751
0.21020,1,216.678866,4197.625015,-3842.271960,216.678866,4197.625015,-3842.271960
0.21030,1,999.819175,7924.887534,-9317.205145,999.819175,7924.887534,-9317.205145
0.21040,1,182.020170,8301.451395,-8426.862413,182.020170,8301.451395,-8426.862413
0.21050,1,2293.080939,6013.776386,-8012.621720,2293.080939,6013.776386,-8012.621720
0.21060,1,-6635.546955,9721.870399,-3595.156331,-6635.546955,9721.870399,-3595.156331
0.21070,1,2244.956850,6136.710231,-7882.369041,2244.956850,6136.710231,-7882.369041
0.21080,1,1983.631547,8264.417726,-10518.364040,1983.631547,8264.417726,-10518.364040
0.21090,1,-6600.277513,11388.713473,-4863.504988,-6600.277513,11388.713473,-4863.504988
0.21100,1,-927.982609,4237.801549,-2921.468804,-927.982609,4237.801549,-2921.468804
0.21110,1,-2255.547255,11844.419141,-10120.284939,-2255.547255,11844.419141,-10120.284939
0.21120,1,-1764.216077,9620.194484,-7411.852119,-1764.216077,9620.194484,-7411.852119
0.21130,1,-4376.358675,6549.418419,-2334.810128,-4376.358675,6549.418419,-2334.810128
0.21140,1,-6016.686435,10583.879643,-4759.530247,-6016.686435,10583.879643,-4759.530247
0.21150,1,-2135.178432,8351.758374,-5748.351918,-2135.178432,8351.758374,-5748.351918
0.21160,1,-2131.934372,8497.410758,-6911.360655,-2131.934372,8497.410758,-6911.360655
0.21170,1,-9041.313831,10632.106755,-1195.858713,-9041.313831,10632.106755,-1195.858713
0.21180,1,-4103.054137,4775.009659,-751.250055,-4103.054137,4775.009659,-751.250055
0.21190,1,-1852.007749,10462.914646,-8873.281133,-1852.007749,10462.914646,-8873.281133
0.21200,1,-8322.971048,10210.910613,-1403.200126,-8322.971048,10210.910613,-1403.200126
0.21210,1,-3466.438381,3397.123718,-420.830719,-3466.438381,3397.123718,-420.830719
0.21220,1,-7733.349432,10978.701502,-2966.604155,-7733.349432,10978.701502,-2966.604155
0.21230,1,-3225.741678,7332.044393,-4046.352373,-3225.741678,7332.044393,-4046.352373
0.21240,1,-4177.839209,6302.474909,-2502.165775,-4177.839209,6302.474909,-2502.165775
0.21250,1,-10462.745051,9947.913876,1053.590083,-10462.745051,9947.913876,1053.590083
0.21260,1,-1865.148001,4017.528446,-2623.812230,-1865.148001,4017.528446,-2623.812230
0.21270,1,-5541.325590,9528.441763,-3781.680644,-5541.325590,9528.441763,-3781.680644
0.21280,1,-8107.459298,8730.968645,-474.957567,-8107.459298,8730.968645,-474.957567
0.21290,1,-5302.015865,3012.582075,1850.878693,-5302.015865,3012.582075,1850.878693
0.21300,1,-5814.040410,10218.132035,-3859.298118,-5814.040410,10218.132035,-3859.298118
0.21310,1,-6251.549578,7071.941370,-1243.043036,-6251.549578,7071.941370,-1243.043036
0.21320,1,-5848.428228,4771.047722,1206.980217,-5848.428228,4771.047722,1206.980217
0.21330,1,-8920.163604,9263.517840,-135.098841,-8920.163604,9263.517840,-135.098841
0.21340,1,-4985.762324,4867.737872,-324.551082,-4985.762324,4867.737872,-324.551082
0.21350,1,-4216.266641,7068.219467,-2376.997123,-4216.266641,7068.219467,-2376.997123
0.21360,1,-12450.729153,8465.263024,3694.556404,-12450.729153,8465.263024,3694.556404
0.21370,1,-3078.380002,2638.554941,413.829967,-3078.380002,2638.554941,413.829967
0.21380,1,-7391.337833,8962.668726,-1232.637585,-7391.337833,8962.668726,-1232.637585
0.21390,1,-8615.154496,6497.122640,1610.336822,-8615.154496,6497.122640,1610.336822
0.21400,1,-5322.652039,3138.915611,2643.246145,-5322.652039,3138.915611,2643.246145
0.21410,1,-10492.413765,8869.103508,1413.210370,-10492.413765,8869.103508,1413.210370
0.21420,1,-4101.688615,4183.190647,-215.285769,-4101.688615,4183.190647,-215.285769
0.21430,1,-7865.905626,5140.704829,3153.944323,-7865.905626,5140.704829,3153.944323
0.21440,1,-10824.382619,7318.595343,2957.685277,-10824.382619,7318.595343,2957.685277
0.21450,1,-4553.021433,2504.532667,2492.878799,-4553.021433,2504.532667,2492.878799
0.21460,1,-7457.897950,6812.916155,483.734639,-7457.897950,6812.916155,483.734639
0.21470,1,-9833.847834,5248.349189,4408.097362,-9833.847834,5248.349189,4408.097362
0.21480,1,-6469.687612,2130.445040,4768.234596,-6469.687612,2130.445040,4768.234596
0.21490,1,-7920.680435,6855.592014,579.763328,-7920.680435,6855.592014,579.763328
0.21500,1,-8028.781311,3881.835500,4473.942981,-8028.781311,3881.835500,4473.942981
0.21510,1,-5930.477362,2120.454601,3786.961192,-5930.477362,2120.454601,3786.961192
0.21520,1,-11877.633922,6536.780183,5049.925159,-11877.633922,6536.780183,5049.925159
0.21530,1,-4091.711438,1536.312871,3035.187226,-4091.711438,1536.312871,3035.187226
0.21540,1,-7588.085388,4017.221550,3112.102910,-7588.085388,4017.221550,3112.102910
0.21550,1,-11646.441050,4550.202232,7334.337931,-11646.441050,4550.202232,7334.337931
0.21560,1,-3570.858532,109.051469,3551.606366,-3570.858532,109.051469,3551.606366
0.21570,1,-10097.099377,5334.078342,4380.832437,-10097.099377,5334.078342,4380.832437
0.21580,1,-6527.758793,2164.095218,4879.444449,-6527.758793,2164.095218,4879.444449
0.21590,1,-7857.896719,133.924675,7292.369501,-7857.896719,133.924675,7292.369501
0.21600,1,-8934.787410,5054.000804,4049.276323,-8934.787410,5054.000804,4049.276323
0.21610,1,-5302.220236,-65.762704,5529.962857,-5302.220236,-65.762704,5529.962857
0.21620,1,-7806.186474,1488.298392,5902.522522,-7806.186474,1488.298392,5902.522522
0.21630,1,-9567.021991,3055.762155,6995.954457,-9567.021991,3055.762155,6995.954457
0.21640,1,-5173.357500,-1277.303265,6112.544874,-5173.357500,-1277.303265,6112.544874
0.21650,1,-6488.524068,2574.229991,3954.903168,-6488.524068,2574.229991,3954.903168
0.21660,1,-9865.642490,835.071258,9312.919653,-9865.642490,835.071258,9312.919653
0.21670,1,-4196.819492,-1967.726111,5673.988519,-4196.819492,-1967.726111,5673.988519
0.21680,1,-8854.540260,2977.049962,6374.926245,-8854.540260,2977.049962,6374.926245
0.21690,1,-5500.628743,-1319.665073,6521.603616,-5500.628743,-1319.665073,6521.603616
0.21700,1,-5849.053280,-1716.863948,7547.856881,-5849.053280,-1716.863948,7547.856881
0.21710,1,-10055.293410,2438.613975,7936.238983,-10055.293410,2438.613975,7936.238983
0.21720,1,-1972.361635,-3987.687818,5483.849701,-1972.361635,-3987.687818,5483.849701
0.21730,1,-7980.964903,766.684355,7640.190351,-7980.964903,766.684355,7640.190351
0.21740,1,-7322.831884,-1163.209214,8293.722932,-7322.831884,-1163.209214,8293.722932
0.21750,1,-3820.940866,-3715.972856,7419.251048,-3820.940866,-3715.972856,7419.251048
0.21760,1,-6743.459126,916.452547,6195.527926,-6743.459126,916.452547,6195.527926
0.21770,1,-5169.492015,-3478.259155,8201.152745,-5169.492015,-3478.259155,8201.152745
0.21780,1,-5362.601005,-3090.563374,8770.569196,-5362.601005,-3090.563374,8770.569196
0.21790,1,-6064.353391,-431.124063,6463.171046,-6064.353391,-431.124063,6463.171046
0.21800,1,-3836.197099,-4420.253685,7971.085131,-3836.197099,-4420.253685,7971.085131
0.21810,1,-3916.408811,-2954.746015,7372.731062,-3916.408811,-2954.746015,7372.731062
0.21820,1,-8294.954394,-1533.576980,9307.582734,-8294.954394,-1533.576980,9307.582734
0.21830,1,-402.077738,-6150.498669,6888.433828,-402.077738,-6150.498669,6888.433828
0.21840,1,-5526.757014,-1200.143858,6705.560817,-5526.757014,-1200.143858,6705.560817
0.21850,1,-5492.564640,-4661.370099,9864.910256,-5492.564640,-4661.370099,9864.910256
0.21860,1,-994.910518,-5574.243903,7037.817303,-994.910518,-5574.243903,7037.817303
0.21870,1,-6725.673041,-1601.131054,7882.912861,-6725.673041,-1601.131054,7882.912861
0.21880,1,-232.188302,-6475.009328,6940.494849,-232.188302,-6475.009328,6940.494849
0.21890,1,-4542.627359,-4686.368155,9298.062509,-4542.627359,-4686.368155,9298.062509
0.21900,1,-4418.086787,-3235.714927,7327.346542,-4418.086787,-3235.714927,7327.346542
0.21910,1,516.942036,-7347.341698,7257.202295,516.942036,-7347.341698,7257.202295
0.21920,1,-4193.468933,-3634.404901,7505.056701,-4193.468933,-3634.404901,7505.056701
0.21930,1,-2851.492127,-5575.528091,8487.444318,-2851.492127,-5575.528091,8487.444318
0.21940,1,-480.387895,-7262.392463,7992.210828,-480.387895,-7262.392463,7992.210828
0.21950,1,-2297.736470,-3451.421913,5278.637797,-2297.736470,-3451.421913,5278.637797
0.21960,1,-1733.635826,-7333.783818,9575.714806,-1733.635826,-7333.783818,9575.714806
0.21970,1,-179.021105,-6783.547060,6620.201000,-179.021105,-6783.547060,6620.201000
0.21980,1,-3130.732024,-4286.019765,7460.209163,-3130.732024,-4286.019765,7460.209163
0.21990,1,1812.891045,-8237.489310,6689.858109,1812.891045,-8237.489310,6689.858109
0.22000,1,-986.410187,-6233.503481,6767.073562,-986.410187,-6233.503481,6767.073562
0.22010,1,-3091.158433,-5241.690675,8777.714900,-3091.158433,-5241.690675,8777.714900
0.22020,1,4614.635170,-9666.139148,4804.633786,4614.635170,-9666.139148,4804.633786
0.22030,1,-3275.760637,-3991.112420,7216.623659,-3275.760637,-3991.112420,7216.623659
0.22040,1,1994.232833,-8587.829433,6911.486041,1994.232833,-8587.829433,6911.486041
0.22050,1,814.904408,-8016.883658,6764.961241,814.904408,-8016.883658,6764.961241
0.22060,1,-225.813508,-4784.972885,5368.329766,-225.813508,-4784.972885,5368.329766
0.22070,1,3418.657520,-9701.551308,6171.470475,3418.657520,-9701.551308,6171.470475
0.22080,1,-182.116331,-6723.427912,6712.366990,-182.116331,-6723.427912,6712.366990
0.22090,1,1490.561771,-6501.988919,5438.321120,1490.561771,-6501.988919,5438.321120
0.22100,1,3505.528772,-9541.829458,5549.566876,3505.528772,-9541.829458,5549.566876
0.22110,1,1771.923329,-6023.525290,4600.164894,1771.923329,-6023.525290,4600.164894
0.22120,1,772.434446,-7960.754285,7119.188510,772.434446,-7960.754285,7119.188510
0.22130,1,5287.720877,-9362.911377,3844.894389,5287.720877,-9362.911377,3844.894389
0.22140,1,1049.713811,-5160.018697,4534.707046,1049.713811,-5160.018697,4534.707046
0.22150,1,3797.078421,-9785.757749,5559.225165,3797.078421,-9785.757749,5559.225165
0.22160,1,4226.543110,-7965.853699,3986.639370,4226.543110,-7965.853699,3986.639370
0.22170,1,866.127942,-5804.950148,4982.611325,866.127942,-5804.950148,4982.611325
0.22180,1,7719.383256,-10582.375272,2547.908007,7719.383256,-10582.375272,2547.908007
0.22190,1,1344.904752,-6042.201931,5148.160742,1344.904752,-6042.201931,5148.160742
0.22200,1,3947.207449,-7970.125802,3632.842759,3947.207449,-7970.125802,3632.842759
0.22210,1,6985.182648,-9539.608712,2715.021078,6985.182648,-9539.608712,2715.021078
0.22220,1,2037.359169,-5240.971915,3344.837299,2037.359169,-5240.971915,3344.837299
0.22230,1,6403.849652,-9805.708950,3017.870163,6403.849652,-9805.708950,3017.870163
0.22240,1,4442.834032,-7519.306923,3542.536070,4442.834032,-7519.306923,3542.536070
0.22250,1,5076.356057,-6275.808008,848.463669,5076.356057,-6275.808008,848.463669
0.22260,1,6062.151795,-9469.911189,3498.927795,6062.151795,-9469.911189,3498.927795
0.22270,1,5573.999608,-6828.037742,1457.150110,5573.999608,-6828.037742,1457.150110
0.22280,1,3939.067705,-6807.857283,2465.721718,3939.067705,-6807.857283,2465.721718
0.22290,1,8946.117017,-9157.895459,636.800410,8946.117017,-9157.895459,636.800410
0.22300,1,4164.418834,-5715.146318,1292.688333,4164.418834,-5715.146318,1292.688333
0.22310,1,5456.852496,-7788.563072,2308.311382,5456.852496,-7788.563072,2308.311382
0.22320,1,9300.551516,-8448.122246,-552.563840,9300.551516,-8448.122246,-552.563840
0.22330,1,2976.637526,-4478.360803,1051.465585,2976.637526,-4478.360803,1051.465585
0.22340,1,9718.029520,-9437.727826,131.743369,9718.029520,-9437.727826,131.743369
0.22350,1,5104.689298,-5834.695849,530.249916,5104.689298,-5834.695849,530.249916
0.22360,1,6290.322625,-5905.018537,-478.624923,6290.322625,-5905.018537,-478.624923
0.22370,1,9725.946238,-8389.828416,-992.428333,9725.946238,-8389.828416,-992.428333
0.22380,1,4256.774156,-4980.272681,280.876196,4256.774156,-4980.272681,280.876196
0.22390,1,8292.067189,-6565.849710,-1375.188254,8292.067189,-6565.849710,-1375.188254
0.22400,1,8098.947313,-7262.217325,-944.540248,8098.947313,-7262.217325,-944.540248
0.22410,1,6333.516734,-4188.552337,-2323.936141,6333.516734,-4188.552337,-2323.936141
0.22420,1,7755.309625,-7200.194893,-168.090974,7755.309625,-7200.194893,-168.090974
0.22430,1,8201.632881,-5761.597276,-2864.353353,8201.632881,-5761.597276,-2864.353353
0.22440,1,6285.960753,-3867.330693,-2141.811067,6285.960753,-3867.330693,-2141.811067
0.22450,1,9386.465776,-7399.228930,-1993.370886,9386.465776,-7399.228930,-1993.370886
0.22460,1,6818.374407,-3990.323863,-3097.038551,6818.374407,-3990.323863,-3097.038551
0.22470,1,6522.571797,-4392.445508,-1698.048893,6522.571797,-4392.445508,-1698.048893
0.22480,1,11069.108404,-6538.372152,-4941.579513,11069.108404,-6538.372152,-4941.579513
0.22490,1,4595.466084,-2600.052625,-1779.049994,4595.466084,-2600.052625,-1779.049994
0.22500,1,9150.022207,-5215.635110,-3864.333732,9150.022207,-5215.635110,-3864.333732
0.22510,1,8600.651210,-4810.165759,-4114.243869,8600.651210,-4810.165759,-4114.243869
0.22520,1,5888.379123,-1751.723594,-3698.071506,5888.379123,-1751.723594,-3698.071506
0.22530,1,10353.557226,-6305.851014,-4411.853828,10353.557226,-6305.851014,-4411.853828
0.22540,1,5554.081797,-1808.649020,-3609.975922,5554.081797,-1808.649020,-3609.975922
0.22550,1,8652.686328,-3018.226284,-5483.808856,8652.686328,-3018.226284,-5483.808856
0.22560,1,8543.757315,-4494.946593,-4417.977879,8543.757315,-4494.946593,-4417.977879
0.22570,1,6825.391289,-1465.337959,-4931.125197,6825.391289,-1465.337959,-4931.125197
0.22580,1,7354.602809,-2821.732100,-4836.347790,7354.602809,-2821.732100,-4836.347790
0.22590,1,9163.456439,-3235.314625,-5877.778687,9163.456439,-3235.314625,-5877.778687
0.22600,1,6346.117238,-460.256515,-5663.718434,6346.117238,-460.256515,-5663.718434
0.22610,1,7659.842353,-3506.799814,-4546.708119,7659.842353,-3506.799814,-4546.708119
0.22620,1,8662.913668,-1046.780725,-7224.308352,8662.913668,-1046.780725,-7224.308352
0.22630,1,4891.681550,-234.076472,-4872.720665,4891.681550,-234.076472,-4872.720665
0.22640,1,10507.057406,-3225.252951,-7340.180129,10507.057406,-3225.252951,-7340.180129
0.22650,1,4483.620898,711.577269,-4882.282334,4483.620898,711.577269,-4882.282334
0.22660,1,7381.262206,-620.974559,-7197.060053,7381.262206,-620.974559,-7197.060053
0.22670,1,8957.488856,-1831.203904,-6747.851851,8957.488856,-1831.203904,-6747.851851
0.22680,1,4319.864316,1797.320463,-6277.601158,4319.864316,1797.320463,-6277.601158
0.22690,1,8533.130830,-1647.422214,-7008.081932,8533.130830,-1647.422214,-7008.081932
0.22700,1,5933.974828,1137.136731,-6719.349537,5933.974828,1137.136731,-6719.349537
0.22710,1,6218.757643,1113.151285,-7760.787512,6218.757643,1113.151285,-7760.787512
0.22720,1,7256.318851,-646.232670,-6285.411873,7256.318851,-646.232670,-6285.411873
0.22730,1,5481.510421,2212.149494,-7777.555261,5481.510421,2212.149494,-7777.555261
0.22740,1,5687.118589,1387.625579,-7261.028119,5687.118589,1387.625579,-7261.028119
0.22750,1,7310.687424,553.770467,-7493.672751,7310.687424,553.770467,-7493.672751
0.22760,1,4693.778815,2597.522957,-7679.268257,4693.778815,2597.522957,-7679.268257
0.22770,1,4918.814274,2198.047517,-6884.055538,4918.814274,2198.047517,-6884.055538
0.22780,1,7689.818346,1009.330113,-8669.748219,7689.818346,1009.330113,-8669.748219
0.22790,1,2269.978493,4541.804894,-7094.985221,2269.978493,4541.804894,-7094.985221
0.22800,1,7500.687578,545.991279,-7625.628877,7500.687578,545.991279,-7625.628877
0.22810,1,3638.629130,4271.095479,-8291.131689,3638.629130,4271.095479,-8291.131689
0.22820,1,3870.264845,3528.798825,-7215.735153,3870.264845,3528.798825,-7215.735153
0.22830,1,6979.123118,1759.257152,-8648.273506,6979.123118,1759.257152,-8648.273506
0.22840,1,1172.388060,5281.407981,-6773.283162,1172.388060,5281.407981,-6773.283162
0.22850,1,5955.986685,3360.835133,-8908.119675,5955.986685,3360.835133,-8908.119675
0.22860,1,3530.757501,3341.308669,-7190.092988,3530.757501,3341.308669,-7190.092988
0.22870,1,2875.951597,5549.512402,-8336.199074,2875.951597,5549.512402,-8336.199074
0.22880,1,3989.425805,3269.625115,-7078.453728,3989.425805,3269.625115,-7078.453728
0.22890,1,2934.451545,5169.229417,-8476.678218,2934.451545,5169.229417,-8476.678218
0.22900,1,2660.147072,5464.107794,-7717.295361,2660.147072,5464.107794,-7717.295361
0.22910,1,3137.051481,3730.605380,-7133.213393,3137.051481,3730.605380,-7133.213393
0.22920,1,2393.330133,6161.599042,-8543.771897,2393.330133,6161.599042,-8543.771897
0.22930,1,952.585651,5895.294624,-6598.073899,952.585651,5895.294624,-6598.073899
0.22940,1,4567.402670,3876.355736,-8848.255274,4567.402670,3876.355736,-8848.255274
0.22950,1,-999.020895,7696.230749,-6306.901003,-999.020895,7696.230749,-6306.901003
0.22960,1,2807.143691,4900.269261,-7920.747334,2807.143691,4900.269261,-7920.747334
0.22970,1,1873.131292,5803.723356,-7723.259567,1873.131292,5803.723356,-7723.259567
0.22980,1,-1087.382684,7772.659933,-6407.371857,-1087.382684,7772.659933,-6407.371857
0.22990,1,3446.542612,4241.445567,-8066.920597,3446.542612,4241.445567,-8066.920597
0.23000,1,-1937.255458,8358.385000,-6112.898602,-1937.255458,8358.385000,-6112.898602
0.23010,1,1586.861237,6094.829815,-7776.640899,1586.861237,6094.829815,-7776.640899
0.23020,1,178.045075,5960.054083,-6303.999015,178.045075,5960.054083,-6303.999015
0.23030,1,-1181.015391,8147.660289,-6603.935132,-1181.015391,8147.660289,-6603.935132
0.23040,1,18.642685,6580.794452,-7006.633042,18.642685,6580.794452,-7006.633042
0.23050,1,-299.960444,6514.301081,-5933.755704,-299.960444,6514.301081,-5933.755704
0.23060,1,-1652.661630,8448.909635,-6829.680949,-1652.661630,8448.909635,-6829.680949
0.23070,1,-1215.117407,6160.204897,-5173.056553,-1215.117407,6160.204897,-5173.056553
0.23080,1,-367.247371,7946.824489,-7184.099757,-367.247371,7946.824489,-7184.099757
0.23090,1,-3743.171703,8000.161524,-4654.235947,-3743.171703,8000.161524,-4654.235947
0.23100,1,587.905072,6116.646815,-6467.999822,587.905072,6116.646815,-6467.999822
0.23110,1,-4233.629138,9108.813012,-4857.051068,-4233.629138,9108.813012,-4857.051068
0.23120,1,-2022.431999,7230.519225,-5462.736981,-2022.431999,7230.519225,-5462.736981
0.23130,1,-878.591253,6804.831349,-5552.540959,-878.591253,6804.831349,-5552.540959
0.23140,1,-5859.392064,9305.515810,-3769.386001,-5859.392064,9305.515810,-3769.386001
0.23150,1,-477.069709,6601.021259,-5995.036329,-477.069709,6601.021259,-5995.036329
0.23160,1,-4637.813798,8176.467341,-3412.935160,-4637.813798,8176.467341,-3412.935160
0.23170,1,-3531.351881,8363.907676,-5159.621125,-3531.351881,8363.907676,-5159.621125
0.23180,1,-2968.954556,6709.363380,-3351.537526,-2968.954556,6709.363380,-3351.537526
0.23190,1,-5056.705029,9086.919496,-4311.388112,-5056.705029,9086.919496,-4311.388112
0.23200,1,-3525.271979,7231.975897,-3655.369107,-3525.271979,7231.975897,-3655.369107
0.23210,1,-4179.990819,7507.734681,-3123.110195,-4179.990819,7507.734681,-3123.110195
0.23220,1,-5160.657460,8404.770048,-3619.357585,-5160.657460,8404.770048,-3619.357585
0.23230,1,-5137.733647,7961.816566,-2434.407094,-5137.733647,7961.816566,-2434.407094
0.23240,1,-3304.894155,6603.350969,-3538.382631,-3304.894155,6603.350969,-3538.382631
0.23250,1,-7492.054148,9237.562418,-1753.199347,-7492.054148,9237.562418,-1753.199347
0.23260,1,-3479.972126,6300.876013,-2571.527602,-3479.972126,6300.876013,-2571.527602
0.23270,1,-6139.753536,8201.020535,-2441.555728,-6139.753536,8201.020535,-2441.555728
0.23280,1,-6633.446934,7947.896566,-966.768119,-6633.446934,7947.896566,-966.768119
0.23290,1,-3492.076438,5997.879566,-2670.916908,-3492.076438,5997.879566,-2670.916908
0.23300,1,-9101.896249,9083.267884,-66.877623,-9101.896249,9083.267884,-66.877623
0.23310,1,-3654.380113,6278.777929,-2326.786280,-3654.380113,6278.777929,-2326.786280
0.23320,1,-7207.264472,6904.377870,-74.853072,-7207.264472,6904.377870,-74.853072
0.23330,1,-6901.208889,8014.545875,-819.462408,-6901.208889,8014.545875,-819.462408
0.23340,1,-5991.524320,6278.990800,-368.291849,-5991.524320,6278.990800,-368.291849
0.23350,1,-7042.254628,6895.786071,-20.338383,-7042.254628,6895.786071,-20.338383
0.23360,1,-6801.076444,7297.549431,-152.735285,-6801.076444,7297.549431,-152.735285
0.23370,1,-7026.710085,5589.973670,1065.536135,-7026.710085,5589.973670,1065.536135
0.23380,1,-6943.050092,7479.873144,-297.816780,-6943.050092,7479.873144,-297.816780
0.23390,1,-7912.908422,6014.773913,1896.507657,-7912.908422,6014.773913,1896.507657
0.23400,1,-5657.844614,5365.447139,55.240895,-5657.844614,5365.447139,55.240895
0.23410,1,-9196.482445,7244.579823,2329.037682,-9196.482445,7244.579823,2329.037682
0.23420,1,-6648.095238,5239.548665,1052.033867,-6648.095238,5239.548665,1052.033867
0.23430,1,-6616.392480,5144.107129,1658.799401,-6616.392480,5144.107129,1658.799401
0.23440,1,-9586.661247,6862.085464,2786.422962,-9586.661247,6862.085464,2786.422962
0.23450,1,-5518.055853,3731.540793,1506.240009,-5518.055853,3731.540793,1506.240009
0.23460,1,-9215.411969,6494.166611,3099.244607,-9215.411969,6494.166611,3099.244607
0.23470,1,-6877.945165,4368.031358,2197.415960,-6877.945165,4368.031358,2197.415960
0.23480,1,-7366.764681,4257.366777,3225.129909,-7366.764681,4257.366777,3225.129909
0.23490,1,-9217.567785,5833.363940,3512.296851,-9217.567785,5833.363940,3512.296851
0.23500,1,-6512.370965,3312.806904,2888.765426,-6512.370965,3312.806904,2888.765426
0.23510,1,-8213.797009,4386.567578,4182.311193,-8213.797009,4386.567578,4182.311193
0.23520,1,-7774.485381,4395.816893,3139.120246,-7774.485381,4395.816893,3139.120246
0.23530,1,-8483.617030,3316.502109,5183.094280,-8483.617030,3316.502109,5183.094280
0.23540,1,-6497.211506,3460.933922,3257.573568,-6497.211506,3460.933922,3257.573568
0.23550,1,-9321.067456,3845.340842,5107.838638,-9321.067456,3845.340842,5107.838638
0.23560,1,-6244.709802,2198.606286,4408.546345,-6244.709802,2198.606286,4408.546345
0.23570,1,-8772.402888,3856.690835,4710.975929,-8772.402888,3856.690835,4710.975929
0.23580,1,-7893.363679,2254.217269,5602.957596,-7893.363679,2254.217269,5602.957596
0.23590,1,-5737.960799,1642.450458,4355.540859,-5737.960799,1642.450458,4355.540859
0.23600,1,-10513.821392,3883.623064,6260.010862,-10513.821392,3883.623064,6260.010862
0.23610,1,-5012.277008,443.706091,4891.941257,-5012.277008,443.706091,4891.941257
0.23620,1,-8700.759542,2595.641298,5965.338504,-8700.759542,2595.641298,5965.338504
0.23630,1,-7286.961560,1715.517127,5473.764650,-7286.961560,1715.517127,5473.764650
0.23640,1,-6694.046474,348.069681,6633.467911,-6694.046474,348.069681,6633.467911
0.23650,1,-8351.006008,1914.458563,6091.438457,-8351.006008,1914.458563,6091.438457
0.23660,1,-5898.003055,0.785771,6144.696341,-5898.003055,0.785771,6144.696341
0.23670,1,-7791.891772,680.082062,7077.205148,-7791.891772,680.082062,7077.205148
0.23680,1,-6621.396237,650.543943,5771.187509,-6621.396237,650.543943,5771.187509
0.23690,1,-7334.048706,-394.392004,8084.784718,-7334.048706,-394.392004,8084.784718
0.23700,1,-5275.832098,-688.715415,5598.805491,-5275.832098,-688.715415,5598.805491
0.23710,1,-8249.082255,838.749903,7635.894733,-8249.082255,838.749903,7635.894733
0.23720,1,-5392.363187,-1911.645946,7310.445230,-5392.363187,-1911.645946,7310.445230
0.23730,1,-6086.333619,-688.541960,6545.661090,-6086.333619,-688.541960,6545.661090
0.23740,1,-7240.294163,-634.193265,8224.630611,-7240.294163,-634.193265,8224.630611
0.23750,1,-3947.341306,-2853.063174,6483.837541,-3947.341306,-2853.063174,6483.837541
0.23760,1,-8215.751339,70.129559,8292.075910,-8215.751339,70.129559,8292.075910
0.23770,1,-3530.396350,-3518.997611,7137.147616,-3530.396350,-3518.997611,7137.147616
0.23780,1,-6012.725745,-1968.849883,7699.285046,-6012.725745,-1968.849883,7699.285046
0.23790,1,-6091.035407,-1206.367397,7652.354950,-6091.035407,-1206.367397,7652.354950
0.23800,1,-3666.079873,-4399.516644,7793.417031,-3666.079873,-4399.516644,7793.417031
0.23810,1,-5928.526589,-1925.732550,7925.750701,-5928.526589,-1925.732550,7925.750701
0.23820,1,-3688.504260,-3390.337303,7241.912185,-3688.504260,-3390.337303,7241.912185
0.23830,1,-5530.714185,-3426.213546,8627.856590,-5530.714185,-3426.213546,8627.856590
0.23840,1,-3135.240857,-3510.586750,7003.805692,-3135.240857,-3510.586750,7003.805692
0.23850,1,-4977.628730,-3834.405832,8575.672930,-4977.628730,-3834.405832,8575.672930
0.23860,1,-2682.832824,-4710.210589,7412.721281,-2682.832824,-4710.210589,7412.721281
0.23870,1,-4687.722732,-2795.102678,7682.800329,-4687.722732,-2795.102678,7682.800329
0.23880,1,-3207.943861,-5774.170774,8656.698325,-3207.943861,-5774.170774,8656.698325
0.23890,1,-1606.158381,-4621.104312,6531.661579,-1606.158381,-4621.104312,6531.661579
0.23900,1,-5652.915062,-3514.557517,9023.664005,-5652.915062,-3514.557517,9023.664005
0.23910,1,78.553080,-6800.423075,6636.626014,78.553080,-6800.423075,6636.626014
0.23920,1,-4372.854568,-3975.846658,8635.014913,-4372.854568,-3975.846658,8635.014913
0.23930,1,-1111.235215,-6165.398808,6905.695045,-1111.235215,-6165.398808,6905.695045
0.23940,1,-2069.503367,-5504.657337,7878.951480,-2069.503367,-5504.657337,7878.951480
0.23950,1,-2692.734858,-5003.809167,7582.471234,-2692.734858,-5003.809167,7582.471234
0.23960,1,11.977593,-7156.894783,7027.167371,11.977593,-7156.894783,7027.167371
0.23970,1,-2184.601144,-5611.110356,8089.871146,-2184.601144,-5611.110356,8089.871146
0.23980,1,-673.587346,-5720.853001,6055.540086,-673.587346,-5720.853001,6055.540086
0.23990,1,-1224.333132,-7127.895730,8589.039237,-1224.333132,-7127.895730,8589.039237
0.24000,1,706.685438,-6542.028580,5803.439607,706.685438,-6542.028580,5803.439607
0.24010,1,-1599.003864,-6222.599385,7637.961140,-1599.003864,-6222.599385,7637.961140
0.24020,1,884.088006,-7303.445995,6736.874463,884.088006,-7303.445995,6736.874463
0.24030,1,25.922669,-6563.767765,6228.983547,25.922669,-6563.767765,6228.983547
0.24040,1,-21.004414,-7292.488902,7476.066130,-21.004414,-7292.488902,7476.066130
0.24050,1,2436.094895,-7672.345066,5297.390808,2436.094895,-7672.345066,5297.390808
0.24060,1,-1702.373795,-5871.192570,7308.951885,-1702.373795,-5871.192570,7308.951885
0.24070,1,3769.100566,-8843.224082,5437.127235,3769.100566,-8843.224082,5437.127235
0.24080,1,325.677407,-7053.117661,6414.880830,325.677407,-7053.117661,6414.880830
0.24090,1,1456.319748,-6829.202388,5510.394698,1456.319748,-6829.202388,5510.394698
0.24100,1,2917.489124,-8663.506877,5834.711662,2917.489124,-8663.506877,5834.711662
0.24110,1,963.504432,-6797.768611,5567.349427,963.504432,-6797.768611,5567.349427
0.24120,1,3895.793457,-8451.515906,4878.870824,3895.793457,-8451.515906,4878.870824
0.24130,1,1321.062448,-7411.115463,5857.984958,1321.062448,-7411.115463,5857.984958
0.24140,1,3657.877203,-7561.883004,3939.918900,3657.877203,-7561.883004,3939.918900
0.24150,1,2706.750198,-8392.070680,5867.384756,2706.750198,-8392.070680,5867.384756
0.24160,1,4052.835699,-7936.248636,3558.066426,4052.835699,-7936.248636,3558.066426
0.24170,1,2582.533589,-7063.224643,4814.546315,2582.533589,-7063.224643,4814.546315
0.24180,1,4134.202543,-8654.631163,4318.942493,4134.202543,-8654.631163,4318.942493
0.24190,1,4844.887311,-8050.478582,3192.321750,4844.887311,-8050.478582,3192.321750
0.24200,1,2480.704790,-6946.256903,4686.401041,2480.704790,-6946.256903,4686.401041
0.24210,1,6373.846308,-9165.205278,2460.314758,6373.846308,-9165.205278,2460.314758
0.24220,1,2645.225987,-6464.597302,4119.318515,2645.225987,-6464.597302,4119.318515
0.24230,1,6403.568788,-9044.939422,2500.883752,6403.568788,-9044.939422,2500.883752
0.24240,1,4469.728133,-7454.581550,2909.684898,4469.728133,-7454.581550,2909.684898
0.24250,1,4273.140641,-6804.963289,2786.863021,4273.140641,-6804.963289,2786.863021
0.24260,1,7015.848325,-9226.033847,1891.359264,7015.848325,-9226.033847,1891.359264
0.24270,1,4115.587484,-6619.608241,2744.636329,4115.587484,-6619.608241,2744.636329
0.24280,1,6706.067122,-7684.633139,926.825183,6706.067122,-7684.633139,926.825183
0.24290,1,4880.145797,-7759.024505,2714.221949,4880.145797,-7759.024505,2714.221949
0.24300,1,7130.071649,-7117.460383,305.067076,7130.071649,-7117.460383,305.067076
0.24310,1,5311.335945,-7561.256653,1910.326122,5311.335945,-7561.256653,1910.326122
0.24320,1,6919.438592,-7157.867180,461.510073,6919.438592,-7157.867180,461.510073
0.24330,1,6055.622755,-6649.438035,577.764823,6055.622755,-6649.438035,577.764823
0.24340,1,6598.355736,-7696.161551,906.914479,6598.355736,-7696.161551,906.914479
0.24350,1,7848.796540,-6782.794746,-754.375258,7848.796540,-6782.794746,-754.375258
0.24360,1,4693.772713,-5809.258621,822.197680,4693.772713,-5809.258621,822.197680
0.24370,1,9269.367223,-7981.009280,-1141.378664,9269.367223,-7981.009280,-1141.378664
0.24380,1,5719.936862,-5616.587870,-37.910828,5719.936862,-5616.587870,-37.910828
0.24390,1,7475.139683,-6413.655384,-1311.461851,7475.139683,-6413.655384,-1311.461851
0.24400,1,7871.675106,-6718.614122,-823.825821,7871.675106,-6718.614122,-823.825821
0.24410,1,6079.667353,-4935.811981,-1411.305562,6079.667353,-4935.811981,-1411.305562
0.24420,1,9243.175332,-7369.894237,-1779.384652,9243.175332,-7369.894237,-1779.384652
0.24430,1,6042.664814,-4463.263393,-1461.275510,6042.664814,-4463.263393,-1461.275510
0.24440,1,8170.986577,-5776.631965,-2669.199716,8170.986577,-5776.631965,-2669.199716
0.24450,1,7726.740440,-5802.926168,-1613.156492,7726.740440,-5802.926168,-1613.156492
0.24460,1,7713.966896,-4769.958558,-3152.185294,7713.966896,-4769.958558,-3152.185294
0.24470,1,7525.846607,-4871.372715,-2640.647919,7525.846607,-4871.372715,-2640.647919
0.24480,1,7815.458496,-5061.600240,-2563.457207,7815.458496,-5061.600240,-2563.457207
0.24490,1,8397.243303,-4521.445492,-4189.865332,8397.243303,-4521.445492,-4189.865332
0.24500,1,6708.081012,-4082.754172,-2319.989770,6708.081012,-4082.754172,-2319.989770
0.24510,1,9509.429652,-4866.846247,-4807.555525,9509.429652,-4866.846247,-4807.555525
0.24520,1,5720.552262,-2693.838038,-3072.663657,5720.552262,-2693.838038,-3072.663657
0.24530,1,9953.446621,-5206.802409,-4506.068920,9953.446621,-5206.802409,-4506.068920
0.24540,1,6573.313108,-2434.813501,-4473.925405,6573.313108,-2434.813501,-4473.925405
0.24550,1,7453.369116,-3078.531905,-4080.522372,7453.369116,-3078.531905,-4080.522372
0.24560,1,9391.145681,-4212.586389,-5314.009815,9391.145681,-4212.586389,-5314.009815
0.24570,1,5806.937916,-1599.097347,-4276.379438,5806.937916,-1599.097347,-4276.379438
0.24580,1,9436.390181,-3253.882944,-5952.201142,9436.390181,-3253.882944,-5952.201142
0.24590,1,6157.149603,-2122.532549,-4311.955259,6157.149603,-2122.532549,-4311.955259
0.24600,1,8480.419413,-1784.085024,-6504.983506,8480.419413,-1784.085024,-6504.983506
0.24610,1,7375.085819,-2630.429154,-4752.533392,7375.085819,-2630.429154,-4752.533392
0.24620,1,7260.191918,-953.377973,-6497.799984,7260.191918,-953.377973,-6497.799984
0.24630,1,7566.229697,-1455.695647,-5790.334381,7566.229697,-1455.695647,-5790.334381
0.24640,1,7264.354727,-1789.051347,-5795.551196,7264.354727,-1789.051347,-5795.551196
0.24650,1,7817.615039,-455.940485,-7170.765829,7817.615039,-455.940485,-7170.765829
0.24660,1,5695.460296,-276.262576,-5402.325456,5695.460296,-276.262576,-5402.325456
0.24670,1,8768.112364,-1483.291263,-7499.547436,8768.112364,-1483.291263,-7499.547436
0.24680,1,5349.556847,1063.926580,-6090.509572,5349.556847,1063.926580,-6090.509572
0.24690,1,7483.341142,-723.990841,-7055.873055,7483.341142,-723.990841,-7055.873055
0.24700,1,6759.040535,536.499150,-7143.380997,6759.040535,536.499150,-7143.380997
0.24710,1,5364.875293,1261.553962,-6579.260417,5364.875293,1261.553962,-6579.260417
0.24720,1,8552.494687,-839.082800,-7924.913178,8552.494687,-839.082800,-7924.913178
0.24730,1,3777.095089,2926.087822,-6432.300759,3777.095089,2926.087822,-6432.300759
0.24740,1,7614.234612,375.746153,-8187.237881,7614.234612,375.746153,-8187.237881
0.24750,1,5320.106121,1374.642874,-6670.159379,5320.106121,1374.642874,-6670.159379
0.24760,1,5925.658368,2421.131293,-8172.673957,5925.658368,2421.131293,-8172.673957
0.24770,1,5399.306049,1570.544582,-7280.053697,5399.306049,1570.544582,-7280.053697
0.24780,1,5261.973844,2522.780352,-7458.982374,5261.973844,2522.780352,-7458.982374
0.24790,1,5665.992923,2501.323632,-8377.723509,5665.992923,2501.323632,-8377.723509
0.24800,1,4436.843044,2402.799627,-6825.853664,4436.843044,2402.799627,-6825.853664
0.24810,1,5664.931273,3332.602393,-8813.638382,5664.931273,3332.602393,-8813.638382
0.24820,1,3014.711825,3536.123539,-6849.070248,3014.711825,3536.123539,-6849.070248
0.24830,1,6468.206387,2274.950811,-8458.209101,6468.206387,2274.950811,-8458.209101
0.24840,1,2741.184371,4839.278739,-7730.990319,2741.184371,4839.278739,-7730.990319
0.24850,1,4077.633279,3479.053369,-7599.319896,4077.633279,3479.053369,-7599.319896
0.24860,1,4959.385615,3554.154670,-8302.070065,4959.385615,3554.154670,-8302.070065
0.24870,1,1801.850635,5300.398168,-7382.162673,1801.850635,5300.398168,-7382.162673
0.24880,1,5315.727485,3290.377678,-8386.337753,5315.727485,3290.377678,-8386.337753
0.24890,1,1334.588764,5810.423248,-7199.542400,1334.588764,5810.423248,-7199.542400
0.24900,1,3874.842462,4360.387782,-8377.934140,3874.842462,4360.387782,-8377.934140
0.24910,1,2844.891022,4727.079115,-7282.959537,2844.891022,4727.079115,-7282.959537
0.24920,1,1698.545287,6022.089529,-8039.818522,1698.545287,6022.089529,-8039.818522
0.24930,1,2734.976725,5130.739656,-7643.794873,2734.976725,5130.739656,-7643.794873
0.24940,1,1619.581832,5287.920103,-6943.905346,1619.581832,5287.920103,-6943.905346
0.24950,1,2378.157393,6289.800305,-8824.452845,2378.157393,6289.800305,-8824.452845
0.24960,1,302.617332,5778.310779,-5803.713418,302.617332,5778.310779,-5803.713418
0.24970,1,2604.676917,5952.389097,-8830.565906,2604.676917,5952.389097,-8830.565906
0.24980,1,-474.303268,6713.476510,-6088.273835,-474.303268,6713.476510,-6088.273835
0.24990,1,2128.491011,5726.016497,-7816.504376,2128.491011,5726.016497,-7816.504376
0.25000,1,-250.033994,7150.908425,-7109.090790,-250.033994,7150.908425,-7109.090790
0.25010,1,-261.669736,6892.376338,-6343.526409,-261.669736,6892.376338,-6343.526409
0.25020,1,1680.302117,5610.360268,-7528.456408,1680.302117,5610.360268,-7528.456408
0.25030,1,-2229.768577,8513.682211,-6201.459509,-2229.768577,8513.682211,-6201.459509
0.25040,1,1025.246029,6028.112882,-6938.470319,1025.246029,6028.112882,-6938.470319
0.25050,1,-1706.703235,7294.287479,-5855.739851,-1706.703235,7294.287479,-5855.739851
0.25060,1,-632.206227,7787.633224,-6841.079770,-632.206227,7787.633224,-6841.079770
0.25070,1,-939.869000,6405.022431,-5697.517269,-939.869000,6405.022431,-5697.517269
0.25080,1,-2239.364217,8545.453137,-6246.005856,-2239.364217,8545.453137,-6246.005856
0.25090,1,-974.914245,6740.479679,-5635.274006,-974.914245,6740.479679,-5635.274006
0.25100,1,-2558.530835,7608.210197,-5304.910540,-2558.530835,7608.210197,-5304.910540
0.25110,1,-1444.678281,8029.512177,-6320.837317,-1444.678281,8029.512177,-6320.837317
0.25120,1,-3631.693151,7701.872042,-4222.360359,-3631.693151,7701.872042,-4222.360359
0.25130,1,-1341.641687,7053.817046,-5740.570098,-1341.641687,7053.817046,-5740.570098
0.25140,1,-3702.008389,8811.991371,-4909.645358,-3702.008389,8811.991371,-4909.645358
0.25150,1,-3183.742938,7084.834962,-4187.014164,-3183.742938,7084.834962,-4187.014164
0.25160,1,-2477.411808,8010.876055,-5284.724888,-2477.411808,8010.876055,-5284.724888
0.25170,1,-5255.498053,8362.179274,-3207.822878,-5255.498053,8362.179274,-3207.822878
0.25180,1,-1555.569928,6673.092465,-5210.490244,-1555.569928,6673.092465,-5210.490244
0.25190,1,-6126.134211,9439.716479,-3059.746881,-6126.134211,9439.716479,-3059.746881
0.25200,1,-3037.549242,6729.879838,-4004.273562,-3037.549242,6729.879838,-4004.273562
0.25210,1,-4557.280930,7833.805105,-3030.583323,-4557.280930,7833.805105,-3030.583323
0.25220,1,-5126.385250,8723.926296,-3680.988783,-5126.385250,8723.926296,-3680.988783
0.25230,1,-4126.364488,6776.792021,-2753.293460,-4126.364488,6776.792021,-2753.293460
0.25240,1,-5883.039703,8425.772206,-2307.881602,-5883.039703,8425.772206,-2307.881602
0.25250,1,-4186.601261,7401.380686,-3469.120262,-4186.601261,7401.380686,-3469.120262
0.25260,1,-6481.751214,7638.923451,-1000.932093,-6481.751214,7638.923451,-1000.932093
0.25270,1,-4398.406427,7921.995774,-3505.938209,-4398.406427,7921.995774,-3505.938209
0.25280,1,-7152.687361,7356.878503,-392.847817,-7152.687361,7356.878503,-392.847817
0.25290,1,-4426.651741,7109.120180,-2399.064223,-4426.651741,7109.120180,-2399.064223
0.25300,1,-6994.233185,8168.096499,-1431.151976,-6994.233185,8168.096499,-1431.151976
0.25310,1,-6438.840897,6831.039248,-270.377102,-6438.840897,6831.039248,-270.377102
0.25320,1,-5087.315987,6778.560803,-1622.694461,-5087.315987,6778.560803,-1622.694461
0.25330,1,-8337.345042,8172.014472,-66.397167,-8337.345042,8172.014472,-66.397167
0.25340,1,-4845.990376,5819.764721,-672.356091,-4845.990376,5819.764721,-672.356091
0.25350,1,-8131.014659,7639.716697,243.938482,-8131.014659,7639.716697,243.938482
0.25360,1,-6372.561222,6371.296256,97.592783,-6372.561222,6371.296256,97.592783
0.25370,1,-6482.089816,6100.594116,469.234008,-6482.089816,6100.594116,469.234008
0.25380,1,-8394.781749,7831.006131,340.582194,-8394.781749,7831.006131,340.582194
0.25390,1,-5900.729208,4860.522892,1294.198320,-5900.729208,4860.522892,1294.198320
0.25400,1,-8320.603999,6797.076893,1358.004498,-8320.603999,6797.076893,1358.004498
0.25410,1,-6440.348694,5932.103501,507.128914,-6440.348694,5932.103501,507.128914
0.25420,1,-8464.658687,5807.344783,2832.476021,-8464.658687,5807.344783,2832.476021
0.25430,1,-6687.300292,5463.388491,945.314818,-6687.300292,5463.388491,945.314818
0.25440,1,-8248.761789,5996.217499,2520.470275,-8248.761789,5996.217499,2520.470275
0.25450,1,-7402.914051,4643.733790,2614.511444,-7402.914051,4643.733790,2614.511444
0.25460,1,-7429.607448,5858.064682,1534.322798,-7429.607448,5858.064682,1534.322798
0.25470,1,-8967.321377,4653.676753,4516.460359,-8967.321377,4653.676753,4516.460359
0.25480,1,-5738.788224,4092.926340,1365.565806,-5738.788224,4092.926340,1365.565806
0.25490,1,-10195.552669,6081.208269,4354.269396,-10195.552669,6081.208269,4354.269396
0.25500,1,-5821.981342,2706.617214,3016.851655,-5821.981342,2706.617214,3016.851655
0.25510,1,-8820.950982,4756.931231,3984.187742,-8820.950982,4756.931231,3984.187742
0.25520,1,-7520.922283,4087.412573,3653.103452,-7520.922283,4087.412573,3653.103452
0.25530,1,-7396.828488,3000.554759,4138.052790,-7396.828488,3000.554759,4138.052790
0.25540,1,-8956.699481,4482.276465,4655.576084,-8956.699481,4482.276465,4655.576084
0.25550,1,-6580.031753,2482.554023,4077.689977,-6580.031753,2482.554023,4077.689977
0.25560,1,-8613.939983,3024.158387,5435.781652,-8613.939983,3024.158387,5435.781652
0.25570,1,-7074.810827,3686.431807,3655.426471,-7074.810827,3686.431807,3655.426471
0.25580,1,-8404.831320,1512.783000,6623.822007,-8404.831320,1512.783000,6623.822007
0.25590,1,-7059.648634,2868.955239,4349.237783,-7059.648634,2868.955239,4349.237783
0.25600,1,-7930.835572,2352.834832,5595.560219,-7930.835572,2352.834832,5595.560219
0.25610,1,-7818.211440,1413.930473,6221.038560,-7818.211440,1413.930473,6221.038560
0.25620,1,-6588.498243,1863.556233,4995.426835,-6588.498243,1863.556233,4995.426835
0.25630,1,-8977.670181,1680.122076,7056.468323,-8977.670181,1680.122076,7056.468323
0.25640,1,-5180.769945,281.222498,5010.597783,-5180.769945,281.222498,5010.597783
0.25650,1,-9072.931961,2254.167704,6883.395664,-9072.931961,2254.167704,6883.395664
0.25660,1,-5823.342978,-474.918541,6090.557494,-5823.342978,-474.918541,6090.557494
0.25670,1,-7019.618925,760.808094,6517.349383,-7019.618925,760.808094,6517.349383
0.25680,1,-7864.267597,990.991012,6679.684606,-7864.267597,990.991012,6679.684606
0.25690,1,-5370.273329,-1426.377309,6840.232273,-5370.273329,-1426.377309,6840.232273
0.25700,1,-8061.572335,855.532173,7334.098424,-8061.572335,855.532173,7334.098424
0.25710,1,-5286.416786,-1070.493806,6112.476862,-5286.416786,-1070.493806,6112.476862
0.25720,1,-7212.963198,-806.121187,8275.592261,-7212.963198,-806.121187,8275.592261
0.25730,1,-5716.206070,-559.363695,6119.546138,-5716.206070,-559.363695,6119.546138
0.25740,1,-6466.472520,-1729.676329,8183.326272,-6466.472520,-1729.676329,8183.326272
0.25750,1,-5409.693293,-1356.797263,6947.086495,-5409.693293,-1356.797263,6947.086495
0.25760,1,-6165.124682,-1353.081509,7243.909491,-6165.124682,-1353.081509,7243.909491
0.25770,1,-5777.609396,-2578.048656,8612.473761,-5777.609396,-2578.048656,8612.473761
0.25780,1,-4381.038365,-2104.173429,6350.667054,-4381.038365,-2104.173429,6350.667054
0.25790,1,-6829.107236,-1787.871073,8579.568500,-6829.107236,-1787.871073,8579.568500
0.25800,1,-3403.875355,-3700.162389,7291.292956,-3403.875355,-3700.162389,7291.292956
0.25810,1,-6128.076002,-2018.757402,7897.553392,-6128.076002,-2018.757402,7897.553392
0.25820,1,-4141.375567,-3638.465898,7980.056681,-4141.375567,-3638.465898,7980.056681
0.25830,1,-3861.198212,-3677.789370,7478.086093,-3861.198212,-3677.789370,7478.086093
0.25840,1,-5767.425034,-2599.130208,8261.824993,-5767.425034,-2599.130208,8261.824993
0.25850,1,-2244.889957,-5084.515084,7554.931586,-2244.889957,-5084.515084,7554.931586
0.25860,1,-5248.211365,-3238.491054,8241.022372,-5248.211365,-3238.491054,8241.022372
0.25870,1,-2721.991969,-4192.104415,7071.038513,-2721.991969,-4192.104415,7071.038513
0.25880,1,-3840.927666,-5185.333679,9032.280537,-3840.927666,-5185.333679,9032.280537
0.25890,1,-3001.783125,-3835.512573,6664.893007,-3001.783125,-3835.512573,6664.893007
0.25900,1,-2891.070329,-5256.088249,8421.052013,-2891.070329,-5256.088249,8421.052013
0.25910,1,-2976.201443,-4976.481577,7686.871841,-2976.201443,-4976.481577,7686.871841
0.25920,1,-2045.778530,-4986.875045,7187.016172,-2045.778530,-4986.875045,7187.016172
0.25930,1,-2947.332588,-5742.436477,8704.115428,-2947.332588,-5742.436477,8704.115428
0.25940,1,-755.544704,-5698.281943,6287.738810,-755.544704,-5698.281943,6287.738810
0.25950,1,-3357.149638,-4894.022743,8489.796857,-3357.149638,-4894.022743,8489.796857
0.25960,1,-164.774691,-7156.689031,7121.243852,-164.774691,-7156.689031,7121.243852
0.25970,1,-1809.193646,-5322.275408,7202.737067,-1809.193646,-5322.275408,7202.737067
0.25980,1,-1442.789411,-5985.612120,7521.270272,-1442.789411,-5985.612120,7521.270272
0.25990,1,383.163416,-7503.987189,6903.120880,383.163416,-7503.987189,6903.120880
0.26000,1,-2185.249329,-4982.187770,7417.376890,-2185.249329,-4982.187770,7417.376890
0.26010,1,1412.127841,-8101.345224,6516.966827,1412.127841,-8101.345224,6516.966827
0.26020,1,-1350.266976,-5910.451940,7279.547742,-1350.266976,-5910.451940,7279.547742
0.26030,1,743.491871,-6767.379535,6171.454719,743.491871,-6767.379535,6171.454719
0.26040,1,500.740024,-7990.820857,7235.586193,500.740024,-7990.820857,7235.586193
0.26050,1,463.773620,-6115.378733,5910.735329,463.773620,-6115.378733,5910.735329
0.26060,1,1174.485109,-7572.869128,6239.954920,1174.485109,-7572.869128,6239.954920
0.26070,1,766.506765,-7623.942494,6855.901704,766.506765,-7623.942494,6855.901704
0.26080,1,2168.282182,-6939.977972,4925.358824,2168.282182,-6939.977972,4925.358824
0.26090,1,669.239810,-7704.958032,6805.136124,669.239810,-7704.958032,6805.136124
0.26100,1,3108.617716,-7788.819164,4881.932329,3108.617716,-7788.819164,4881.932329
0.26110,1,970.627416,-6913.005935,5864.162523,970.627416,-6913.005935,5864.162523
0.26120,1,3146.377650,-8611.093123,5380.750317,3146.377650,-8611.093123,5380.750317
0.26130,1,2820.760719,-7196.968200,4592.515571,2820.760719,-7196.968200,4592.515571
0.26140,1,1566.988299,-7306.242573,5480.094357,1566.988299,-7306.242573,5480.094357
0.26150,1,5073.944649,-9171.286440,4292.845347,5073.944649,-9171.286440,4292.845347
0.26160,1,1304.506722,-6264.299904,4909.786776,1304.506722,-6264.299904,4909.786776
0.26170,1,4966.835684,-8822.280521,3741.893620,4966.835684,-8822.280521,3741.893620
0.26180,1,3061.941444,-7657.575575,4823.587734,3061.941444,-7657.575575,4823.587734
0.26190,1,3807.489194,-7344.443595,3293.660843,3807.489194,-7344.443595,3293.660843
0.26200,1,5008.701298,-8763.762838,3911.567113,5008.701298,-8763.762838,3911.567113
0.26210,1,3346.062052,-6980.071523,3629.643038,3346.062052,-6980.071523,3629.643038
0.26220,1,5461.067107,-8085.634673,2480.247686,5461.067107,-8085.634673,2480.247686
0.26230,1,4027.779403,-8120.859808,4319.666425,4027.779403,-8120.859808,4319.666425
0.26240,1,5925.974988,-7308.936037,1178.714173,5925.974988,-7308.936037,1178.714173
0.26250,1,3881.612663,-7619.649070,3826.469107,3881.612663,-7619.649070,3826.469107
0.26260,1,6768.519766,-8281.112964,1586.044526,6768.519766,-8281.112964,1586.044526
0.26270,1,4374.123539,-6813.800519,2229.650407,4374.123539,-6813.800519,2229.650407
0.26280,1,6215.561436,-7936.889377,1986.141345,6215.561436,-7936.889377,1986.141345
0.26290,1,6296.179568,-7644.617974,1136.147049,6296.179568,-7644.617974,1136.147049
0.26300,1,4583.699621,-6409.911760,1903.119901,4583.699621,-6409.911760,1903.119901
0.26310,1,8276.402948,-8731.435341,540.768026,8276.402948,-8731.435341,540.768026
0.26320,1,4358.437808,-5832.768120,1269.610054,4358.437808,-5832.768120,1269.610054
0.26330,1,7641.048459,-7542.880673,134.294736,7641.048459,-7542.880673,134.294736
0.26340,1,6420.101936,-7476.160270,899.156134,6420.101936,-7476.160270,899.156134
0.26350,1,6134.313985,-5804.241701,-315.412414,6134.313985,-5804.241701,-315.412414
0.26360,1,7905.104206,-7578.495954,-193.525349,7905.104206,-7578.495954,-193.525349
0.26370,1,5913.015806,-6200.877384,68.957941,5913.015806,-6200.877384,68.957941
0.26380,1,7934.660196,-6310.527578,-1417.748241,7934.660196,-6310.527578,-1417.748241
0.26390,1,6583.225715,-6704.441330,23.597389,6583.225715,-6704.441330,23.597389
0.26400,1,7872.975804,-5849.297369,-2083.255534,7872.975804,-5849.297369,-2083.255534
0.26410,1,6687.935573,-5714.864010,-772.640015,6687.935573,-5714.864010,-772.640015
0.26420,1,8138.132431,-6688.597050,-1712.454063,8138.132431,-6688.597050,-1712.454063
0.26430,1,7294.649173,-4746.410812,-2325.713003,7294.649173,-4746.410812,-2325.713003
0.26440,1,7052.864257,-5732.326803,-1415.055029,7052.864257,-5732.326803,-1415.055029
0.26450,1,9112.019411,-5953.760193,-3222.844669,9112.019411,-5953.760193,-3222.844669
0.26460,1,5673.731047,-3880.860793,-1603.325070,5673.731047,-3880.860793,-1603.325070
0.26470,1,9881.039786,-6215.317687,-3891.993822,9881.039786,-6215.317687,-3891.993822
0.26480,1,6271.754718,-3923.837788,-2184.806970,6271.754718,-3923.837788,-2184.806970
0.26490,1,8349.663351,-4509.603854,-3867.539099,8349.663351,-4509.603854,-3867.539099
0.26500,1,8369.220117,-5230.906728,-3256.305027,8369.220117,-5230.906728,-3256.305027
0.26510,1,6727.489605,-2897.261532,-3619.474411,6727.489605,-2897.261532,-3619.474411
0.26520,1,9156.083118,-4772.794235,-4590.472383,9156.083118,-4772.794235,-4590.472383
0.26530,1,6815.045458,-3625.836223,-3079.688715,6815.045458,-3625.836223,-3079.688715
0.26540,1,8702.538931,-3067.937293,-5591.297757,8702.538931,-3067.937293,-5591.297757
0.26550,1,7091.522950,-3723.392534,-3552.442907,7091.522950,-3723.392534,-3552.442907
0.26560,1,8685.213147,-2948.502760,-5481.238815,8685.213147,-2948.502760,-5481.238815
0.26570,1,6888.072629,-2487.370426,-4625.157600,6888.072629,-2487.370426,-4625.157600
0.26580,1,8442.053843,-3256.331765,-5079.102643,8442.053843,-3256.331765,-5079.102643
0.26590,1,7652.324348,-1776.701721,-5825.761894,7652.324348,-1776.701721,-5825.761894
0.26600,1,6816.979270,-2155.415013,-4838.171562,6816.979270,-2155.415013,-4838.171562
0.26610,1,9190.123410,-2612.969246,-6354.575783,9190.123410,-2612.969246,-6354.575783
0.26620,1,5669.568792,-601.830194,-5235.477196,5669.568792,-601.830194,-5235.477196
0.26630,1,8813.469150,-2126.321567,-6647.508005,8813.469150,-2126.321567,-6647.508005
0.26640,1,6931.085115,-1211.487586,-5612.799178,6931.085115,-1211.487586,-5612.799178
0.26650,1,6644.874108,-198.510238,-6651.281518,6644.874108,-198.510238,-6651.281518
0.26660,1,8522.931563,-1815.141530,-6494.556922,8522.931563,-1815.141530,-6494.556922
0.26670,1,5446.122853,638.891004,-6210.121784,5446.122853,638.891004,-6210.121784
0.26680,1,8261.862094,-833.798563,-7448.371740,8261.862094,-833.798563,-7448.371740
0.26690,1,5940.794063,21.259394,-5798.893096,5940.794063,21.259394,-5798.893096
0.26700,1,7189.124792,679.072152,-8108.719388,7189.124792,679.072152,-8108.719388
0.26710,1,6108.273329,322.825634,-6209.500974,6108.273329,322.825634,-6209.500974
0.26720,1,6891.017724,507.094073,-7510.838390,6891.017724,507.094073,-7510.838390
0.26730,1,5845.086194,1606.415318,-7488.794830,5845.086194,1606.415318,-7488.794830
0.26740,1,6113.772494,811.342936,-6758.687610,6113.772494,811.342936,-6758.687610
0.26750,1,6577.696754,1513.293179,-8308.927968,6577.696754,1513.293179,-8308.927968
0.26760,1,4407.695407,2310.036608,-6544.875763,4407.695407,2310.036608,-6544.875763
0.26770,1,7375.626815,1010.003175,-8435.464551,7375.626815,1010.003175,-8435.464551
0.26780,1,3769.358326,3227.384283,-7091.639967,3769.358326,3227.384283,-7091.639967
0.26790,1,6224.645130,2029.255556,-8053.886183,6224.645130,2029.255556,-8053.886183
0.26800,1,5023.701069,2287.091971,-7528.176944,5023.701069,2287.091971,-7528.176944
0.26810,1,3947.646339,3923.632163,-7730.373866,3947.646339,3923.632163,-7730.373866
0.26820,1,6005.283973,2215.293539,-8221.477298,6005.283973,2215.293539,-8221.477298
0.26830,1,3241.101582,3797.101682,-7179.060595,3241.101582,3797.101682,-7179.060595
0.26840,1,4984.344614,3837.884152,-8596.314527,4984.344614,3837.884152,-8596.314527
0.26850,1,3742.983742,3131.676576,-7090.762530,3742.983742,3131.676576,-7090.762530
0.26860,1,3747.380266,4836.818986,-8466.179834,3747.380266,4836.818986,-8466.179834
0.26870,1,3838.465865,3759.903692,-7570.290157,3838.465865,3759.903692,-7570.290157
0.26880,1,3024.172673,4415.705599,-7597.414315,3024.172673,4415.705599,-7597.414315
0.26890,1,3636.572871,4997.560759,-8416.856620,3636.572871,4997.560759,-8416.856620
0.26900,1,2054.424124,4761.893662,-6996.737495,2054.424124,4761.893662,-6996.737495
0.26910,1,4157.616136,4525.834658,-8617.602958,4157.616136,4525.834658,-8617.602958
0.26920,1,496.942041,6267.319106,-6686.025410,496.942041,6267.319106,-6686.025410
0.26930,1,4113.143360,4309.343133,-8609.518149,4113.143360,4309.343133,-8609.518149
0.26940,1,743.710356,6321.682662,-6850.150449,743.710356,6321.682662,-6850.150449
0.26950,1,1981.349845,5730.834613,-7860.575710,1981.349845,5730.834613,-7860.575710
0.26960,1,2177.547908,5193.415996,-7353.837689,2177.547908,5193.415996,-7353.837689
0.26970,1,-120.913660,7269.830052,-7024.708585,-120.913660,7269.830052,-7024.708585
0.26980,1,2549.200191,5216.343127,-7978.397048,2549.200191,5216.343127,-7978.397048
0.26990,1,-414.283558,6781.657202,-6154.584823,-414.283558,6781.657202,-6154.584823
0.27000,1,997.736757,6759.230972,-7878.971609,997.736757,6759.230972,-7878.971609
0.27010,1,249.553349,6206.128331,-6474.253169,249.553349,6206.128331,-6474.253169
0.27020,1,-40.517033,7099.431571,-6908.014783,-40.517033,7099.431571,-6908.014783
0.27030,1,-312.857029,6920.234286,-6824.032918,-312.857029,6920.234286,-6824.032918
0.27040,1,-422.283770,6743.910340,-6131.233959,-422.283770,6743.910340,-6131.233959
0.27050,1,-537.551516,7483.831099,-7028.472889,-537.551516,7483.831099,-7028.472889
0.27060,1,-1575.138097,7160.614340,-5644.157235,-1575.138097,7160.614340,-5644.157235
0.27070,1,-179.497363,6914.930511,-6562.166863,-179.497363,6914.930511,-6562.166863
0.27080,1,-2766.187888,8124.414125,-5568.390366,-2766.187888,8124.414125,-5568.390366
0.27090,1,-685.683512,6985.290814,-6143.839261,-685.683512,6985.290814,-6143.839261
0.27100,1,-2028.655067,7482.015647,-5485.218179,-2028.655067,7482.015647,-5485.218179
0.27110,1,-3332.114928,8292.912139,-5066.548617,-3332.114928,8292.912139,-5066.548617
0.27120,1,-397.339004,6715.980668,-6119.166018,-397.339004,6715.980668,-6119.166018
0.27130,1,-4900.973873,8635.681922,-3941.336363,-4900.973873,8635.681922,-3941.336363
0.27140,1,-1020.884529,7243.376634,-6096.581088,-1020.884529,7243.376634,-6096.581088
0.27150,1,-4286.267821,7730.538190,-3434.028103,-4286.267821,7730.538190,-3434.028103
0.27160,1,-2984.638538,8345.794711,-5502.681956,-2984.638538,8345.794711,-5502.681956
0.27170,1,-3317.930658,7326.317508,-3794.518525,-3317.930658,7326.317508,-3794.518525
0.27180,1,-4192.134800,8046.290866,-4048.644828,-4192.134800,8046.290866,-4048.644828
0.27190,1,-3754.691743,7922.897986,-4074.166645,-3754.691743,7922.897986,-4074.166645
0.27200,1,-4422.195209,7834.859031,-3366.413118,-4422.195209,7834.859031,-3366.413118
0.27210,1,-3858.794195,7574.266134,-3879.723359,-3858.794195,7574.266134,-3879.723359
0.27220,1,-5695.960121,8424.901876,-2517.122739,-5695.960121,8424.901876,-2517.122739
0.27230,1,-3444.992243,6909.357448,-3631.643879,-3444.992243,6909.357448,-3631.643879
0.27240,1,-6272.474445,8599.895698,-2274.670262,-6272.474445,8599.895698,-2274.670262
0.27250,1,-4469.327391,7280.873760,-2727.862831,-4469.327391,7280.873760,-2727.862831
0.27260,1,-5223.722091,7338.434221,-2295.367440,-5223.722091,7338.434221,-2295.367440
0.27270,1,-6707.815903,8418.220506,-1512.283058,-6707.815903,8418.220506,-1512.283058
0.27280,1,-3955.546745,6730.099783,-2900.980581,-3955.546745,6730.099783,-2900.980581
0.27290,1,-7545.843509,7839.898678,-295.517796,-7545.843509,7839.898678,-295.517796
0.27300,1,-5106.943197,7423.898770,-2184.573812,-5106.943197,7423.898770,-2184.573812
0.27310,1,-6379.228671,6824.392862,-652.899840,-6379.228671,6824.392862,-652.899840
0.27320,1,-6743.195594,7810.726053,-870.675523,-6743.195594,7810.726053,-870.675523
0.27330,1,-5843.402535,6631.023545,-889.603921,-5843.402535,6631.023545,-889.603921
0.27340,1,-7375.035094,6979.506762,360.911314,-7375.035094,6979.506762,360.911314
0.27350,1,-6080.509854,7116.635281,-879.083907,-6080.509854,7116.635281,-879.083907
0.27360,1,-7598.429118,6582.338391,804.458220,-7598.429118,6582.338391,804.458220
0.27370,1,-6066.775808,6389.774179,-144.882837,-6066.775808,6389.774179,-144.882837
0.27380,1,-8371.825550,6871.472812,1430.332036,-8371.825550,6871.472812,1430.332036
0.27390,1,-5959.699026,5917.281211,-20.738186,-5959.699026,5917.281211,-20.738186
0.27400,1,-8002.407824,6290.654382,1877.275206,-8002.407824,6290.654382,1877.275206
0.27410,1,-7636.032138,6304.971394,1140.326710,-7636.032138,6304.971394,1140.326710
0.27420,1,-6369.215386,5061.631413,1437.632390,-6369.215386,5061.631413,1437.632390
0.27430,1,-9179.095151,6686.068909,2485.193969,-9179.095151,6686.068909,2485.193969
0.27440,1,-5869.103488,4577.620706,1170.593894,-5869.103488,4577.620706,1170.593894
0.27450,1,-8855.463271,5630.762920,3427.040194,-8855.463271,5630.762920,3427.040194
0.27460,1,-7312.492031,5199.489618,1913.991683,-7312.492031,5199.489618,1913.991683
0.27470,1,-7420.861636,4756.111704,2778.658890,-7420.861636,4756.111704,2778.658890
0.27480,1,-8490.114543,4894.604873,3614.456267,-8490.114543,4894.604873,3614.456267
0.27490,1,-7183.498709,4514.125825,2528.306452,-7183.498709,4514.125825,2528.306452
0.27500,1,-8355.866935,4284.394164,4274.274757,-8355.866935,4284.394164,4274.274757
0.27510,1,-7338.652692,4273.409913,2888.750386,-7338.652692,4273.409913,2888.750386
0.27520,1,-8550.764553,3937.370712,4689.786716,-8550.764553,3937.370712,4689.786716
0.27530,1,-7004.223726,3446.183987,3613.775712,-7004.223726,3446.183987,3613.775712
0.27540,1,-8725.723460,3847.223137,4717.957390,-8725.723460,3847.223137,4717.957390
0.27550,1,-7171.087767,3158.023652,4207.853248,-7171.087767,3158.023652,4207.853248
0.27560,1,-7735.893237,2694.943529,4899.204729,-7735.893237,2694.943529,4899.204729
0.27570,1,-8750.616577,3482.242184,5294.790798,-8750.616577,3482.242184,5294.790798
0.27580,1,-6066.546458,1914.082114,4255.953986,-6066.546458,1914.082114,4255.953986
0.27590,1,-9381.074761,2818.058655,6372.977956,-9381.074761,2818.058655,6372.977956
0.27600,1,-6056.920472,1842.287659,4412.795524,-6056.920472,1842.287659,4412.795524
0.27610,1,-8262.309990,1719.872708,6419.876488,-8262.309990,1719.872708,6419.876488
0.27620,1,-7510.609849,2155.266581,5353.374113,-7510.609849,2155.266581,5353.374113
0.27630,1,-6837.947046,916.946379,6044.734922,-6837.947046,916.946379,6044.734922
0.27640,1,-8058.400741,1329.015874,6541.095287,-8058.400741,1329.015874,6541.095287
0.27650,1,-6507.453853,960.155543,5717.290574,-6507.453853,960.155543,5717.290574
0.27660,1,-7717.653067,739.012533,6903.820956,-7717.653067,739.012533,6903.820956
0.27670,1,-6407.317863,139.977252,6213.194036,-6407.317863,139.977252,6213.194036
0.27680,1,-7540.063247,566.068212,7137.458555,-7540.063247,566.068212,7137.458555
0.27690,1,-6112.039430,-492.707115,6400.567249,-6112.039430,-492.707115,6400.567249
0.27700,1,-7116.988287,79.521155,7198.438698,-7116.988287,79.521155,7198.438698
0.27710,1,-6487.108611,-685.805481,7122.434359,-6487.108611,-685.805481,7122.434359
0.27720,1,-5792.583553,-1202.224837,6916.977470,-5792.583553,-1202.224837,6916.977470
0.27730,1,-7360.392281,-286.223953,7817.791096,-7360.392281,-286.223953,7817.791096
0.27740,1,-4737.390940,-1987.875007,6537.247873,-4737.390940,-1987.875007,6537.247873
0.27750,1,-6965.397476,-1265.730889,8355.148308,-6965.397476,-1265.730889,8355.148308
0.27760,1,-5257.942561,-1637.510261,6889.818133,-5257.942561,-1637.510261,6889.818133
0.27770,1,-5355.406729,-2414.317593,7656.470477,-5355.406729,-2414.317593,7656.470477
0.27780,1,-6174.775886,-1694.419923,8051.942455,-6174.775886,-1694.419923,8051.942455
0.27790,1,-4165.181982,-3125.285897,7120.190556,-4165.181982,-3125.285897,7120.190556
0.27800,1,-6107.502702,-2356.306480,8546.537606,-6107.502702,-2356.306480,8546.537606
0.27810,1,-3873.478475,-3032.651198,6950.872022,-3873.478475,-3032.651198,6950.872022
0.27820,1,-5479.775839,-3155.229429,8479.262856,-5479.775839,-3155.229429,8479.262856
0.27830,1,-3617.536953,-3672.349434,7494.945162,-3617.536953,-3672.349434,7494.945162
0.27840,1,-4997.893072,-3257.644710,8085.622301,-4997.893072,-3257.644710,8085.622301
0.27850,1,-3495.096492,-4109.672318,7672.587558,-3495.096492,-4109.672318,7672.587558
0.27860,1,-3813.402148,-4096.287827,7968.910404,-3813.402148,-4096.287827,7968.910404
0.27870,1,-4252.333305,-4027.918338,8125.569043,-4252.333305,-4027.918338,8125.569043
0.27880,1,-2075.687444,-5013.177510,7268.858530,-2075.687444,-5013.177510,7268.858530
0.27890,1,-4755.646768,-3954.267690,8587.015635,-4755.646768,-3954.267690,8587.015635
0.27900,1,-1397.543627,-5573.521762,6981.815965,-1397.543627,-5573.521762,6981.815965
0.27910,1,-3640.110993,-4811.619316,8561.263573,-3640.110993,-4811.619316,8561.263573
0.27920,1,-2253.909051,-5099.576857,7169.883799,-2253.909051,-5099.576857,7169.883799
0.27930,1,-1705.470097,-5775.167039,7661.855237,-1705.470097,-5775.167039,7661.855237
0.27940,1,-2819.220744,-5355.656105,8073.801010,-2819.220744,-5355.656105,8073.801010
0.27950,1,-860.068578,-6029.955663,6869.443174,-860.068578,-6029.955663,6869.443174
0.27960,1,-2170.249401,-5767.102193,8071.128527,-2170.249401,-5767.102193,8071.128527
0.27970,1,-743.998393,-6219.373866,6775.169895,-743.998393,-6219.373866,6775.169895
0.27980,1,-1367.107540,-6231.541840,7761.627010,-1367.107540,-6231.541840,7761.627010
0.27990,1,-414.256679,-6562.127256,6908.962308,-414.256679,-6562.127256,6908.962308
0.28000,1,-769.486179,-6350.175842,7064.756880,-769.486179,-6350.175842,7064.756880
0.28010,1,-217.021319,-6710.539064,7080.704962,-217.021319,-6710.539064,7080.704962
0.28020,1,435.319108,-7198.326414,6580.123096,435.319108,-7198.326414,6580.123096
0.28030,1,-771.097151,-6308.316429,7212.757001,-771.097151,-6308.316429,7212.757001
0.28040,1,1905.232919,-7685.782558,5756.784255,1905.232919,-7685.782558,5756.784255
0.28050,1,-680.154258,-6708.967818,7292.293001,-680.154258,-6708.967818,7292.293001
0.28060,1,1979.436212,-7455.147692,5654.649374,1979.436212,-7455.147692,5654.649374
0.28070,1,950.775063,-7548.796374,6412.290094,950.775063,-7548.796374,6412.290094
0.28080,1,975.918896,-6871.760349,6012.805541,975.918896,-6871.760349,6012.805541
0.28090,1,2796.585631,-8202.302969,5404.889550,2796.585631,-8202.302969,5404.889550
0.28100,1,660.085960,-7100.876250,6330.639486,660.085960,-7100.876250,6330.639486
0.28110,1,3363.521254,-7914.782140,4721.177359,3363.521254,-7914.782140,4721.177359
0.28120,1,1560.051101,-7494.441183,5783.824604,1560.051101,-7494.441183,5783.824604
0.28130,1,3270.800531,-8037.398110,4829.036653,3270.800531,-8037.398110,4829.036653
0.28140,1,2488.664471,-7488.574546,5058.450266,2488.664471,-7488.574546,5058.450266
0.28150,1,3351.603686,-8117.323569,4607.478501,3351.603686,-8117.323569,4607.478501
0.28160,1,3403.265623,-7619.555617,4412.048963,3403.265623,-7619.555617,4412.048963
0.28170,1,3133.420425,-7913.890864,4627.653311,3133.420425,-7913.890864,4627.653311
0.28180,1,4703.506442,-8208.413991,3554.580628,4703.506442,-8208.413991,3554.580628
0.28190,1,2713.242014,-7223.455353,4582.052721,2713.242014,-7223.455353,4582.052721
0.28200,1,5634.382385,-8553.767326,2761.152504,5634.382385,-8553.767326,2761.152504
0.28210,1,3301.612017,-7459.012568,4332.910119,3301.612017,-7459.012568,4332.910119
0.28220,1,5141.850827,-7904.747311,2647.319582,5141.850827,-7904.747311,2647.319582
0.28230,1,5036.262732,-7999.757403,2971.235426,5036.262732,-7999.757403,2971.235426
0.28240,1,4259.981031,-7411.407098,3253.593163,4259.981031,-7411.407098,3253.593163
0.28250,1,6228.176409,-8133.558391,1741.919967,6228.176409,-8133.558391,1741.919967
0.28260,1,4431.466162,-7428.565203,3147.683986,4431.466162,-7428.565203,3147.683986
0.28270,1,6289.892844,-7588.647168,1232.812625,6289.892844,-7588.647168,1232.812625
0.28280,1,5313.411292,-7730.715261,2364.266129,5313.411292,-7730.715261,2364.266129
0.28290,1,6142.633487,-7325.206671,1340.741684,6142.633487,-7325.206671,1340.741684
0.28300,1,5966.759345,-7477.610158,1307.769086,5966.759345,-7477.610158,1307.769086
0.28310,1,6176.765310,-7136.320913,1130.786641,6176.765310,-7136.320913,1130.786641
0.28320,1,6730.956122,-7527.213275,721.507444,6730.956122,-7527.213275,721.507444
0.28330,1,5742.642789,-6641.827520,856.424622,5742.642789,-6641.827520,856.424622
0.28340,1,7821.976492,-7539.270178,-149.495294,7821.976492,-7539.270178,-149.495294
0.28350,1,5466.327380,-6268.034304,645.109515,5466.327380,-6268.034304,645.109515
0.28360,1,8015.533310,-7238.973714,-670.279289,8015.533310,-7238.973714,-670.279289
0.28370,1,6494.210239,-6447.562855,-50.233247,6494.210239,-6447.562855,-50.233247
0.28380,1,6887.281093,-6255.759047,-734.894306,6887.281093,-6255.759047,-734.894306
0.28390,1,8193.807614,-6761.290040,-1263.872616,8193.807614,-6761.290040,-1263.872616
0.28400,1,5979.173128,-5755.208970,-384.111030,5979.173128,-5755.208970,-384.111030
0.28410,1,8759.010635,-6371.237849,-2306.157967,8759.010635,-6371.237849,-2306.157967
0.28420,1,6475.225458,-5580.218557,-857.864952,6475.225458,-5580.218557,-857.864952
0.28430,1,8180.292938,-5900.843415,-2424.373352,8180.292938,-5900.843415,-2424.373352
0.28440,1,7381.840190,-5374.707405,-1807.879682,7381.840190,-5374.707405,-1807.879682
0.28450,1,7730.194938,-5494.852278,-2411.749254,7730.194938,-5494.852278,-2411.749254
0.28460,1,7851.826861,-4958.858571,-2803.357222,7851.826861,-4958.858571,-2803.357222
0.28470,1,7527.495339,-5077.353112,-2425.210395,7527.495339,-5077.353112,-2425.210395
0.28480,1,8342.589724,-4905.734545,-3552.447542,8342.589724,-4905.734545,-3552.447542
0.28490,1,7014.163229,-4197.666367,-2670.804187,7014.163229,-4197.666367,-2670.804187
0.28500,1,8942.491747,-4785.236490,-4258.355343,8942.491747,-4785.236490,-4258.355343
0.28510,1,6855.530908,-3892.649861,-2958.554249,6855.530908,-3892.649861,-2958.554249
0.28520,1,8533.638508,-3960.030985,-4470.176480,8533.638508,-3960.030985,-4470.176480
0.28530,1,7874.017986,-4009.729114,-4036.294419,7874.017986,-4009.729114,-4036.294419
0.28540,1,7205.844867,-2956.743754,-4077.048441,7205.844867,-2956.743754,-4077.048441
0.28550,1,9019.473721,-3950.793310,-5168.250384,9019.473721,-3950.793310,-5168.250384
0.28560,1,6508.654269,-2551.031720,-3971.870295,6508.654269,-2551.031720,-3971.870295
0.28570,1,8908.045845,-3024.156779,-5759.331472,8908.045845,-3024.156779,-5759.331472
0.28580,1,7049.675755,-2632.285956,-4601.371698,7049.675755,-2632.285956,-4601.371698
0.28590,1,7954.740003,-2238.147598,-5545.565155,7954.740003,-2238.147598,-5545.565155
0.28600,1,7728.231305,-2258.850383,-5560.439105,7728.231305,-2258.850383,-5560.439105
0.28610,1,7274.880706,-1740.931059,-5551.973470,7274.880706,-1740.931059,-5551.973470
0.28620,1,7982.970061,-1804.131864,-6068.505563,7982.970061,-1804.131864,-6068.505563
0.28630,1,6744.291331,-1179.038168,-5708.903443,6744.291331,-1179.038168,-5708.903443
0.28640,1,8251.693744,-1535.074607,-6610.927619,8251.693744,-1535.074607,-6610.927619
0.28650,1,6158.854359,-330.927195,-5839.090991,6158.854359,-330.927195,-5839.090991
0.28660,1,8180.646614,-1259.727073,-7017.461068,8180.646614,-1259.727073,-7017.461068
0.28670,1,6280.007315,-1.644374,-6106.116768,6280.007315,-1.644374,-6106.116768
0.28680,1,7081.471927,-208.921181,-7052.886668,7081.471927,-208.921181,-7052.886668
0.28690,1,7284.959656,-192.190719,-6974.558448,7284.959656,-192.190719,-6974.558448
0.28700,1,5649.107491,808.040026,-6466.379661,5649.107491,808.040026,-6466.379661
0.28710,1,7723.111494,45.399018,-7867.736186,7723.111494,45.399018,-7867.736186
0.28720,1,5362.587575,1250.180948,-6448.482940,5362.587575,1250.180948,-6448.482940
0.28730,1,6797.544636,933.908839,-7889.269585,6797.544636,933.908839,-7889.269585
0.28740,1,5971.852658,1214.081564,-7099.383326,5971.852658,1214.081564,-7099.383326
0.28750,1,5652.082275,1791.530397,-7424.534453,5652.082275,1791.530397,-7424.534453
0.28760,1,6246.308803,1546.227405,-7902.557569,6246.308803,1546.227405,-7902.557569
0.28770,1,4981.024930,2326.732571,-7159.844054,4981.024930,2326.732571,-7159.844054
0.28780,1,6049.558056,1947.191770,-8110.202307,6049.558056,1947.191770,-8110.202307
0.28790,1,4449.929397,2924.892557,-7352.032540,4449.929397,2924.892557,-7352.032540
0.28800,1,5949.792379,2307.209689,-8169.386630,5949.792379,2307.209689,-8169.386630
0.28810,1,3870.094290,3419.320325,-7458.003944,3870.094290,3419.320325,-7458.003944
0.28820,1,5337.002062,2922.267002,-8071.741282,5337.002062,2922.267002,-8071.741282
0.28830,1,4291.084595,3439.702255,-7865.019517,4291.084595,3439.702255,-7865.019517
0.28840,1,3661.235329,4008.668312,-7636.561182,3661.235329,4008.668312,-7636.561182
0.28850,1,5210.660373,3284.843220,-8421.023838,5210.660373,3284.843220,-8421.023838
0.28860,1,2203.880383,4751.728553,-7097.553948,2203.880383,4751.728553,-7097.553948
0.28870,1,5168.875113,3744.514380,-8769.807980,5168.875113,3744.514380,-8769.807980
0.28880,1,2158.561016,4890.088849,-7127.114728,2158.561016,4890.088849,-7127.114728
0.28890,1,3709.411892,4524.314731,-8255.116547,3709.411892,4524.314731,-8255.116547
0.28900,1,2884.753167,4944.895950,-7716.581049,2884.753167,4944.895950,-7716.581049
0.28910,1,2335.708784,5114.257027,-7603.153430,2335.708784,5114.257027,-7603.153430
0.28920,1,2917.213906,5286.334905,-8078.807685,2917.213906,5286.334905,-8078.807685
0.28930,1,1638.278951,5490.240719,-7164.805522,1638.278951,5490.240719,-7164.805522
0.28940,1,2556.683127,5515.962801,-8146.266675,2556.683127,5515.962801,-8146.266675
0.28950,1,1091.117205,6068.135116,-6998.118879,1091.117205,6068.135116,-6998.118879
0.28960,1,2085.248699,5697.879135,-7970.931123,2085.248699,5697.879135,-7970.931123
0.28970,1,714.615840,6307.814615,-6877.278150,714.615840,6307.814615,-6877.278150
0.28980,1,1197.963117,6362.986729,-7611.019009,1197.963117,6362.986729,-7611.019009
0.28990,1,1034.527751,6055.635361,-7144.600642,1034.527751,6055.635361,-7144.600642
0.29000,1,-370.657100,7252.890106,-6756.302340,-370.657100,7252.890106,-6756.302340
0.29010,1,1450.490665,5909.710274,-7492.857335,1450.490665,5909.710274,-7492.857335
0.29020,1,-1228.775587,7533.678330,-6229.659792,-1228.775587,7533.678330,-6229.659792
0.29030,1,653.810241,6572.416167,-7204.386958,653.810241,6572.416167,-7204.386958
0.29040,1,-902.211908,7126.584707,-6337.201366,-902.211908,7126.584707,-6337.201366
0.29050,1,-929.241944,7383.117014,-6295.264695,-929.241944,7383.117014,-6295.264695
0.29060,1,-318.685806,6938.462726,-6755.270670,-318.685806,6938.462726,-6755.270670
0.29070,1,-2206.237499,7766.791785,-5506.992453,-2206.237499,7766.791785,-5506.992453
0.29080,1,-451.339060,7077.813378,-6570.689656,-451.339060,7077.813378,-6570.689656
0.29090,1,-2751.362825,7907.218817,-5301.043561,-2751.362825,7907.218817,-5301.043561
0.29100,1,-952.488732,7192.721435,-6060.456252,-952.488732,7192.721435,-6060.456252
0.29110,1,-3171.179063,8160.153147,-5132.918119,-3171.179063,8160.153147,-5132.918119
0.29120,1,-1703.986957,7238.882609,-5478.828308,-1703.986957,7238.882609,-5478.828308
0.29130,1,-3024.073786,8106.613081,-5034.904802,-3024.073786,8106.613081,-5034.904802
0.29140,1,-3091.786189,7749.429615,-4778.255945,-3091.786189,7749.429615,-4778.255945
0.29150,1,-2426.640683,7636.151653,-5075.386660,-2426.640683,7636.151653,-5075.386660
0.29160,1,-4512.050922,8273.729049,-3843.057768,-4512.050922,8273.729049,-3843.057768
0.29170,1,-2295.636616,7425.475963,-5141.393712,-2295.636616,7425.475963,-5141.393712
0.29180,1,-4875.920309,8257.694565,-3276.524821,-4875.920309,8257.694565,-3276.524821
0.29190,1,-3489.025764,7769.653734,-4436.506611,-3489.025764,7769.653734,-4436.506611
0.29200,1,-4194.157008,7768.810178,-3432.379371,-4194.157008,7768.810178,-3432.379371
0.29210,1,-4919.156352,8154.944004,-3302.717729,-4919.156352,8154.944004,-3302.717729
0.29220,1,-3929.442587,7543.869501,-3651.372379,-3929.442587,7543.869501,-3651.372379
0.29230,1,-5645.383459,8115.304842,-2342.073348,-5645.383459,8115.304842,-2342.073348
0.29240,1,-4288.928504,7523.635280,-3400.382826,-4288.928504,7523.635280,-3400.382826
0.29250,1,-5858.776707,7980.188532,-1984.369652,-5858.776707,7980.188532,-1984.369652
0.29260,1,-4887.861335,7504.812757,-2669.765870,-4887.861335,7504.812757,-2669.765870
0.29270,1,-6010.105686,7729.520154,-1767.932803,-6010.105686,7729.520154,-1767.932803
0.29280,1,-5560.268277,7609.790153,-1923.948540,-5560.268277,7609.790153,-1923.948540
0.29290,1,-5716.711624,7212.931200,-1639.946533,-5716.711624,7212.931200,-1639.946533
0.29300,1,-6813.687610,7940.997998,-1029.266937,-6813.687610,7940.997998,-1029.266937
0.29310,1,-5113.303542,6599.745765,-1493.576743,-5113.303542,6599.745765,-1493.576743
0.29320,1,-7713.163493,7919.681619,-293.386048,-7713.163493,7919.681619,-293.386048
0.29330,1,-5374.385350,6580.300915,-1061.238447,-5374.385350,6580.300915,-1061.238447
0.29340,1,-7444.992348,7247.813080,58.492588,-7444.992348,7247.813080,58.492588
0.29350,1,-6661.288151,6903.654305,-169.391595,-6661.288151,6903.654305,-169.391595
0.29360,1,-6446.306677,6519.322561,-46.406656,-6446.306677,6519.322561,-46.406656
0.29370,1,-7912.263088,6982.082284,814.706984,-7912.263088,6982.082284,814.706984
0.29380,1,-6164.170132,6125.377229,196.396555,-6164.170132,6125.377229,196.396555
0.29390,1,-8194.065964,6654.700575,1406.469063,-8194.065964,6654.700575,1406.469063
0.29400,1,-6570.021015,5850.224224,773.670956,-6570.021015,5850.224224,773.670956
0.29410,1,-8024.505157,6433.843196,1638.551469,-8024.505157,6433.843196,1638.551469
0.29420,1,-7174.605153,5427.097327,1620.249918,-7174.605153,5427.097327,1620.249918
0.29430,1,-7673.907811,6062.688795,1764.262648,-7673.907811,6062.688795,1764.262648
0.29440,1,-7887.519328,5329.551151,2444.758131,-7887.519328,5329.551151,2444.758131
0.29450,1,-7106.664117,5316.645677,1818.057892,-7106.664117,5316.645677,1818.057892
0.29460,1,-8721.545446,5441.949879,3346.452397,-8721.545446,5441.949879,3346.452397
0.29470,1,-6657.766738,4546.987491,1982.935085,-6657.766738,4546.987491,1982.935085
0.29480,1,-8914.628061,5117.629045,3927.212022,-8914.628061,5117.629045,3927.212022
0.29490,1,-7183.355077,4437.246463,2675.428625,-7183.355077,4437.246463,2675.428625
0.29500,1,-8060.725928,4162.906994,3874.698238,-8060.725928,4162.906994,3874.698238
0.29510,1,-8248.803455,4631.209620,3730.293418,-8248.803455,4631.209620,3730.293418
0.29520,1,-7143.816170,3360.508043,3626.134407,-7143.816170,3360.508043,3626.134407
0.29530,1,-8878.709203,4266.935359,4750.739104,-8878.709203,4266.935359,4750.739104
0.29540,1,-6925.423686,3046.842905,3815.383970,-6925.423686,3046.842905,3815.383970
0.29550,1,-8669.959973,3515.926724,5117.594812,-8669.959973,3515.926724,5117.594812
0.29560,1,-7235.151582,2926.561870,4428.904191,-7235.151582,2926.561870,4428.904191
0.29570,1,-8202.422451,2833.201278,5217.458201,-8202.422451,2833.201278,5217.458201
0.29580,1,-7612.887465,2635.274110,5098.489000,-7612.887465,2635.274110,5098.489000
0.29590,1,-7517.991559,2200.463587,5277.021546,-7517.991559,2200.463587,5277.021546
0.29600,1,-8243.392796,2509.663688,5682.445571,-8243.392796,2509.663688,5682.445571
0.29610,1,-6647.313967,1266.022234,5497.132453,-6647.313967,1266.022234,5497.132453
0.29620,1,-8650.633723,2327.732178,6200.411434,-8650.633723,2327.732178,6200.411434
0.29630,1,-6285.705992,593.986453,5761.577285,-6285.705992,593.986453,5761.577285
0.29640,1,-8144.849909,1714.033013,6452.514743,-8144.849909,1714.033013,6452.514743
0.29650,1,-6953.041873,522.565224,6319.705258,-6953.041873,522.565224,6319.705258
0.29660,1,-6800.046230,653.661712,6307.258816,-6800.046230,653.661712,6307.258816
0.29670,1,-7859.010403,679.905254,7031.101217,-7859.010403,679.905254,7031.101217
0.29680,1,-5891.584679,-204.954205,6175.591517,-5891.584679,-204.954205,6175.591517
0.29690,1,-7728.396213,149.076869,7598.643183,-7728.396213,149.076869,7598.643183
0.29700,1,-5860.728343,-616.412159,6373.067725,-5860.728343,-616.412159,6373.067725
0.29710,1,-6985.634516,-449.949134,7577.938985,-6985.634516,-449.949134,7577.938985
0.29720,1,-6200.810790,-896.106914,6979.455252,-6200.810790,-896.106914,6979.455252
0.29730,1,-6137.660081,-1151.187837,7332.836752,-6137.660081,-1151.187837,7332.836752
0.29740,1,-6378.211933,-1187.562179,7612.486981,-6378.211933,-1187.562179,7612.486981
0.29750,1,-5381.634675,-1810.209147,7079.822963,-5381.634675,-1810.209147,7079.822963
0.29760,1,-6578.647639,-1379.126347,8082.343066,-6578.647639,-1379.126347,8082.343066
0.29770,1,-4478.467059,-2693.486429,7096.043894,-4478.467059,-2693.486429,7096.043894
0.29780,1,-6490.690437,-1686.445349,8165.369052,-6490.690437,-1686.445349,8165.369052
0.29790,1,-4355.962806,-2913.797039,7373.102853,-4355.962806,-2913.797039,7373.102853
0.29800,1,-5434.509466,-2689.131349,7965.849508,-5434.509466,-2689.131349,7965.849508
0.29810,1,-4983.423364,-2759.470427,7896.826205,-4983.423364,-2759.470427,7896.826205
0.29820,1,-3906.586557,-3732.075942,7547.280643,-3906.586557,-3732.075942,7547.280643
0.29830,1,-5548.926403,-2768.154983,8315.856568,-5548.926403,-2768.154983,8315.856568
0.29840,1,-3010.262697,-4313.014418,7409.989277,-3010.262697,-4313.014418,7409.989277
0.29850,1,-5017.532434,-3438.502806,8328.799869,-5017.532434,-3438.502806,8328.799869
0.29860,1,-3101.976298,-4368.845937,7579.443840,-3101.976298,-4368.845937,7579.443840
0.29870,1,-3946.527367,-4096.954283,8005.236028,-3946.527367,-4096.954283,8005.236028
0.29880,1,-3314.699656,-4695.264251,7959.822449,-3314.699656,-4695.264251,7959.822449
0.29890,1,-2821.112570,-4632.384609,7572.645253,-2821.112570,-4632.384609,7572.645253
0.29900,1,-3475.455796,-4861.643211,8201.338258,-3475.455796,-4861.643211,8201.338258
0.29910,1,-1891.135665,-5282.783516,7267.582511,-1891.135665,-5282.783516,7267.582511
0.29920,1,-3342.363640,-4971.647955,8306.215114,-3342.363640,-4971.647955,8306.215114
0.29930,1,-1227.676333,-5923.050977,7066.729109,-1227.676333,-5923.050977,7066.729109
0.29940,1,-2741.002791,-5212.341914,8098.742104,-2741.002791,-5212.341914,8098.742104
0.29950,1,-1358.244516,-6004.750669,7213.914665,-1358.244516,-6004.750669,7213.914665
0.29960,1,-1290.091179,-6165.754827,7552.377870,-1290.091179,-6165.754827,7552.377870
0.29970,1,-1851.344182,-5666.377584,7508.531101,-1851.344182,-5666.377584,7508.531101
0.29980,1,-62.775743,-6907.132623,6897.167800,-62.775743,-6907.132623,6897.167800
0.29990,1,-1757.745681,-5821.979381,7695.482751,-1757.745681,-5821.979381,7695.482751
0.30000,1,436.109655,-7085.890089,6550.432268,436.109655,-7085.890089,6550.432268
